thread_id;citation;status
thread_hJMqlOUOy1Scf1i9ZJKOAFJT;Costello, E. J., Egger, H., & Angold, A. (2005). 10-year research update review: The epidemiology of child and adolescent psychiatric disorders: I. Methods and public health burden. *Journal of the American Academy of Child & Adolescent Psychiatry, 44*(10), 972–986. https://doi.org/10.1097/01.chi.0000172552.41596.6f;valid
thread_hJMqlOUOy1Scf1i9ZJKOAFJT;Merikangas, K. R., He, J., Burstein, M., Swanson, S. A., Avenevoli, S., Cui, L., Benjet, C., Georgiades, K., & Swendsen, J. (2010). Lifetime prevalence of mental disorders in U.S. adolescents: Results from the National Comorbidity Survey Replication-Adolescent Supplement (NCS-A). *Journal of the American Academy of Child & Adolescent Psychiatry, 49*(10), 980–989. https://doi.org/10.1016/j.jaac.2010.05.017;valid
thread_hJMqlOUOy1Scf1i9ZJKOAFJT;"Beesdo-Baum, K., Knappe, S., Asselmann, E., Zimmermann, P., Bruckl, T., Höfler, M., & Wittchen, H.-U. (2015). The ""early developmental"" and ""late developmental"" pathways to generalized anxiety disorder: A retrospective-longitudinal community study. *Psychological Medicine, 45*(3), 637–648. https://doi.org/10.1017/S0033291714001766";not_found
thread_hJMqlOUOy1Scf1i9ZJKOAFJT;Lewinsohn, P. M., Rohde, P., Klein, D. N., & Seeley, J. R. (1999). Natural course of adolescent major depressive disorder: I. Continuity into young adulthood. *Journal of the American Academy of Child & Adolescent Psychiatry, 38*(1), 56–63. https://doi.org/10.1097/00004583-199901000-00020;valid
thread_hJMqlOUOy1Scf1i9ZJKOAFJT;Bor, W., Dean, A. J., Najman, J., & Hayatbakhsh, R. (2014). Are child and adolescent mental health problems increasing in the 21st century? A systematic review. *Australian & New Zealand Journal of Psychiatry, 48*(7), 606–616. https://doi.org/10.1177/0004867414533834;valid
thread_osL5nWbZ8LJ4E5Sm5sSuOApm;Costello, E. J., Mustillo, S., Erkanli, A., Keeler, G., & Angold, A. (2003). Prevalence and development of psychiatric disorders in childhood and adolescence. *Archives of General Psychiatry, 60*(8), 837-844. https://doi.org/10.1001/archpsyc.60.8.837;valid
thread_osL5nWbZ8LJ4E5Sm5sSuOApm;Merikangas, K. R., He, J., Burstein, M., Swendsen, J., Avenevoli, S., Case, B., Georgiades, K., & Olfson, M. (2010). Lifetime prevalence of mental disorders in U.S. adolescents: Results from the National Comorbidity Survey Replication–Adolescent Supplement (NCS-A). *Journal of the American Academy of Child & Adolescent Psychiatry, 49*(10), 980-989. https://doi.org/10.1016/j.jaac.2010.05.017;valid
thread_osL5nWbZ8LJ4E5Sm5sSuOApm;Essau, C. A., Lewinsohn, P. M., Olaya, B., & Seeley, J. R. (2014). Anxiety disorders in adolescents and psychosocial outcomes at age 30. *Journal of Affective Disorders, 163*, 125-132. https://doi.org/10.1016/j.jad.2013.12.033;valid
thread_osL5nWbZ8LJ4E5Sm5sSuOApm;Salk, R. H., Hyde, J. S., & Abramson, L. Y. (2017). Gender differences in depression in adolescence and young adulthood: A meta-analysis. *Journal of Abnormal Psychology, 126*(3), 335-348. https://doi.org/10.1037/abn0000256;metadata_error
thread_osL5nWbZ8LJ4E5Sm5sSuOApm;Twenge, J. M., & Nolen-Hoeksema, S. (2002). Age, gender, race, socioeconomic status, and the prevalence of depression in adolescence. *Journal of Abnormal Psychology, 111*(4), 578-588. https://doi.org/10.1037/0021-843X.111.4.578;valid
thread_zf3b4iUHeMDCU4WV6IYzOh3J;Costello, E. J., Mustillo, S., Erkanli, A., Keeler, G., & Angold, A. (2003). Prevalence and development of psychiatric disorders in childhood and adolescence. *Archives of General Psychiatry, 60*(8), 837-844. https://doi.org/10.1001/archpsyc.60.8.837;valid
thread_zf3b4iUHeMDCU4WV6IYzOh3J;Merikangas, K. R., He, J., Burstein, M., Swendsen, J., Avenevoli, S., Case, B., ... & Olfson, M. (2010). Lifetime prevalence of mental disorders in US adolescents: Results from the National Comorbidity Survey Replication–Adolescent Supplement (NCS-A). *Journal of the American Academy of Child & Adolescent Psychiatry, 49*(10), 980-989. https://doi.org/10.1016/j.jaac.2010.05.017;valid
thread_zf3b4iUHeMDCU4WV6IYzOh3J;Beesdo-Baum, K., Knappe, S., Asselmann, E., Zimmermann, P., Bruckl, T., Höfler, M., ... & Wittchen, H. U. (2015). The natural course of social anxiety disorder among adolescents and young adults. *Acta Psychiatrica Scandinavica, 131*(6), 458-468. https://doi.org/10.1111/acps.12381;metadata_error
thread_zf3b4iUHeMDCU4WV6IYzOh3J;Thapar, A., Collishaw, S., Pine, D. S., & Thapar, A. K. (2012). Depression in adolescence. *The Lancet, 379*(9820), 1056-1067. https://doi.org/10.1016/S0140-6736(11)60871-4;valid
thread_zf3b4iUHeMDCU4WV6IYzOh3J;Nolen-Hoeksema, S. (2001). Gender differences in depression. *Current Directions in Psychological Science, 10*(5), 173-176. https://doi.org/10.1111/1467-8721.00142;valid
thread_ZNLxavGBDyD1c3ZCiWy4DXkP;Bor, W., Dean, A. J., Najman, J., & Hayatbakhsh, R. (2014). Are child and adolescent mental health problems increasing in the 21st century? A systematic review. *Australian & New Zealand Journal of Psychiatry, 48*(7), 606-616. https://doi.org/10.1177/0004867414533834;valid
thread_ZNLxavGBDyD1c3ZCiWy4DXkP;Merikangas, K. R., He, J., Burstein, M., Swendsen, J., Avenevoli, S., Case, B., Georgiades, K., & Olfson, M. (2010). Lifetime prevalence of mental disorders in U.S. adolescents: Results from the National Comorbidity Survey Replication–Adolescent Supplement (NCS-A). *Journal of the American Academy of Child & Adolescent Psychiatry, 49*(10), 980-989. https://doi.org/10.1016/j.jaac.2010.05.017;valid
thread_ZNLxavGBDyD1c3ZCiWy4DXkP;Twenge, J. M., & Nolen-Hoeksema, S. (2002). Age, gender, race, socioeconomic status, and birth cohort differences on the Children's Depression Inventory: A meta-analysis. *Journal of Abnormal Psychology, 111*(4), 578-588. https://doi.org/10.1037/0021-843X.111.4.578;valid
thread_ZNLxavGBDyD1c3ZCiWy4DXkP;Essau, C. A., Lewinsohn, P. M., Seeley, J. R., & Sasagawa, S. (2010). Gender differences in anxiety symptoms and anxiety disorders among adolescents: A prospective study. *Journal of Anxiety Disorders, 24*(7), 799-804. https://doi.org/10.1016/j.janxdis.2010.05.001;metadata_error
thread_ZNLxavGBDyD1c3ZCiWy4DXkP;Avenevoli, S., Knight, E., Kessler, R. C., & Merikangas, K. R. (2008). Epidemiology of depression in children and adolescents. *Handbook of Depression in Children and Adolescents*, 6, 6-32. https://doi.org/10.1007/978-0-387-78219-9_2;not_found
thread_FGMEwmJcdbFtbfpe7ZuXNu2G;Costello, E. J., Erkanli, A., & Angold, A. (2006). Is there an epidemic of child or adolescent depression? *Journal of Child Psychology and Psychiatry*, 47(12), 1263-1271. https://doi.org/10.1111/j.1469-7610.2006.01682.x;valid
thread_FGMEwmJcdbFtbfpe7ZuXNu2G;Merikangas, K. R., Nakamura, E. F., & Kessler, R. C. (2009). Epidemiology of mental disorders in children and adolescents. *Dialogues in Clinical Neuroscience*, 11(1), 7-20.;valid
thread_FGMEwmJcdbFtbfpe7ZuXNu2G;Beesdo, K., Knappe, S., & Pine, D. S. (2009). Anxiety and anxiety disorders in children and adolescents: Developmental issues and implications for DSM-V. *Psychiatric Clinics of North America*, 32(3), 483-524. https://doi.org/10.1016/j.psc.2009.06.002;valid
thread_FGMEwmJcdbFtbfpe7ZuXNu2G;Bor, W., Dean, A. J., Najman, J., & Hayatbakhsh, R. (2014). Are child and adolescent mental health problems increasing in the 21st century? A systematic review. *Australian & New Zealand Journal of Psychiatry*, 48(7), 606-616. https://doi.org/10.1177/0004867414533834;valid
thread_FGMEwmJcdbFtbfpe7ZuXNu2G;Twenge, J. M., & Nolen-Hoeksema, S. (2002). Age, gender, race, socioeconomic status, and birth cohort differences on the Children's Depression Inventory: A meta-analysis. *Journal of Abnormal Psychology*, 111(4), 578-588. https://doi.org/10.1037/0021-843X.111.4.578;valid
thread_UNx0DtfglYHTNWzJwL7ekyRX;Merikangas, K. R., He, J., Burstein, M., Swanson, S. A., Avenevoli, S., Cui, L., Benjet, C., Georgiades, K., & Swendsen, J. (2010). Lifetime prevalence of mental disorders in U.S. adolescents: Results from the National Comorbidity Survey Replication–Adolescent Supplement (NCS-A). *Journal of the American Academy of Child & Adolescent Psychiatry, 49*(10), 980–989. https://doi.org/10.1016/j.jaac.2010.05.017;valid
thread_UNx0DtfglYHTNWzJwL7ekyRX;Beesdo-Baum, K., Knappe, S., & Pine, D. S. (2009). Anxiety and depression in adolescence: A developmental psychopathology perspective. *The Psychiatric Clinics of North America, 32*(3), 483–524. https://doi.org/10.1016/j.psc.2009.06.002;metadata_error
thread_UNx0DtfglYHTNWzJwL7ekyRX;Twenge, J. M., & Nolen-Hoeksema, S. (2002). Age, gender, race, and income differences in depression in a U.S. national sample. *Social Indicators Research, 60*(1-3), 123–140. https://doi.org/10.1023/A:1020777003085;not_found
thread_UNx0DtfglYHTNWzJwL7ekyRX;Essau, C. A., Lewinsohn, P. M., Seeley, J. R., & Sasagawa, S. (2010). Gender differences in the developmental course of depression. *Journal of Affective Disorders, 127*(1-3), 185–190. https://doi.org/10.1016/j.jad.2010.05.016;valid
thread_UNx0DtfglYHTNWzJwL7ekyRX;Costello, E. J., Mustillo, S., Erkanli, A., Keeler, G., & Angold, A. (2003). Prevalence and development of psychiatric disorders in childhood and adolescence. *Archives of General Psychiatry, 60*(8), 837–844. https://doi.org/10.1001/archpsyc.60.8.837;valid
thread_0aMLCxcuk2C2PD7OHvld7HHk;Costello, E. J., Mustillo, S., Erkanli, A., Keeler, G., & Angold, A. (2003). Prevalence and development of psychiatric disorders in childhood and adolescence. *Archives of General Psychiatry, 60*(8), 837-844. https://doi.org/10.1001/archpsyc.60.8.837;valid
thread_0aMLCxcuk2C2PD7OHvld7HHk;Lewinsohn, P. M., Rohde, P., Seeley, J. R., & Fischer, S. A. (1993). Age and gender differences in depression. *Journal of Abnormal Psychology, 102*(1), 110-120. https://doi.org/10.1037/0021-843X.102.1.110;metadata_error
thread_0aMLCxcuk2C2PD7OHvld7HHk;Kann, L., McManus, T., Harris, W. A., et al. (2018). Youth Risk Behavior Surveillance — United States, 2017. *Morbidity and Mortality Weekly Report, 67*(8), 1-114. https://doi.org/10.15585/mmwr.ss6708a1;valid
thread_0aMLCxcuk2C2PD7OHvld7HHk;Merikangas, K. R., Nakamura, E. F., & Kessler, R. C. (2009). Epidemiology of mental disorders in children and adolescents. *Dialogues in Clinical Neuroscience, 11*(1), 7-20.;valid
thread_0aMLCxcuk2C2PD7OHvld7HHk;Twenge, J. M., & Nolen-Hoeksema, S. (2002). Age, gender, race, and depression in childhood and adolescence: A meta-analysis. *Journal of Abnormal Psychology, 111*(4), 578-588. https://doi.org/10.1037/0021-843X.111.4.578;valid
thread_20kKhShbvMswKn4KHypng2mN;Beesdo, K., Knappe, S., & Pine, D. S. (2009). Anxiety and anxiety disorders in children and adolescents: Developmental issues and implications for DSM-V. *Psychiatric Clinics of North America, 32*(3), 483–524. https://doi.org/10.1016/j.psc.2009.06.002;valid
thread_20kKhShbvMswKn4KHypng2mN;Costello, E. J., Egger, H., & Angold, A. (2005). 10-year research update review: The epidemiology of child and adolescent psychiatric disorders: I. Methods and public health burden. *Journal of the American Academy of Child & Adolescent Psychiatry, 44*(10), 972–986. https://doi.org/10.1097/01.chi.0000172552.41596.6f;valid
thread_20kKhShbvMswKn4KHypng2mN;Merikangas, K. R., He, J., Burstein, M., Swendsen, J., Avenevoli, S., Case, B., ... & Olfson, M. (2010). Lifetime prevalence of mental disorders in U.S. adolescents: Results from the National Comorbidity Survey Replication–Adolescent Supplement (NCS-A). *Journal of the American Academy of Child & Adolescent Psychiatry, 49*(10), 980–989. https://doi.org/10.1016/j.jaac.2010.05.017;valid
thread_20kKhShbvMswKn4KHypng2mN;Thapar, A., Collishaw, S., Pine, D. S., & Thapar, A. K. (2012). Depression in adolescence. *The Lancet, 379*(9820), 1056–1067. https://doi.org/10.1016/S0140-6736(11)60871-4;valid
thread_20kKhShbvMswKn4KHypng2mN;Van Oort, F. V. A., Greaves‐Lord, K., Ormel, J., Verhulst, F. C., & Huizink, A. C. (2011). Risk indicators of anxiety throughout adolescence: The TRAILS study. *Journal of the American Academy of Child & Adolescent Psychiatry, 50*(8), 762–771. https://doi.org/10.1016/j.jaac.2011.05.006;metadata_error
thread_bODk6Jl9zF2ds8MRYLL7SXH4;Costello, E. J., Mustillo, S., Erkanli, A., Keeler, G., & Angold, A. (2003). Prevalence of psychiatric disorders in childhood and adolescence. *Journal of the American Academy of Child & Adolescent Psychiatry, 42*(10), 1203-1211. https://doi.org/10.1097/00004583-200310000-00011;metadata_error
thread_bODk6Jl9zF2ds8MRYLL7SXH4;Merikangas, K. R., He, J. P., Burstein, M., Swanson, S. A., Avenevoli, S., Cui, L., Benjet, C., Georgiades, K., & Swendsen, J. (2010). Lifetime prevalence of mental disorders in U.S. adolescents: Results from the National Comorbidity Survey Replication–Adolescent Supplement (NCS-A). *Journal of the American Academy of Child & Adolescent Psychiatry, 49*(10), 980-989. https://doi.org/10.1016/j.jaac.2010.05.017;valid
thread_bODk6Jl9zF2ds8MRYLL7SXH4;Thapar, A., Collishaw, S., Pine, D. S., & Thapar, A. K. (2012). Depression in adolescence. *The Lancet, 379*(9820), 1056-1067. https://doi.org/10.1016/S0140-6736(11)60871-4;valid
thread_bODk6Jl9zF2ds8MRYLL7SXH4;Van Oort, F. V. A., van der Ende, J., Wadsworth, M. E., Verhulst, F. C., & Achenbach, T. M. (2011). Cross-national comparison of the link between socioeconomic status and emotional and behavioral problems in youths. *Social Psychiatry and Psychiatric Epidemiology, 46*(2), 167-172. https://doi.org/10.1007/s00127-010-0191-5;metadata_error
thread_bODk6Jl9zF2ds8MRYLL7SXH4;Bor, W., Dean, A. J., Najman, J., & Hayatbakhsh, R. (2014). Are child and adolescent mental health problems increasing in the 21st century? A systematic review. *Australian & New Zealand Journal of Psychiatry, 48*(7), 606-616. https://doi.org/10.1177/0004867414533834;valid
thread_Ij9dIcCe6MxajNPQaUdrIgwK;Costello, E. J., Mustillo, S., Erkanli, A., Keeler, G., & Angold, A. (2003). Prevalence and development of psychiatric disorders in childhood and adolescence. *Archives of General Psychiatry*, *60*(8), 837-844. https://doi.org/10.1001/archpsyc.60.8.837;valid
thread_Ij9dIcCe6MxajNPQaUdrIgwK;Merikangas, K. R., He, J., Burstein, M., Swanson, S. A., Avenevoli, S., Cui, L., ... & Swendsen, J. (2010). Lifetime prevalence of mental disorders in U.S. adolescents: Results from the National Comorbidity Survey Replication–Adolescent Supplement (NCS-A). *Journal of the American Academy of Child & Adolescent Psychiatry*, *49*(10), 980-989. https://doi.org/10.1016/j.jaac.2010.05.017;valid
thread_Ij9dIcCe6MxajNPQaUdrIgwK;Twenge, J. M., & Nolen-Hoeksema, S. (2002). Age, gender, race, socioeconomic status, and birth cohort differences on the Children's Depression Inventory: A meta-analysis. *Journal of Abnormal Psychology*, *111*(4), 578-588. https://doi.org/10.1037/0021-843X.111.4.578;valid
thread_Ij9dIcCe6MxajNPQaUdrIgwK;Cyranowski, J. M., Frank, E., Young, E., & Shear, M. K. (2000). Adolescent onset of the gender difference in lifetime rates of major depression: A theoretical model. *Psychological Bulletin*, *126*(5), 701-736. https://doi.org/10.1037/0033-2909.126.5.701;not_found
thread_Ij9dIcCe6MxajNPQaUdrIgwK;Beesdo, K., Knappe, S., & Pine, D. S. (2009). Anxiety and anxiety disorders in children and adolescents: Developmental issues and implications for DSM-V. *Psychiatric Clinics of North America*, *32*(3), 483-524. https://doi.org/10.1016/j.psc.2009.06.002;valid
thread_mO2Rnd1k2wW7K9agYFYoyWnh;Costello, E. J., Mustillo, S., Erkanli, A., Keeler, G., & Angold, A. (2003). Prevalence of psychiatric disorders in childhood and adolescence. *Journal of the American Academy of Child & Adolescent Psychiatry, 42*(4), 411-418. https://doi.org/10.1097/01.CHI.0000046809.56986.87;not_found
thread_mO2Rnd1k2wW7K9agYFYoyWnh;Merikangas, K. R., He, J., Burstein, M., Swendsen, J., Avenevoli, S., Case, B., Georgiades, K., & Olfson, M. (2010). Lifetime prevalence of mental disorders in U.S. adolescents: Results from the National Comorbidity Survey Replication–Adolescent Supplement (NCS-A). *Journal of the American Academy of Child & Adolescent Psychiatry, 49*(10), 980-989. https://doi.org/10.1016/j.jaac.2010.05.017;valid
thread_mO2Rnd1k2wW7K9agYFYoyWnh;Twenge, J. M., & Nolen-Hoeksema, S. (2002). Age, gender, race, socioeconomic status, and birth cohort differences on the Children’s Depression Inventory: A meta-analysis. *Journal of Abnormal Psychology, 111*(4), 578-588. https://doi.org/10.1037/0021-843X.111.4.578;valid
thread_mO2Rnd1k2wW7K9agYFYoyWnh;Beesdo-Baum, K., Knappe, S., Fehm, L., Höfler, M., Lieb, R., & Wittchen, H.-U. (2010). The natural course of social anxiety disorder among adolescents and young adults. *Acta Psychiatrica Scandinavica, 121*(2), 109-121. https://doi.org/10.1111/j.1600-0447.2009.01425.x;metadata_error
thread_mO2Rnd1k2wW7K9agYFYoyWnh;Lewinsohn, P. M., Rohde, P., Seeley, J. R., & Baldwin, C. L. (2001). Gender differences in suicide attempts from adolescence to young adulthood. *Journal of the American Academy of Child & Adolescent Psychiatry, 40*(4), 427-434. https://doi.org/10.1097/00004583-200104000-00017;metadata_error
thread_OeMSVeyXhqDQ0iOdYUfXbNlR;Beesdo, K., Knappe, S., & Pine, D. S. (2009). Anxiety and anxiety disorders in children and adolescents: Developmental issues and implications for DSM-V. *Psychiatric Clinics of North America, 32*(3), 483–524. https://doi.org/10.1016/j.psc.2009.06.002;valid
thread_OeMSVeyXhqDQ0iOdYUfXbNlR;Costello, E. J., Mustillo, S., Erkanli, A., Keeler, G., & Angold, A. (2003). Prevalence and development of psychiatric disorders in childhood and adolescence. *Archives of General Psychiatry, 60*(8), 837–844. https://doi.org/10.1001/archpsyc.60.8.837;valid
thread_OeMSVeyXhqDQ0iOdYUfXbNlR;Nolen-Hoeksema, S., & Girgus, J. S. (1994). The emergence of gender differences in depression during adolescence. *Psychological Bulletin, 115*(3), 424–443. https://doi.org/10.1037/0033-2909.115.3.424;valid
thread_OeMSVeyXhqDQ0iOdYUfXbNlR;Merikangas, K. R., He, J., Burstein, M., Swanson, S. A., Avenevoli, S., Cui, L., Benjet, C., Georgiades, K., & Swendsen, J. (2010). Lifetime prevalence of mental disorders in U.S. adolescents: Results from the National Comorbidity Survey Replication–Adolescent Supplement (NCS-A). *Journal of the American Academy of Child & Adolescent Psychiatry, 49*(10), 980–989. https://doi.org/10.1016/j.jaac.2010.05.017;valid
thread_OeMSVeyXhqDQ0iOdYUfXbNlR;Kessler, R. C., Avenevoli, S., & Merikangas, K. R. (2001). Mood disorders in children and adolescents: An epidemiologic perspective. *Biological Psychiatry, 49*(12), 1002–1014. https://doi.org/10.1016/S0006-3223(01)01129-5;valid
thread_mhV4zGGY5gQNuY9I4zZDtGqO;Costello, E. J., Erkanli, A., & Angold, A. (2006). Is there an epidemic of child or adolescent depression? *Journal of Child Psychology and Psychiatry*, 47(12), 1263-1271. https://doi.org/10.1111/j.1469-7610.2006.01682.x;valid
thread_mhV4zGGY5gQNuY9I4zZDtGqO;Merikangas, K. R., He, J., Burstein, M., Swendsen, J., Avenevoli, S., Case, B., Georgiades, K., & Olfson, M. (2010). Lifetime prevalence of mental disorders in U.S. adolescents: Results from the National Comorbidity Survey Replication–Adolescent Supplement (NCS-A). *Journal of the American Academy of Child & Adolescent Psychiatry*, 49(10), 980-989. https://doi.org/10.1016/j.jaac.2010.05.017;valid
thread_mhV4zGGY5gQNuY9I4zZDtGqO;Twenge, J. M., & Nolen-Hoeksema, S. (2002). Age, gender, race, socioeconomic status, and birth cohort differences on the Children's Depression Inventory: A meta-analysis. *Journal of Abnormal Psychology*, 111(4), 578-588. https://doi.org/10.1037/0021-843X.111.4.578;valid
thread_mhV4zGGY5gQNuY9I4zZDtGqO;Beesdo-Baum, K., Knappe, S., Asselmann, E., Zimmermann, P., & Wittchen, H.-U. (2015). The structure of common mental disorders in adolescents: A cross-sectional study. *Child and Adolescent Psychiatry and Mental Health*, 9(1), 1-13. https://doi.org/10.1186/s13034-015-0058-4;not_found
thread_mhV4zGGY5gQNuY9I4zZDtGqO;Thapar, A., Collishaw, S., Pine, D. S., & Thapar, A. K. (2012). Depression in adolescence. *The Lancet*, 379(9820), 1056-1067. https://doi.org/10.1016/S0140-6736(11)60871-4;valid
thread_uD6Oc2vIpPC5b4K2mBc1nfJc;Costello, E. J., Mustillo, S., Erkanli, A., Keeler, G., & Angold, A. (2003). Prevalence and development of psychiatric disorders in childhood and adolescence. *Archives of General Psychiatry*, *60*(8), 837-844. https://doi.org/10.1001/archpsyc.60.8.837;valid
thread_uD6Oc2vIpPC5b4K2mBc1nfJc;Merikangas, K. R., He, J., Brody, D., Fisher, P. W., Bourdon, K., & Koretz, D. S. (2010). Prevalence and treatment of mental disorders among US children in the 2001-2004 NHANES. *Pediatrics*, *125*(1), 75-82. https://doi.org/10.1542/peds.2008-2598;valid
thread_uD6Oc2vIpPC5b4K2mBc1nfJc;Twenge, J. M., & Nolen-Hoeksema, S. (2002). Age, gender, race, socioeconomic status, and birth cohort differences on the Children's Depression Inventory: A meta-analysis. *Journal of Abnormal Psychology*, *111*(4), 578-588. https://doi.org/10.1037/0021-843X.111.4.578;valid
thread_uD6Oc2vIpPC5b4K2mBc1nfJc;Lewinsohn, P. M., Hops, H., Roberts, R. E., Seeley, J. R., & Andrews, J. A. (1993). Adolescent psychopathology: I. Prevalence and incidence of depression and other DSM-III-R disorders in high school students. *Journal of Abnormal Psychology*, *102*(1), 133-144. https://doi.org/10.1037/0021-843X.102.1.133;valid
thread_uD6Oc2vIpPC5b4K2mBc1nfJc;Essau, C. A., Lewinsohn, P. M., Seeley, J. R., & Sasagawa, S. (2010). Gender differences in the developmental course of depression. *Journal of Affective Disorders*, *127*(1-3), 185-190. https://doi.org/10.1016/j.jad.2010.06.010;metadata_error
thread_sSzdu8KWUCZIecGRiyuZPzSy;Merikangas, K. R., Nakamura, E. F., & Kessler, R. C. (2009). Epidemiology of mental disorders in children and adolescents. *Dialogues in Clinical Neuroscience, 11*(1), 7-20.;valid
thread_sSzdu8KWUCZIecGRiyuZPzSy;Costello, E. J., Mustillo, S., Erkanli, A., Keeler, G., & Angold, A. (2003). Prevalence and development of psychiatric disorders in childhood and adolescence. *Archives of General Psychiatry, 60*(8), 837-844. https://doi.org/10.1001/archpsyc.60.8.837;valid
thread_sSzdu8KWUCZIecGRiyuZPzSy;Twenge, J. M., & Nolen-Hoeksema, S. (2002). Age, gender, race, socioeconomic status, and the emergence of depressive symptoms in adolescence: A meta-analytic review. *Journal of Abnormal Psychology, 111*(4), 578-588. https://doi.org/10.1037/0021-843X.111.4.578;valid
thread_sSzdu8KWUCZIecGRiyuZPzSy;Salk, R. H., Hyde, J. S., & Abramson, L. Y. (2017). Gender differences in depression in representative national samples: Meta-analyses of diagnoses and symptoms. *Psychological Bulletin, 143*(8), 783-822. https://doi.org/10.1037/bul0000102;valid
thread_sSzdu8KWUCZIecGRiyuZPzSy;Avenevoli, S., Swendsen, J., He, J. P., Burstein, M., & Merikangas, K. R. (2015). Major depression in the National Comorbidity Survey–Adolescent Supplement: Prevalence, correlates, and treatment. *Journal of the American Academy of Child & Adolescent Psychiatry, 54*(1), 37-44.e2. https://doi.org/10.1016/j.jaac.2014.10.010;valid
thread_jd3Ru7UvtbrmwwzxJvbcp3ga;Costello, E. J., Mustillo, S., Erkanli, A., Keeler, G., & Angold, A. (2003). Prevalence and development of psychiatric disorders in childhood and adolescence. Archives of General Psychiatry, 60(8), 837–844. https://doi.org/10.1001/archpsyc.60.8.837;valid
thread_jd3Ru7UvtbrmwwzxJvbcp3ga;Merikangas, K. R., He, J., Burstein, M., Swanson, S. A., Avenevoli, S., Cui, L., Benjet, C., Georgiades, K., & Swendsen, J. (2010). Lifetime prevalence of mental disorders in U.S. adolescents: Results from the National Comorbidity Survey Replication–Adolescent Supplement (NCS-A). Journal of the American Academy of Child & Adolescent Psychiatry, 49(10), 980–989. https://doi.org/10.1016/j.jaac.2010.05.017;valid
thread_jd3Ru7UvtbrmwwzxJvbcp3ga;Salk, R. H., Hyde, J. S., & Abramson, L. Y. (2017). Gender differences in depression in representative national samples: Meta-analyses of diagnoses and symptoms. Psychological Bulletin, 143(8), 783–822. https://doi.org/10.1037/bul0000102;valid
thread_jd3Ru7UvtbrmwwzxJvbcp3ga;Twenge, J. M., & Nolen-Hoeksema, S. (2002). Age, gender, race, socioeconomic status, and the emergence of depressive symptoms in adolescence. Journal of Clinical Psychology, 58(11), 1301–1312. https://doi.org/10.1002/jclp.10074;metadata_error
thread_jd3Ru7UvtbrmwwzxJvbcp3ga;Beesdo-Baum, K., Knappe, S., Asselmann, E., Zimmermann, P., Höfler, M., Lieb, R., & Wittchen, H. U. (2015). The structure of common mental disorders in adolescents: A latent class analysis. Journal of Child Psychology and Psychiatry, 56(7), 791–800. https://doi.org/10.1111/jcpp.12329;metadata_error
thread_rCsckTuskUTKBQfQpr9rwnsi;Costello, E. J., Mustillo, S., Erkanli, A., Keeler, G., & Angold, A. (2003). Prevalence and development of psychiatric disorders in childhood and adolescence. *Archives of General Psychiatry, 60*(8), 837-844. https://doi.org/10.1001/archpsyc.60.8.837;valid
thread_rCsckTuskUTKBQfQpr9rwnsi;Merikangas, K. R., He, J., Burstein, M., Swanson, S. A., Avenevoli, S., Cui, L., Benjet, C., Georgiades, K., & Swendsen, J. (2010). Lifetime prevalence of mental disorders in U.S. adolescents: Results from the National Comorbidity Survey Replication–Adolescent Supplement (NCS-A). *Journal of the American Academy of Child & Adolescent Psychiatry, 49*(10), 980-989. https://doi.org/10.1016/j.jaac.2010.05.017;valid
thread_rCsckTuskUTKBQfQpr9rwnsi;Twenge, J. M., & Nolen-Hoeksema, S. (2002). Age, gender, race, socioeconomic status, and the prevalence of depression in adolescence. *Journal of Abnormal Psychology, 111*(4), 578-588. https://doi.org/10.1037//0021-843x.111.4.578;valid
thread_rCsckTuskUTKBQfQpr9rwnsi;Beesdo, K., Knappe, S., & Pine, D. S. (2009). Anxiety and anxiety disorders in children and adolescents: Developmental issues and implications for DSM-V. *Psychiatric Clinics of North America, 32*(3), 483-524. https://doi.org/10.1016/j.psc.2009.06.002;valid
thread_rCsckTuskUTKBQfQpr9rwnsi;Angold, A., Erkanli, A., Farmer, E. M., Fairbank, J. A., & Burns, B. J. (2002). Psychiatric disorder, impairment, and service use in rural African American and White youth. *Archives of General Psychiatry, 59*(10), 893-901. https://doi.org/10.1001/archpsyc.59.10.893;valid
thread_1QMBi8PoMcq4LFA3Rgvd2kwK;Costello, E. J., Mustillo, S., Erkanli, A., Keeler, G., & Angold, A. (2003). Prevalence and development of psychiatric disorders in childhood and adolescence. *Archives of General Psychiatry*, *60*(8), 837-844. https://doi.org/10.1001/archpsyc.60.8.837;valid
thread_1QMBi8PoMcq4LFA3Rgvd2kwK;Merikangas, K. R., He, J., Burstein, M., Swanson, S. A., Avenevoli, S., Cui, L., Benjet, C., Georgiades, K., & Swendsen, J. (2010). Lifetime prevalence of mental disorders in US adolescents: Results from the National Comorbidity Survey Replication–Adolescent Supplement (NCS-A). *Journal of the American Academy of Child & Adolescent Psychiatry*, *49*(10), 980-989. https://doi.org/10.1016/j.jaac.2010.05.017;valid
thread_1QMBi8PoMcq4LFA3Rgvd2kwK;Twenge, J. M., & Nolen-Hoeksema, S. (2002). Age, gender, race, socioeconomic status, and the emergence of depressive symptoms in adolescence: A meta-analysis. *Journal of Clinical Child and Adolescent Psychology*, *31*(3), 299-312. https://doi.org/10.1207/S15374424JCCP3103_2;not_found
thread_1QMBi8PoMcq4LFA3Rgvd2kwK;Essau, C. A., Lewinsohn, P. M., Seeley, J. R., & Sasagawa, M. (2010). Gender differences in the developmental course of depression. *Journal of Affective Disorders*, *127*(1-3), 185-190. https://doi.org/10.1016/j.jad.2010.06.016;metadata_error
thread_1QMBi8PoMcq4LFA3Rgvd2kwK;Salk, R. H., Hyde, J. S., & Abramson, L. Y. (2017). Gender differences in depression in representative national samples: Meta-analyses of diagnoses and symptoms. *Psychological Bulletin*, *143*(8), 783-822. https://doi.org/10.1037/bul0000102;valid
thread_FxmtjUVq4OmwoB2zMMolYCaS;Costello, E. J., Mustillo, S., Erkanli, A., Keeler, G., & Angold, A. (2003). Prevalence and development of psychiatric disorders in childhood and adolescence. Archives of General Psychiatry, 60(8), 837–844. https://doi.org/10.1001/archpsyc.60.8.837;valid
thread_FxmtjUVq4OmwoB2zMMolYCaS;Merikangas, K. R., Nakamura, E. F., & Kessler, R. C. (2009). Epidemiology of mental disorders in children and adolescents. Dialogues in Clinical Neuroscience, 11(1), 7–20.;valid
thread_FxmtjUVq4OmwoB2zMMolYCaS;Beesdo, K., Knappe, S., & Pine, D. S. (2009). Anxiety and anxiety disorders in children and adolescents: Developmental issues and implications for DSM-V. Psychiatric Clinics of North America, 32(3), 483–524. https://doi.org/10.1016/j.psc.2009.06.002;valid
thread_FxmtjUVq4OmwoB2zMMolYCaS;Twenge, J. M., & Nolen-Hoeksema, S. (2002). Age, gender, race, socioeconomic status, and the emergence of depressive symptoms in adolescence. Journal of Clinical Psychology, 58(12), 1497–1513. https://doi.org/10.1002/jclp.10061;metadata_error
thread_FxmtjUVq4OmwoB2zMMolYCaS;Angst, J., & Dobler-Mikola, A. (1985). The epidemiology of depressive disorders. European Archives of Psychiatry and Neurological Sciences, 235(2), 65–75. https://doi.org/10.1007/BF00372944;metadata_error
thread_e3upwiTvkoVlU4bbq7B79F7X;Costello, E. J., Mustillo, S., Erkanli, A., Keeler, G., & Angold, A. (2003). Prevalence of psychiatric disorders in childhood and adolescence. *Journal of the American Academy of Child & Adolescent Psychiatry, 42*(8), 971–979. https://doi.org/10.1097/01.CHI.0000046873.27264.AE;not_found
thread_e3upwiTvkoVlU4bbq7B79F7X;Merikangas, K. R., He, J., Burstein, M., Swanson, S. A., Avenevoli, S., Cui, L., Benjet, C., Georgiades, K., & Swendsen, J. (2010). Lifetime prevalence of mental disorders in U.S. adolescents: Results from the National Comorbidity Survey Replication-Adolescent Supplement (NCS-A). *Journal of the American Academy of Child & Adolescent Psychiatry, 49*(10), 980–989. https://doi.org/10.1016/j.jaac.2010.05.017;valid
thread_e3upwiTvkoVlU4bbq7B79F7X;Twenge, J. M., & Nolen-Hoeksema, S. (2002). Age, gender, race, socioeconomic status, and depressive symptoms in adolescence: A meta-analysis. *Journal of Clinical Child & Adolescent Psychology, 31*(3), 311–317. https://doi.org/10.1207/S15374424JCCP3103_3;not_found
thread_e3upwiTvkoVlU4bbq7B79F7X;Avenevoli, S., Knight, E., Kessler, R. C., & Merikangas, K. R. (2008). Epidemiology of depression in children and adolescents. In J. Abela & B. L. Hankin (Eds.), *Handbook of depression in children and adolescents* (pp. 6–32). Guilford Press.;valid
thread_e3upwiTvkoVlU4bbq7B79F7X;Van Oort, F. V. A., Greaves-Lord, K., Ormel, J., Verhulst, F. C., & Huizink, A. C. (2011). The developmental course of anxiety symptoms during adolescence: The TRAILS study. *Journal of Child Psychology and Psychiatry, 52*(4), 461–469. https://doi.org/10.1111/j.1469-7610.2010.02303.x;metadata_error
thread_qLeT4qhL8fAXeX3p9XbnCNKw;Costello, E. J., Mustillo, S., Erkanli, A., Keeler, G., & Angold, A. (2003). Prevalence of psychiatric disorders in childhood and adolescence. *Journal of the American Academy of Child & Adolescent Psychiatry, 42*(10), 1203–1211. https://doi.org/10.1097/00004583-200310000-00011;metadata_error
thread_qLeT4qhL8fAXeX3p9XbnCNKw;Merikangas, K. R., He, J., Burstein, M., Swendsen, J., Avenevoli, S., Case, B., ... & Olfson, M. (2010). Lifetime prevalence of mental disorders in U.S. adolescents: Results from the National Comorbidity Survey Replication–Adolescent Supplement (NCS-A). *Journal of the American Academy of Child & Adolescent Psychiatry, 49*(10), 980–989. https://doi.org/10.1016/j.jaac.2010.05.017;valid
thread_qLeT4qhL8fAXeX3p9XbnCNKw;Viner, R. M., Ross, D., Hardy, R., Kuh, D., Power, C., Johnson, A., ... & Wellings, K. (2012). Life course epidemiology: Recognizing the importance of adolescence. *Journal of Epidemiology & Community Health, 66*(8), 713–715. https://doi.org/10.1136/jech-2011-200727;metadata_error
thread_qLeT4qhL8fAXeX3p9XbnCNKw;Ghandour, R. M., Sherman, L. J., Vladutiu, C. J., Ali, M. M., Lynch, S. E., Bitsko, R. H., & Blumberg, S. J. (2019). Prevalence and treatment of depression, anxiety, and conduct problems in US children. *The Journal of Pediatrics, 206*, 256–267.e3. https://doi.org/10.1016/j.jpeds.2018.09.021;valid
thread_qLeT4qhL8fAXeX3p9XbnCNKw;Bor, W., Dean, A. J., Najman, J., & Hayatbakhsh, R. (2014). Are child and adolescent mental health problems increasing in the 21st century? A systematic review. *Australian & New Zealand Journal of Psychiatry, 48*(7), 606–616. https://doi.org/10.1177/0004867414533834;valid
thread_hYGNkmRoq3WMZDyNcZSdJI5C;Costello, E. J., Mustillo, S., Erkanli, A., Keeler, G., & Angold, A. (2003). Prevalence and development of psychiatric disorders in childhood and adolescence. Archives of General Psychiatry, 60(8), 837-844. https://doi.org/10.1001/archpsyc.60.8.837;valid
thread_hYGNkmRoq3WMZDyNcZSdJI5C;Merikangas, K. R., Nakamura, E. F., & Kessler, R. C. (2009). Epidemiology of mental disorders in children and adolescents. Dialogues in Clinical Neuroscience, 11(1), 7-20. https://doi.org/10.31887/DCNS.2009.11.1/krmerikangas;valid
thread_hYGNkmRoq3WMZDyNcZSdJI5C;Twenge, J. M., & Nolen-Hoeksema, S. (2002). Age, gender, race, socioeconomic status, and depression in adolescence: A meta-analytic review. Clinical Psychology Review, 22(2), 151-183. https://doi.org/10.1016/S0272-7358(01)00057-1;not_found
thread_hYGNkmRoq3WMZDyNcZSdJI5C;Avenevoli, S., Knight, E., Kessler, R. C., & Merikangas, K. R. (2008). Epidemiology of depression in children and adolescents. In D. Shaffer, B. L. Waslick, & F. C. Althoff (Eds.), The Handbook of Child and Adolescent Psychiatry (pp. 1-16). Wiley-Blackwell. https://doi.org/10.1002/9780470757703.ch5;metadata_error
thread_hYGNkmRoq3WMZDyNcZSdJI5C;Essau, C. A., Lewinsohn, P. M., Seeley, J. R., & Sasagawa, S. (2010). Gender differences in the developmental course of depression. Journal of Affective Disorders, 127(1-3), 185-190. https://doi.org/10.1016/j.jad.2010.06.013;metadata_error
thread_MP8XDqMClrOnPGqE1V1AxFC0;Costello, E. J., Mustillo, S., Erkanli, A., Keeler, G., & Angold, A. (2003). Prevalence and development of psychiatric disorders in childhood and adolescence. Archives of General Psychiatry, 60(8), 837-844. https://doi.org/10.1001/archpsyc.60.8.837;valid
thread_MP8XDqMClrOnPGqE1V1AxFC0;Merikangas, K. R., He, J., Brody, D., Fisher, P. W., Bourdon, K., & Koretz, D. S. (2010). Prevalence and treatment of mental disorders among US children in the 2001-2004 NHANES. Pediatrics, 125(1), 75-81. https://doi.org/10.1542/peds.2008-2598;valid
thread_MP8XDqMClrOnPGqE1V1AxFC0;Twenge, J. M., & Nolen-Hoeksema, S. (2002). Age, gender, race, socioeconomic status, and birth cohort differences on the Children's Depression Inventory: A meta-analysis. Journal of Abnormal Psychology, 111(4), 578–588. https://doi.org/10.1037/0021-843X.111.4.578;valid
thread_MP8XDqMClrOnPGqE1V1AxFC0;Bor, W., Dean, A. J., Najman, J., & Hayatbakhsh, R. (2014). Are child and adolescent mental health problems increasing in the 21st century? A systematic review. Australian & New Zealand Journal of Psychiatry, 48(7), 606-616. https://doi.org/10.1177/0004867414533834;valid
thread_MP8XDqMClrOnPGqE1V1AxFC0;Thapar, A., Collishaw, S., Pine, D. S., & Thapar, A. K. (2012). Depression in adolescence. The Lancet, 379(9820), 1056-1067. https://doi.org/10.1016/S0140-6736(11)60871-4;valid
thread_KGfD3pXtJmSZ9w3ulbANR4uM;Costello, E. J., Mustillo, S., Erkanli, A., Keeler, G., & Angold, A. (2003). Prevalence and development of psychiatric disorders in childhood and adolescence. *Archives of General Psychiatry*, 60(8), 837-844. https://doi.org/10.1001/archpsyc.60.8.837;valid
thread_KGfD3pXtJmSZ9w3ulbANR4uM;Merikangas, K. R., He, J., Burstein, M., Swanson, S. A., Avenevoli, S., Cui, L., Benjet, C., Georgiades, K., & Swendsen, J. (2010). Lifetime prevalence of mental disorders in U.S. adolescents: Results from the National Comorbidity Survey Replication–Adolescent Supplement (NCS-A). *Journal of the American Academy of Child & Adolescent Psychiatry*, 49(10), 980-989. https://doi.org/10.1016/j.jaac.2010.05.017;valid
thread_KGfD3pXtJmSZ9w3ulbANR4uM;Twenge, J. M., & Nolen-Hoeksema, S. (2002). Age, gender, race, socioeconomic status, and the emergence of depression in adolescence. *Journal of Adolescence*, 25(4), 511-526. https://doi.org/10.1006/jado.2002.0491;metadata_error
thread_KGfD3pXtJmSZ9w3ulbANR4uM;Avenevoli, S., Knight, E., Kessler, R. C., & Merikangas, K. R. (2008). Epidemiology of depression in children and adolescents. In C. M. Mazure & G. P. Keita (Eds.), *Understanding depression in women: Applying empirical research to practice and policy* (pp. 53-72). American Psychological Association. https://doi.org/10.1037/11760-003;metadata_error
thread_KGfD3pXtJmSZ9w3ulbANR4uM;Thapar, A., Collishaw, S., Pine, D. S., & Thapar, A. K. (2012). Depression in adolescence. *The Lancet*, 379(9820), 1056-1067. https://doi.org/10.1016/S0140-6736(11)60871-4;valid
thread_K4c86NoIfxxzcElwA64Z1Cql;Costello, E. J., Egger, H., & Angold, A. (2005). 10-year research update review: The epidemiology of child and adolescent psychiatric disorders: I. Methods and public health burden. *Journal of the American Academy of Child & Adolescent Psychiatry, 44*(10), 972-986. https://doi.org/10.1097/01.chi.0000172552.41596.6f;valid
thread_K4c86NoIfxxzcElwA64Z1Cql;Merikangas, K. R., Nakamura, E. F., & Kessler, R. C. (2009). Epidemiology of mental disorders in children and adolescents. *Dialogues in Clinical Neuroscience, 11*(1), 7-20. https://doi.org/10.31887/DCNS.2009.11.1/krmerikangas;valid
thread_K4c86NoIfxxzcElwA64Z1Cql;Beesdo-Baum, K., & Knappe, S. (2012). Developmental epidemiology of anxiety disorders. *Biological Psychiatry, 71*(6), 493-501. https://doi.org/10.1016/j.biopsych.2011.08.006;metadata_error
thread_K4c86NoIfxxzcElwA64Z1Cql;Bor, W., Dean, A. J., Najman, J., & Hayatbakhsh, R. (2014). Are child and adolescent mental health problems increasing in the 21st century? A systematic review. *Australian & New Zealand Journal of Psychiatry, 48*(7), 606-616. https://doi.org/10.1177/0004867414533834;valid
thread_K4c86NoIfxxzcElwA64Z1Cql;Thapar, A., Collishaw, S., Pine, D. S., & Thapar, A. K. (2012). Depression in adolescence. *The Lancet, 379*(9820), 1056-1067. https://doi.org/10.1016/S0140-6736(11)60871-4;valid
thread_e00hc4nV54bKkzqSIUrds0Ak;Bor, W., Dean, A. J., Najman, J., & Hayatbakhsh, R. (2014). Are child and adolescent mental health problems increasing in the 21st century? A systematic review. *Australian & New Zealand Journal of Psychiatry, 48*(7), 606-616. https://doi.org/10.1177/0004867414533834;valid
thread_e00hc4nV54bKkzqSIUrds0Ak;Merikangas, K. R., He, J., Burstein, M., Swanson, S. A., Avenevoli, S., Cui, L., Benjet, C., Georgiades, K., & Swendsen, J. (2010). Lifetime prevalence of mental disorders in U.S. adolescents: Results from the National Comorbidity Survey Replication-Adolescent Supplement (NCS-A). *Journal of the American Academy of Child & Adolescent Psychiatry, 49*(10), 980-989. https://doi.org/10.1016/j.jaac.2010.05.017;valid
thread_e00hc4nV54bKkzqSIUrds0Ak;Costello, E. J., Mustillo, S., Erkanli, A., Keeler, G., & Angold, A. (2003). Prevalence of psychiatric disorders in childhood and adolescence. *Archives of General Psychiatry, 60*(8), 837-844. https://doi.org/10.1001/archpsyc.60.8.837;valid
thread_e00hc4nV54bKkzqSIUrds0Ak;Twenge, J. M., & Nolen-Hoeksema, S. (2002). Age, gender, race, socioeconomic status, and the emergence of depressive symptoms in adolescence. *Journal of Clinical Psychology, 58*(12), 1505-1516. https://doi.org/10.1002/jclp.10040;metadata_error
thread_e00hc4nV54bKkzqSIUrds0Ak;Salk, R. H., Petersen, J. L., & Abramson, L. Y. (2016). Gender differences in depression in adolescence and young adulthood: Evidence from the National Longitudinal Study of Adolescent to Adult Health. *Journal of Abnormal Psychology, 125*(5), 740-750. https://doi.org/10.1037/abn0000197;metadata_error
thread_v1XPufgBzO97BauIQDjfop76;Costello, E. J., Erkanli, A., & Angold, A. (2006). Is there an epidemic of child or adolescent depression? Journal of Child Psychology and Psychiatry, 47(12), 1263–1271. https://doi.org/10.1111/j.1469-7610.2006.01682.x;valid
thread_v1XPufgBzO97BauIQDjfop76;Merikangas, K. R., He, J., Burstein, M., Swanson, S. A., Avenevoli, S., Cui, L., ... & Swendsen, J. (2010). Lifetime prevalence of mental disorders in U.S. adolescents: Results from the National Comorbidity Survey Replication–Adolescent Supplement (NCS-A). Journal of the American Academy of Child & Adolescent Psychiatry, 49(10), 980–989. https://doi.org/10.1016/j.jaac.2010.05.017;valid
thread_v1XPufgBzO97BauIQDjfop76;Twenge, J. M., & Nolen-Hoeksema, S. (2002). Age, gender, race, socioeconomic status, and the clustering of depressive symptoms in adolescence. Journal of Adolescence, 25(4), 313–325. https://doi.org/10.1006/jado.2002.0477;metadata_error
thread_v1XPufgBzO97BauIQDjfop76;Beesdo-Baum, K., Knappe, S., Asselmann, E., Zimmermann, P., Borsch, S., Höfler, M., ... & Wittchen, H. U. (2015). The natural course of social anxiety disorder among adolescents and young adults. Acta Psychiatrica Scandinavica, 131(1), 37–45. https://doi.org/10.1111/acps.12331;metadata_error
thread_v1XPufgBzO97BauIQDjfop76;Essau, C. A., Lewinsohn, P. M., Seeley, J. R., & Sasagawa, S. (2010). Gender differences in the developmental course of depression. Journal of Affective Disorders, 127(1–3), 185–190. https://doi.org/10.1016/j.jad.2010.06.010;metadata_error
thread_BtisIUqXO2C0ciuUXjs6v5Wg;Costello, E. J., Mustillo, S., Erkanli, A., Keeler, G., & Angold, A. (2003). Prevalence of psychiatric disorders in childhood and adolescence. Journal of the American Academy of Child & Adolescent Psychiatry, 42(10), 1203-1211. https://doi.org/10.1097/00004583-200310000-00011;metadata_error
thread_BtisIUqXO2C0ciuUXjs6v5Wg;Twenge, J. M., & Nolen-Hoeksema, S. (2002). Age, gender, race, socioeconomic status, and birth cohort differences on the Children's Depression Inventory: A meta-analysis. Journal of Abnormal Psychology, 111(4), 578-588. https://doi.org/10.1037/0021-843X.111.4.578;valid
thread_BtisIUqXO2C0ciuUXjs6v5Wg;Merikangas, K. R., He, J.-P., Burstein, M., Swendsen, J., Avenevoli, S., Case, B., Georgiades, K., & Olfson, M. (2010). Lifetime prevalence of mental disorders in U.S. adolescents: Results from the National Comorbidity Survey Replication–Adolescent Supplement (NCS-A). Journal of the American Academy of Child & Adolescent Psychiatry, 49(10), 980-989. https://doi.org/10.1016/j.jaac.2010.05.017;valid
thread_BtisIUqXO2C0ciuUXjs6v5Wg;Thapar, A., Collishaw, S., Pine, D. S., & Thapar, A. K. (2012). Depression in adolescence. The Lancet, 379(9820), 1056-1067. https://doi.org/10.1016/S0140-6736(11)60871-4;valid
thread_BtisIUqXO2C0ciuUXjs6v5Wg;Bor, W., Dean, A. J., Najman, J., & Hayatbakhsh, R. (2014). Are child and adolescent mental health problems increasing in the 21st century? A systematic review. Australian & New Zealand Journal of Psychiatry, 48(7), 606-616. https://doi.org/10.1177/0004867414533834;valid
thread_I8U78QTznYwbjHRAAALrpDRI;Costello, E. J., Mustillo, S., Erkanli, A., Keeler, G., & Angold, A. (2003). Prevalence and development of psychiatric disorders in childhood and adolescence. *Archives of General Psychiatry*, *60*(8), 837–844. https://doi.org/10.1001/archpsyc.60.8.837;valid
thread_I8U78QTznYwbjHRAAALrpDRI;Merikangas, K. R., He, J., Burstein, M., Swanson, S. A., Avenevoli, S., Cui, L., Benjet, C., Georgiades, K., & Swendsen, J. (2010). Lifetime prevalence of mental disorders in U.S. adolescents: Results from the National Comorbidity Survey Replication–Adolescent Supplement (NCS-A). *Journal of the American Academy of Child & Adolescent Psychiatry*, *49*(10), 980–989. https://doi.org/10.1016/j.jaac.2010.05.017;valid
thread_I8U78QTznYwbjHRAAALrpDRI;Avenevoli, S., Swendsen, J., He, J., Burstein, M., & Merikangas, K. R. (2015). Major depression in the National Comorbidity Survey-Adolescent Supplement: Prevalence, correlates, and treatment. *Journal of the American Academy of Child & Adolescent Psychiatry*, *54*(1), 37–44.e2. https://doi.org/10.1016/j.jaac.2014.10.010;valid
thread_I8U78QTznYwbjHRAAALrpDRI;Twenge, J. M., & Nolen-Hoeksema, S. (2002). Age, gender, race, socioeconomic status, and birth cohort differences on the Children's Depression Inventory: A meta-analysis. *Journal of Abnormal Psychology*, *111*(4), 578–588. https://doi.org/10.1037/0021-843X.111.4.578;valid
thread_I8U78QTznYwbjHRAAALrpDRI;Essau, C. A., Lewinsohn, P. M., Seeley, J. R., & Sasagawa, S. (2010). Gender differences in the developmental course of depression. *Journal of Affective Disorders*, *127*(1-3), 185–190. https://doi.org/10.1016/j.jad.2010.06.012;metadata_error
thread_fvsky8giuNpuykFRezzEHLiE;Costello, E. J., Mustillo, S., Erkanli, A., Keeler, G., & Angold, A. (2003). Prevalence and development of psychiatric disorders in childhood and adolescence. Archives of General Psychiatry, 60(8), 837-844. https://doi.org/10.1001/archpsyc.60.8.837;valid
thread_fvsky8giuNpuykFRezzEHLiE;Merikangas, K. R., He, J., Burstein, M., Swanson, S. A., Avenevoli, S., Cui, L., Benjet, C., Georgiades, K., & Swendsen, J. (2010). Lifetime prevalence of mental disorders in U.S. adolescents: Results from the National Comorbidity Survey Replication–Adolescent Supplement (NCS-A). Journal of the American Academy of Child & Adolescent Psychiatry, 49(10), 980-989. https://doi.org/10.1016/j.jaac.2010.05.017;valid
thread_fvsky8giuNpuykFRezzEHLiE;Twenge, J. M., & Nolen-Hoeksema, S. (2002). Age, gender, race, socioeconomic status, and the prevalence of depression in adolescence. Journal of Abnormal Psychology, 111(4), 578-588. https://doi.org/10.1037//0021-843x.111.4.578;valid
thread_fvsky8giuNpuykFRezzEHLiE;Nolen-Hoeksema, S., & Girgus, J. S. (1994). The emergence of gender differences in depression during adolescence. Psychological Bulletin, 115(3), 424-443. https://doi.org/10.1037/0033-2909.115.3.424;valid
thread_fvsky8giuNpuykFRezzEHLiE;Beesdo-Baum, K., Knappe, S., Asselmann, E., Zimmermann, P., & Wittchen, H.-U. (2015). The structure of lifetime comorbidity in adolescents and young adults with generalized anxiety disorder: A nested structure of disorder-specific and shared components. Journal of Anxiety Disorders, 35, 19-29. https://doi.org/10.1016/j.janxdis.2015.07.001;metadata_error
thread_GIyVmucAXHP1ydC2OPreSPjR;Costello, E. J., Mustillo, S., Erkanli, A., Keeler, G., & Angold, A. (2003). Prevalence and development of psychiatric disorders in childhood and adolescence. *Archives of General Psychiatry, 60*(8), 837-844. https://doi.org/10.1001/archpsyc.60.8.837;valid
thread_GIyVmucAXHP1ydC2OPreSPjR;Merikangas, K. R., He, J. P., Burstein, M., Swendsen, J., Avenevoli, S., Case, B., Georgiades, K., & Olfson, M. (2010). Lifetime prevalence of mental disorders in U.S. adolescents: Results from the National Comorbidity Survey Replication–Adolescent Supplement (NCS-A). *Journal of the American Academy of Child & Adolescent Psychiatry, 49*(10), 980-989. https://doi.org/10.1016/j.jaac.2010.05.017;valid
thread_GIyVmucAXHP1ydC2OPreSPjR;Thapar, A., Collishaw, S., Pine, D. S., & Thapar, A. K. (2012). Depression in adolescence. *The Lancet, 379*(9820), 1056-1067. https://doi.org/10.1016/S0140-6736(11)60871-4;valid
thread_GIyVmucAXHP1ydC2OPreSPjR;Beesdo-Baum, K., Knappe, S., Fehm, L., Höfler, M., Lieb, R., & Wittchen, H. U. (2010). The natural course of social anxiety disorder among adolescents and young adults. *Psychological Medicine, 40*(8), 1369-1379. https://doi.org/10.1017/S003329170999186X;not_found
thread_GIyVmucAXHP1ydC2OPreSPjR;Lewinsohn, P. M., Rohde, P., Seeley, J. R., & Klein, D. N. (1998). Adolescents' psychopathology: I. Prevalence and incidence of depression and other DSM-III-R disorders in high school students. *Journal of Abnormal Psychology, 107*(1), 109-125. https://doi.org/10.1037/0021-843X.107.1.109;metadata_error
thread_2F5thQIM3wZaWoxTX1YfDlSK;Beesdo, K., Knappe, S., & Pine, D. S. (2009). Anxiety and anxiety disorders in children and adolescents: Developmental issues and implications for DSM-V. *Psychiatric Clinics of North America, 32*(3), 483-524. https://doi.org/10.1016/j.psc.2009.06.002;valid
thread_2F5thQIM3wZaWoxTX1YfDlSK;Merikangas, K. R., He, J. P., Burstein, M., et al. (2010). Lifetime prevalence of mental disorders in U.S. adolescents: Results from the National Comorbidity Survey Replication – Adolescent Supplement (NCS-A). *Journal of the American Academy of Child & Adolescent Psychiatry, 49*(10), 980-989. https://doi.org/10.1016/j.jaac.2010.05.017;valid
thread_2F5thQIM3wZaWoxTX1YfDlSK;Thapar, A., Collishaw, S., Pine, D. S., & Thapar, A. K. (2012). Depression in adolescence. *The Lancet, 379*(9820), 1056-1067. https://doi.org/10.1016/S0140-6736(11)60871-4;valid
thread_2F5thQIM3wZaWoxTX1YfDlSK;Salk, R. H., Hyde, J. S., & Abramson, L. Y. (2017). Gender differences in depression in representative national samples: Meta-analyses of diagnoses and symptoms. *Psychological Bulletin, 143*(8), 783-822. https://doi.org/10.1037/bul0000102;valid
thread_2F5thQIM3wZaWoxTX1YfDlSK;Costello, E. J., Mustillo, S., Erkanli, A., Keeler, G., & Angold, A. (2003). Prevalence and development of psychiatric disorders in childhood and adolescence. *Archives of General Psychiatry, 60*(8), 837-844. https://doi.org/10.1001/archpsyc.60.8.837;valid
thread_FsljRWgrEPKd2JnqtbmViGGv;Beesdo, K., Knappe, S., & Pine, D. S. (2009). Anxiety and anxiety disorders in children and adolescents: Developmental issues and implications for DSM-V. *Psychiatric Clinics of North America*, *32*(3), 483-524. https://doi.org/10.1016/j.psc.2009.06.002;valid
thread_FsljRWgrEPKd2JnqtbmViGGv;Costello, E. J., Mustillo, S., Erkanli, A., Keeler, G., & Angold, A. (2003). Prevalence and development of psychiatric disorders in childhood and adolescence. *Archives of General Psychiatry*, *60*(8), 837-844. https://doi.org/10.1001/archpsyc.60.8.837;valid
thread_FsljRWgrEPKd2JnqtbmViGGv;Merikangas, K. R., He, J. P., Burstein, M., Swanson, S. A., Avenevoli, S., Cui, L., Benjet, C., Georgiades, K., & Swendsen, J. (2010). Lifetime prevalence of mental disorders in U.S. adolescents: Results from the National Comorbidity Survey Replication–Adolescent Supplement (NCS-A). *Journal of the American Academy of Child & Adolescent Psychiatry*, *49*(10), 980-989. https://doi.org/10.1016/j.jaac.2010.05.017;valid
thread_FsljRWgrEPKd2JnqtbmViGGv;Lewinsohn, P. M., Hops, H., Roberts, R. E., Seeley, J. R., & Andrews, J. A. (1993). Adolescent psychopathology: I. Prevalence and incidence of depression and other DSM-III-R disorders in high school students. *Journal of Abnormal Psychology*, *102*(1), 133-144. https://doi.org/10.1037/0021-843X.102.1.133;valid
thread_FsljRWgrEPKd2JnqtbmViGGv;Nolen-Hoeksema, S., & Girgus, J. S. (1994). The emergence of gender differences in depression during adolescence. *Psychological Bulletin*, *115*(3), 424-443. https://doi.org/10.1037/0033-2909.115.3.424;valid
thread_YtrlWoUfcANKAdYkPyDehEcI;Costello, E. J., Mustillo, S., Erkanli, A., Keeler, G., & Angold, A. (2003). Prevalence and development of psychiatric disorders in childhood and adolescence. Archives of General Psychiatry, 60(8), 837-844. https://doi.org/10.1001/archpsyc.60.8.837;valid
thread_YtrlWoUfcANKAdYkPyDehEcI;Merikangas, K. R., He, J. P., Burstein, M., Swanson, S. A., Avenevoli, S., Cui, L., ... & Swendsen, J. (2010). Lifetime prevalence of mental disorders in U.S. adolescents: Results from the National Comorbidity Survey Replication–Adolescent Supplement (NCS-A). Journal of the American Academy of Child & Adolescent Psychiatry, 49(10), 980-989. https://doi.org/10.1016/j.jaac.2010.05.017;valid
thread_YtrlWoUfcANKAdYkPyDehEcI;Twenge, J. M., & Nolen-Hoeksema, S. (2002). Age, gender, race, socioeconomic status, and birth cohort differences on the Children’s Depression Inventory: A meta-analysis. Journal of Abnormal Psychology, 111(4), 578-588. https://doi.org/10.1037/0021-843X.111.4.578;valid
thread_YtrlWoUfcANKAdYkPyDehEcI;Bor, W., Dean, A. J., Najman, J., & Hayatbakhsh, R. (2014). Are child and adolescent mental health problems increasing in the 21st century? A systematic review. Australian & New Zealand Journal of Psychiatry, 48(7), 606-616. https://doi.org/10.1177/0004867414533834;valid
thread_YtrlWoUfcANKAdYkPyDehEcI;Avenevoli, S., Knight, E., Kessler, R. C., & Merikangas, K. R. (2008). Epidemiology of depression in children and adolescents. In Gotlib, I. H., & Hammen, C. L. (Eds.), Handbook of Depression (pp. 19–43). Guilford Press.;valid
thread_hG9uF20NxBkVicz3GP4ZVFBu;Beesdo, K., Knappe, S., & Pine, D. S. (2009). Anxiety and anxiety disorders in children and adolescents: Developmental issues and implications for DSM-V. *Psychiatric Clinics of North America, 32*(3), 483-524. https://doi.org/10.1016/j.psc.2009.06.002;valid
thread_hG9uF20NxBkVicz3GP4ZVFBu;Merikangas, K. R., He, J. P., Burstein, M., Swanson, S. A., Avenevoli, S., Cui, L., ... & Swendsen, J. (2010). Lifetime prevalence of mental disorders in U.S. adolescents: Results from the National Comorbidity Survey Replication–Adolescent Supplement (NCS-A). *Journal of the American Academy of Child & Adolescent Psychiatry, 49*(10), 980-989. https://doi.org/10.1016/j.jaac.2010.05.017;valid
thread_hG9uF20NxBkVicz3GP4ZVFBu;Costello, E. J., Mustillo, S., Erkanli, A., Keeler, G., & Angold, A. (2003). Prevalence and development of psychiatric disorders in childhood and adolescence. *Archives of General Psychiatry, 60*(8), 837-844. https://doi.org/10.1001/archpsyc.60.8.837;valid
thread_hG9uF20NxBkVicz3GP4ZVFBu;Lewinsohn, P. M., Gotlib, I. H., & Seeley, J. R. (1995). Adolescent psychopathology: I. Prevalence and incidence of depression and other DSM-III-R disorders in high school students. *Journal of Abnormal Psychology, 104*(4), 495-502. https://doi.org/10.1037/0021-843X.104.4.495;not_found
thread_hG9uF20NxBkVicz3GP4ZVFBu;Salk, R. H., Hyde, J. S., & Abramson, L. Y. (2017). Gender differences in depression in representative national samples: Meta-analyses of diagnoses and symptoms. *Psychological Bulletin, 143*(8), 783-822. https://doi.org/10.1037/bul0000102;valid
thread_pAVQQD6nXjlxOPA9GMKjRfmX;Costello, E. J., Mustillo, S., Erkanli, A., Keeler, G., & Angold, A. (2003). Prevalence of psychiatric disorders in childhood and adolescence. *Journal of the American Academy of Child & Adolescent Psychiatry, 42*(8), 971-979. https://doi.org/10.1097/01.CHI.0000046872.56969.55;not_found
thread_pAVQQD6nXjlxOPA9GMKjRfmX;Merikangas, K. R., Nakamura, E. F., & Kessler, R. C. (2009). Epidemiology of mental disorders in children and adolescents. *Dialogues in Clinical Neuroscience, 11*(1), 7-20.;valid
thread_pAVQQD6nXjlxOPA9GMKjRfmX;Beesdo, K., Knappe, S., & Pine, D. S. (2009). Anxiety and anxiety disorders in children and adolescents: Developmental issues and implications for DSM-V. *Psychiatric Clinics, 32*(3), 483–524. https://doi.org/10.1016/j.psc.2009.06.002;valid
thread_pAVQQD6nXjlxOPA9GMKjRfmX;Avenevoli, S., Knight, E., Kessler, R. C., & Merikangas, K. R. (2008). Epidemiology of depression in children and adolescents. *Handbook of Depression in Children and Adolescents*, 6-32. https://doi.org/10.1007/978-0-387-73693-8_2;metadata_error
thread_pAVQQD6nXjlxOPA9GMKjRfmX;Twenge, J. M., & Nolen-Hoeksema, S. (2002). Age, gender, race, socioeconomic status, and the emergence of depressive symptoms in adolescence. *Journal of Adolescence, 25*(4), 485-496. https://doi.org/10.1006/jado.2002.0491;metadata_error
thread_RYS7dEtaogFfI5z8oSvAsXdI;Costello, E. J., Mustillo, S., Erkanli, A., Keeler, G., & Angold, A. (2003). Prevalence and development of psychiatric disorders in childhood and adolescence. *Archives of General Psychiatry, 60*(8), 837-844. https://doi.org/10.1001/archpsyc.60.8.837;valid
thread_RYS7dEtaogFfI5z8oSvAsXdI;Merikangas, K. R., He, J.-P., Burstein, M., Swendsen, J., Avenevoli, S., Case, B., Georgiades, K., & Olfson, M. (2010). Lifetime prevalence of mental disorders in U.S. adolescents: Results from the National Comorbidity Survey Replication–Adolescent Supplement (NCS-A). *Journal of the American Academy of Child & Adolescent Psychiatry, 49*(10), 980-989. https://doi.org/10.1016/j.jaac.2010.05.017;valid
thread_RYS7dEtaogFfI5z8oSvAsXdI;Bor, W., Dean, A. J., Najman, J., & Hayatbakhsh, R. (2014). Are child and adolescent mental health problems increasing in the 21st century? A systematic review. *Australian & New Zealand Journal of Psychiatry, 48*(7), 606-616. https://doi.org/10.1177/0004867414533834;valid
thread_RYS7dEtaogFfI5z8oSvAsXdI;Twenge, J. M., & Nolen-Hoeksema, S. (2002). Age, gender, race, and region differences in depressive symptoms in adolescents. *Journal of Abnormal Psychology, 111*(4), 578-588. https://doi.org/10.1037/0021-843X.111.4.578;metadata_error
thread_RYS7dEtaogFfI5z8oSvAsXdI;Essau, C. A., Lewinsohn, P. M., Seeley, J. R., & Sasagawa, S. (2010). Gender differences in the developmental course of depression. *Journal of Affective Disorders, 127*(1-3), 185-190. https://doi.org/10.1016/j.jad.2010.06.010;metadata_error
thread_7toWqEJFjR5SnwIBEuT5dKTl;Costello, E. J., Mustillo, S., Erkanli, A., Keeler, G., & Angold, A. (2003). Prevalence and development of psychiatric disorders in childhood and adolescence. Archives of General Psychiatry, 60(8), 837-844. https://doi.org/10.1001/archpsyc.60.8.837;valid
thread_7toWqEJFjR5SnwIBEuT5dKTl;Merikangas, K. R., He, J., Burstein, M., Swendsen, J., Avenevoli, S., Case, B., Georgiades, K., & Olfson, M. (2010). Lifetime prevalence of mental disorders in U.S. adolescents: Results from the National Comorbidity Survey Replication-Adolescent Supplement (NCS-A). Journal of the American Academy of Child & Adolescent Psychiatry, 49(10), 980-989. https://doi.org/10.1016/j.jaac.2010.05.017;valid
thread_7toWqEJFjR5SnwIBEuT5dKTl;Lewinsohn, P. M., Hops, H., Roberts, R. E., Seeley, J. R., & Andrews, J. A. (1993). Adolescent psychopathology: I. Prevalence and incidence of depression and other DSM-III-R disorders in high school students. Journal of Abnormal Psychology, 102(1), 133-144. https://doi.org/10.1037/0021-843X.102.1.133;valid
thread_7toWqEJFjR5SnwIBEuT5dKTl;Essau, C. A., Lewinsohn, P. M., Seeley, J. R., & Sasagawa, S. (2010). Gender differences in the developmental course of depression. Journal of Affective Disorders, 127(1-3), 185-190. https://doi.org/10.1016/j.jad.2010.06.010;metadata_error
thread_7toWqEJFjR5SnwIBEuT5dKTl;Twenge, J. M., & Nolen-Hoeksema, S. (2002). Age, gender, race, socioeconomic status, and the prevalence of depression in adolescence. Journal of Abnormal Psychology, 111(4), 578-588. https://doi.org/10.1037/0021-843X.111.4.578;valid
thread_q8EGwph2HJkpoQw2Gh8VnmnQ;Costello, E. J., Mustillo, S., Erkanli, A., Keeler, G., & Angold, A. (2003). Prevalence and development of psychiatric disorders in childhood and adolescence. *Archives of General Psychiatry, 60*(8), 837-844. https://doi.org/10.1001/archpsyc.60.8.837;valid
thread_q8EGwph2HJkpoQw2Gh8VnmnQ;Merikangas, K. R., He, J., Burstein, M., Swanson, S. A., Avenevoli, S., Cui, L., Benjet, C., Georgiades, K., & Swendsen, J. (2010). Lifetime prevalence of mental disorders in U.S. adolescents: Results from the National Comorbidity Survey Replication–Adolescent Supplement (NCS-A). *Journal of the American Academy of Child & Adolescent Psychiatry, 49*(10), 980-989. https://doi.org/10.1016/j.jaac.2010.05.017;valid
thread_q8EGwph2HJkpoQw2Gh8VnmnQ;Twenge, J. M., & Nolen-Hoeksema, S. (2002). Age, gender, race, socioeconomic status, and depression in childhood and adolescence. *Journal of Abnormal Psychology, 111*(4), 578-588. https://doi.org/10.1037/0021-843X.111.4.578;valid
thread_q8EGwph2HJkpoQw2Gh8VnmnQ;Borowsky, I. W., Ireland, M., & Resnick, M. D. (2001). Adolescent suicide attempts: Risks and protectors. *Pediatrics, 107*(3), 485-493. https://doi.org/10.1542/peds.107.3.485;valid
thread_q8EGwph2HJkpoQw2Gh8VnmnQ;Zahn-Waxler, C., Shirtcliff, E. A., & Marceau, K. (2008). Disorders of childhood and adolescence: Gender and psychopathology. *Annual Review of Clinical Psychology, 4*, 275-303. https://doi.org/10.1146/annurev.clinpsy.3.022806.091358;valid
thread_zmFj9YiHJ5fyCSbZslaVsAEb;Costello, E. J., Mustillo, S., Erkanli, A., Keeler, G., & Angold, A. (2003). Prevalence and development of psychiatric disorders in childhood and adolescence. *Archives of General Psychiatry, 60*(8), 837-844. https://doi.org/10.1001/archpsyc.60.8.837;valid
thread_zmFj9YiHJ5fyCSbZslaVsAEb;Merikangas, K. R., Nakamura, E. F., & Kessler, R. C. (2009). Epidemiology of mental disorders in children and adolescents. *Dialogues in Clinical Neuroscience, 11*(1), 7-20.;valid
thread_zmFj9YiHJ5fyCSbZslaVsAEb;Bor, W., Dean, A. J., Najman, J., & Hayatbakhsh, R. (2014). Are child and adolescent mental health problems increasing in the 21st century? A systematic review. *Australian & New Zealand Journal of Psychiatry, 48*(7), 606-616. https://doi.org/10.1177/0004867414533834;valid
thread_zmFj9YiHJ5fyCSbZslaVsAEb;Thapar, A., Collishaw, S., Pine, D. S., & Thapar, A. K. (2012). Depression in adolescence. *The Lancet, 379*(9820), 1056-1067. https://doi.org/10.1016/S0140-6736(11)60871-4;valid
thread_zmFj9YiHJ5fyCSbZslaVsAEb;Essau, C. A., Lewinsohn, P. M., Seeley, J. R., & Sasagawa, S. (2010). Gender differences in the developmental course of depression. *Journal of Affective Disorders, 127*(1-3), 185-190. https://doi.org/10.1016/j.jad.2010.05.016;valid
thread_7yR14bIsx501ejmuu9eRr0IO;Costello, E. J., Mustillo, S., Erkanli, A., Keeler, G., & Angold, A. (2003). Prevalence and development of psychiatric disorders in childhood and adolescence. *Archives of General Psychiatry, 60*(8), 837-844. https://doi.org/10.1001/archpsyc.60.8.837;valid
thread_7yR14bIsx501ejmuu9eRr0IO;Merikangas, K. R., He, J., Burstein, M., Swendsen, J., Avenevoli, S., Case, B., Georgiades, K., & Olfson, M. (2010). Lifetime prevalence of mental disorders in U.S. adolescents: Results from the National Comorbidity Survey Replication–Adolescent Supplement (NCS-A). *Journal of the American Academy of Child & Adolescent Psychiatry, 49*(10), 980-989. https://doi.org/10.1016/j.jaac.2010.05.017;valid
thread_7yR14bIsx501ejmuu9eRr0IO;Beesdo-Baum, K., Knappe, S., Asselmann, E., Zimmermann, P., Bruckl, T., Höfler, M., & Wittchen, H.-U. (2015). The natural course of social anxiety disorder among adolescents and young adults. *Acta Psychiatrica Scandinavica, 131*(6), 420-429. https://doi.org/10.1111/acps.12362;metadata_error
thread_7yR14bIsx501ejmuu9eRr0IO;Thapar, A., Collishaw, S., Pine, D. S., & Thapar, A. K. (2012). Depression in adolescence. *The Lancet, 379*(9820), 1056-1067. https://doi.org/10.1016/S0140-6736(11)60871-4;valid
thread_7yR14bIsx501ejmuu9eRr0IO;Essau, C. A., Lewinsohn, P. M., Seeley, J. R., Sasagawa, S., & Goebel, S. (2010). Gender differences in the developmental course of depression. *Journal of Affective Disorders, 127*(1-3), 185-190. https://doi.org/10.1016/j.jad.2010.05.016;valid
thread_y0gojy3smhToklSkDOyBx2hK;Bor, W., Dean, A. J., Najman, J., & Hayatbakhsh, R. (2014). Are child and adolescent mental health problems increasing in the 21st century? A systematic review. *Australian & New Zealand Journal of Psychiatry, 48*(7), 606-616. https://doi.org/10.1177/0004867414533834;valid
thread_y0gojy3smhToklSkDOyBx2hK;Merikangas, K. R., He, J., Burstein, M., Swanson, S. A., Avenevoli, S., Cui, L., Benjet, C., Georgiades, K., & Swendsen, J. (2010). Lifetime prevalence of mental disorders in U.S. adolescents: Results from the National Comorbidity Survey Replication-Adolescent Supplement (NCS-A). *Journal of the American Academy of Child & Adolescent Psychiatry, 49*(10), 980-989. https://doi.org/10.1016/j.jaac.2010.05.017;valid
thread_y0gojy3smhToklSkDOyBx2hK;Twenge, J. M., & Nolen-Hoeksema, S. (2002). Age, gender, race, and regional differences in depression in U.S. adolescents. *Journal of Abnormal Psychology, 111*(4), 578-588. https://doi.org/10.1037/0021-843X.111.4.578;valid
thread_y0gojy3smhToklSkDOyBx2hK;Thapar, A., Collishaw, S., Pine, D. S., & Thapar, A. K. (2012). Depression in adolescence. *The Lancet, 379*(9820), 1056-1067. https://doi.org/10.1016/S0140-6736(11)60871-4;valid
thread_y0gojy3smhToklSkDOyBx2hK;Costello, E. J., Mustillo, S., Erkanli, A., Keeler, G., & Angold, A. (2003). Prevalence and development of psychiatric disorders in childhood and adolescence. *Archives of General Psychiatry, 60*(8), 837-844. https://doi.org/10.1001/archpsyc.60.8.837;valid
thread_KtWXXCwRgRJWslBeAeTWx4VJ;Costello, E. J., Mustillo, S., Erkanli, A., Keeler, G., & Angold, A. (2003). Prevalence and development of psychiatric disorders in childhood and adolescence. Archives of General Psychiatry, 60(8), 837-844. https://doi.org/10.1001/archpsyc.60.8.837;valid
thread_KtWXXCwRgRJWslBeAeTWx4VJ;Merikangas, K. R., He, J.-P., Burstein, M., Swanson, S. A., Avenevoli, S., Cui, L., Benjet, C., Georgiades, K., & Swendsen, J. (2010). Lifetime prevalence of mental disorders in U.S. adolescents: Results from the National Comorbidity Survey Replication-Adolescent Supplement (NCS-A). Journal of the American Academy of Child & Adolescent Psychiatry, 49(10), 980-989. https://doi.org/10.1016/j.jaac.2010.05.017;valid
thread_KtWXXCwRgRJWslBeAeTWx4VJ;Twenge, J. M., & Nolen-Hoeksema, S. (2002). Age, gender, race, socioeconomic status, and the emergence of depressive symptoms in adolescence. Journal of Adolescence, 25(4), 485-496. https://doi.org/10.1006/jado.2002.0491;metadata_error
thread_KtWXXCwRgRJWslBeAeTWx4VJ;Beesdo, K., Knappe, S., & Pine, D. S. (2009). Anxiety and anxiety disorders in children and adolescents: Developmental issues and implications for DSM-V. Psychiatric Clinics of North America, 32(3), 483-524. https://doi.org/10.1016/j.psc.2009.06.002;valid
thread_KtWXXCwRgRJWslBeAeTWx4VJ;Van Oort, F. V. A., Greaves-Lord, K., Ormel, J., Verhulst, F. C., & Huizink, A. C. (2011). Risk indicators of anxiety and depression in adolescents. Pediatrics, 129(3), e566-e573. https://doi.org/10.1542/peds.2010-0746;metadata_error
thread_5fghZrZvdWryHCpTYk8jVuGC;Merikangas, K. R., Nakamura, E. F., & Kessler, R. C. (2009). Epidemiology of mental disorders in children and adolescents. *Dialogues in Clinical Neuroscience, 11*(1), 7-20. https://doi.org/10.31887/DCNS.2009.11.1/krmerikangas;valid
thread_5fghZrZvdWryHCpTYk8jVuGC;Costello, E. J., Mustillo, S., Erkanli, A., Keeler, G., & Angold, A. (2003). Prevalence and development of psychiatric disorders in childhood and adolescence. *Archives of General Psychiatry, 60*(8), 837-844. https://doi.org/10.1001/archpsyc.60.8.837;valid
thread_5fghZrZvdWryHCpTYk8jVuGC;Bor, W., Dean, A. J., Najman, J., & Hayatbakhsh, R. (2014). Are child and adolescent mental health problems increasing in the 21st century? A systematic review. *Australian & New Zealand Journal of Psychiatry, 48*(7), 606-616. https://doi.org/10.1177/0004867414533834;valid
thread_5fghZrZvdWryHCpTYk8jVuGC;Essau, C. A., Lewinsohn, P. M., Seeley, J. R., & Sasagawa, S. (2010). Gender differences in adolescent depression symptoms: Prevalence and predictors. *Journal of Affective Disorders, 127*(1-3), 285-295. https://doi.org/10.1016/j.jad.2010.06.016;metadata_error
thread_5fghZrZvdWryHCpTYk8jVuGC;Avenevoli, S., Knight, E., Kessler, R. C., & Merikangas, K. R. (2008). Epidemiology of depression in children and adolescents. *Handbook of Depression in Children and Adolescents*, 6-32. https://doi.org/10.1007/978-1-59385-637-1_2;not_found
thread_sEPYsHPItIPJ3HFP8WdAyNcz;Schwartz, L. M., Woloshin, S., & Welch, H. G. (2009). Using a drug facts box to communicate drug benefits and harms: Two randomized trials. Annals of Internal Medicine, 150(8), 516–527. https://doi.org/10.7326/0003-4819-150-8-200904210-00005;metadata_error
thread_sEPYsHPItIPJ3HFP8WdAyNcz;Frosch, D. L., Krueger, P. M., Hornik, R. C., Cronholm, P. F., & Barg, F. K. (2007). Creating demand for prescription drugs: A content analysis of television direct-to-consumer advertising. The Annals of Family Medicine, 5(1), 6–13. https://doi.org/10.1370/afm.620;metadata_error
thread_sEPYsHPItIPJ3HFP8WdAyNcz;Conrad, P. (2007). The medicalization of society: On the transformation of human conditions into treatable disorders. Johns Hopkins University Press.;valid
thread_sEPYsHPItIPJ3HFP8WdAyNcz;Mintzes, B., Mangin, D., Henry, D., & Lexchin, J. (2002). Direct-to-consumer advertising of prescription drugs: A response to industry arguments. CMAJ, 167(9), 1037–1040.;valid
thread_sEPYsHPItIPJ3HFP8WdAyNcz;Bell, R. A., Kravitz, R. L., & Wilkes, M. S. (1999). Direct-to-consumer prescription drug advertising and the public. Journal of General Internal Medicine, 14(11), 651–657. https://doi.org/10.1046/j.1525-1497.1999.00399.x;not_found
thread_D3qoYyqQaHFEBLQdnE6MBPfz;Frosch, D. L., Krueger, P. M., Hornik, R. C., Cronholm, P. F., & Barg, F. K. (2007). Creating demand for prescription drugs: A content analysis of television direct-to-consumer advertising. *Annals of Family Medicine, 5*(1), 6-13. https://doi.org/10.1370/afm.611;valid
thread_D3qoYyqQaHFEBLQdnE6MBPfz;Schwartz, L. M., Woloshin, S., & Welch, H. G. (2009). Using a drug facts box to communicate drug benefits and harms: Two randomized trials. *Annals of Internal Medicine, 150*(8), 516-527. https://doi.org/10.7326/0003-4819-150-8-200904210-00106;valid
thread_D3qoYyqQaHFEBLQdnE6MBPfz;Mintzes, B. (2012). Direct-to-consumer advertising of prescription drugs in Canada: Permission by default? *Canadian Medical Association Journal, 184*(13), 1469-1474. https://doi.org/10.1503/cmaj.120508;metadata_error
thread_D3qoYyqQaHFEBLQdnE6MBPfz;Donohue, J. M., Cevasco, M., & Rosenthal, M. B. (2007). A decade of direct-to-consumer advertising of prescription drugs. *New England Journal of Medicine, 357*(7), 673-681. https://doi.org/10.1056/NEJMsa070502;valid
thread_D3qoYyqQaHFEBLQdnE6MBPfz;Prosser, H., & Walley, T. (2003). New drug prescribing by hospital doctors: The nature and meaning of knowledge. *Social Science & Medicine, 56*(4), 945-957. https://doi.org/10.1016/S0277-9536(02)00096-4;not_found
thread_CRGsn1EUiFFagstu45diSEkO;Frosch, D. L., Krueger, P. M., Hornik, R. C., Cronholm, P. F., & Barg, F. K. (2007). Creating demand for prescription drugs: A content analysis of television direct-to-consumer advertising. *Annals of Family Medicine, 5*(1), 6–13. https://doi.org/10.1370/afm.620;metadata_error
thread_CRGsn1EUiFFagstu45diSEkO;Schwartz, L. M., Woloshin, S., & Welch, H. G. (2009). Using a drug facts box to communicate drug benefits and harms: Two randomized trials. *Annals of Internal Medicine, 150*(8), 516–527. https://doi.org/10.7326/0003-4819-150-8-200904210-00106;valid
thread_CRGsn1EUiFFagstu45diSEkO;Conrad, P., & Leiter, V. (2004). Medicalization, markets, and consumers. *Journal of Health and Social Behavior, 45*(Extra Issue), 158–176. https://doi.org/10.1177/002214650404500202;metadata_error
thread_CRGsn1EUiFFagstu45diSEkO;Mintzes, B. (2012). Direct-to-consumer advertising of prescription drugs in Canada: Permission by default? *CMAJ, 184*(2), 199–204. https://doi.org/10.1503/cmaj.110983;not_found
thread_CRGsn1EUiFFagstu45diSEkO;Wilkes, M. S., Bell, R. A., & Kravitz, R. L. (2000). Direct-to-consumer prescription drug advertising: Trends, impact, and implications. *Health Affairs, 19*(2), 110–128. https://doi.org/10.1377/hlthaff.19.2.110;valid
thread_K3W68VOjBAOsYxsYQE80Hrqa;Frosch, D. L., Krueger, P. M., Hornik, R. C., Cronholm, P. F., & Barg, F. K. (2007). Creating demand for prescription drugs: A content analysis of television direct-to-consumer advertising. *Annals of Family Medicine, 5*(1), 6-13. https://doi.org/10.1370/afm.611;valid
thread_K3W68VOjBAOsYxsYQE80Hrqa;Hanoch, Y., Barnes, A., & Rice, T. (2017). Behavioral aspects of direct-to-consumer advertising of prescription drugs to children. *Health Communication, 32*(5), 552-559. https://doi.org/10.1080/10410236.2016.1140269;metadata_error
thread_K3W68VOjBAOsYxsYQE80Hrqa;Schwartz, L. M., Woloshin, S., & Welch, H. G. (2009). Using a drug facts box to communicate drug benefits and harms: Two randomized trials. *Annals of Internal Medicine, 150*(8), 516-527. https://doi.org/10.7326/0003-4819-150-8-200904210-00106;valid
thread_K3W68VOjBAOsYxsYQE80Hrqa;Mintzes, B. (2012). Advertising of prescription-only medicines to the public: Does evidence of benefit counterbalance harm? *Annual Review of Public Health, 33*, 259-277. https://doi.org/10.1146/annurev-publhealth-031811-124540;valid
thread_K3W68VOjBAOsYxsYQE80Hrqa;Bell, R. A., Wilkes, M. S., & Kravitz, R. L. (2000). Advertisement-induced prescription drug requests: Patients' anticipated benefits and perceived risks. *Journal of Family Practice, 49*(4), 329-335.;not_found
thread_PEsMytBAQZooSGqkYdRohUiO;Frosch, D. L., Krueger, P. M., Hornik, R. C., Cronholm, P. F., & Barg, F. K. (2007). Creating demand for prescription drugs: A content analysis of television direct-to-consumer advertising. *Annals of Family Medicine, 5*(1), 6-13. https://doi.org/10.1370/afm.611;valid
thread_PEsMytBAQZooSGqkYdRohUiO;Schwartz, L. M., Woloshin, S., & Welch, H. G. (2009). Using a drug facts box to communicate drug benefits and harms: Two randomized trials. *Annals of Internal Medicine, 150*(8), 516-527. https://doi.org/10.7326/0003-4819-150-8-200904210-00005;metadata_error
thread_PEsMytBAQZooSGqkYdRohUiO;Mintzes, B., Barer, M. L., Kravitz, R. L., Kazanjian, A., Bassett, K., Lexchin, J., ... & Marion, S. A. (2003). Influence of direct to consumer pharmaceutical advertising and patients' requests on prescribing decisions: Two site cross sectional survey. *BMJ, 326*(7401), 1178-1179. https://doi.org/10.1136/bmj.326.7401.1178;not_found
thread_PEsMytBAQZooSGqkYdRohUiO;Bell, R. A., Wilkes, M. S., & Kravitz, R. L. (1999). Advertisement-induced prescription drug requests: Patients' anticipated responses to a physician who refuses. *Journal of Family Practice, 48*(6), 446-452.;valid
thread_PEsMytBAQZooSGqkYdRohUiO;Woloshin, S., Schwartz, L. M., Tremmel, J., & Welch, H. G. (2001). Direct-to-consumer advertisements for prescription drugs: What are Americans being sold? *The Lancet, 358*(9294), 1141-1146. https://doi.org/10.1016/S0140-6736(01)06254-8;not_found
thread_rAqcvqfNciefEw5vUSdJ0xAb;Frosch, D. L., Krueger, P. M., Hornik, R. C., Cronholm, P. F., & Barg, F. K. (2007). Creating demand for prescription drugs: A content analysis of television direct-to-consumer advertising. *The Annals of Family Medicine, 5*(1), 6-13. https://doi.org/10.1370/afm.611;valid
thread_rAqcvqfNciefEw5vUSdJ0xAb;Schwartz, L. M., Woloshin, S., & Welch, H. G. (2009). Using a drug facts box to communicate drug benefits and harms: Two randomized trials. *Annals of Internal Medicine, 150*(8), 516-527. https://doi.org/10.7326/0003-4819-150-8-200904210-00006;not_found
thread_rAqcvqfNciefEw5vUSdJ0xAb;Mintzes, B., Mangin, D., & Basu, K. (2019). DTC advertising of prescription drugs: Public health implications and evidence from Canada. *International Journal of Health Policy and Management, 8*(12), 697-705. https://doi.org/10.15171/ijhpm.2019.63;metadata_error
thread_rAqcvqfNciefEw5vUSdJ0xAb;Woloshin, S., & Schwartz, L. M. (2006). Direct-to-consumer advertisements for prescription drugs: What are Americans being sold? *The Lancet, 368*(9541), 1129-1136. https://doi.org/10.1016/S0140-6736(06)69288-9;not_found
thread_rAqcvqfNciefEw5vUSdJ0xAb;Bell, R. A., Wilkes, M. S., & Kravitz, R. L. (2000). Advertisement-induced prescription drug requests: Patients' anticipated reactions to a physician who refuses. *Journal of Family Practice, 49*(4), 329-335.;valid
thread_xWUACLCwJsXbaIzbqRtDlT8L;Conrad, P., & Bergey, M. R. (2014). The impending globalization of ADHD: Notes on the expansion and growth of a medicalized disorder. Social Science & Medicine, 122, 31-43. https://doi.org/10.1016/j.socscimed.2014.10.019;valid
thread_xWUACLCwJsXbaIzbqRtDlT8L;Schwartz, L. M., Woloshin, S., & Welch, H. G. (2009). Direct-to-consumer advertisements for prescription drugs: What are Americans being sold? The Lancet, 373(9662), 1795-1798. https://doi.org/10.1016/S0140-6736(09)60500-6;metadata_error
thread_xWUACLCwJsXbaIzbqRtDlT8L;Frosch, D. L., Krueger, P. M., Hornik, R. C., Cronholm, P. F., & Barg, F. K. (2007). Creating demand for prescription drugs: A content analysis of television direct-to-consumer advertising. Annals of Family Medicine, 5(1), 6-13. https://doi.org/10.1370/afm.611;valid
thread_xWUACLCwJsXbaIzbqRtDlT8L;King, M., & Taylor, J. (2010). Medicalisation of childhood: ADHD and the dilemmas of mothers. Sociology of Health & Illness, 32(6), 761-777. https://doi.org/10.1111/j.1467-9566.2010.01239.x;metadata_error
thread_xWUACLCwJsXbaIzbqRtDlT8L;Mintzes, B., Mangin, D., & Wright, J. M. (2009). Direct-to-consumer advertising of prescription drugs in Canada: Permission by default? Canadian Medical Association Journal, 180(4), 345-346. https://doi.org/10.1503/cmaj.081364;metadata_error
thread_d4Pp5jGvet500vBCMGUmoUzm;Frosch, D. L., Krueger, P. M., Hornik, R. C., Cronholm, P. F., & Barg, F. K. (2007). Creating demand for prescription drugs: A content analysis of television direct-to-consumer advertising. *Annals of Family Medicine, 5*(1), 6-13. https://doi.org/10.1370/afm.611;valid
thread_d4Pp5jGvet500vBCMGUmoUzm;Schwartz, L. M., Woloshin, S., & Welch, H. G. (2009). Using a drug facts box to communicate drug benefits and harms: Two randomized trials. *Annals of Internal Medicine, 150*(8), 516-527. https://doi.org/10.7326/0003-4819-150-8-200904210-00005;metadata_error
thread_d4Pp5jGvet500vBCMGUmoUzm;Conrad, P., & Leiter, V. (2008). From Lydia Pinkham to Prozac: A brief history of direct-to-consumer advertising. *International Journal of Health Services, 38*(4), 721-742. https://doi.org/10.2190/HS.38.4.i;metadata_error
thread_d4Pp5jGvet500vBCMGUmoUzm;Mintzes, B. (2012). Direct-to-consumer advertising of prescription drugs in Canada: Permission by default? *CMAJ, 184*(12), 1347–1348. https://doi.org/10.1503/cmaj.120808;metadata_error
thread_d4Pp5jGvet500vBCMGUmoUzm;Bell, R. A., Wilkes, M. S., & Kravitz, R. L. (2000). Advertisement-induced prescription drug requests: Patients' anticipated reactions to a physician who refuses. *Journal of Family Practice, 49*(4), 349-353.;valid
thread_5FnPivGkB7FQAOR6HU8E0LIY;Frosch, D. L., Krueger, P. M., Hornik, R. C., Cronholm, P. F., & Barg, F. K. (2007). Creating demand for prescription drugs: A content analysis of television direct-to-consumer advertising. *Annals of Family Medicine, 5*(1), 6-13. https://doi.org/10.1370/afm.611;valid
thread_5FnPivGkB7FQAOR6HU8E0LIY;Schwartz, L. M., Woloshin, S., & Welch, H. G. (2009). Using a drug facts box to communicate drug benefits and harms: Two randomized trials. *Annals of Internal Medicine, 150*(8), 516-527. https://doi.org/10.7326/0003-4819-150-8-200904210-00005;metadata_error
thread_5FnPivGkB7FQAOR6HU8E0LIY;Mintzes, B., Barer, M. L., Kravitz, R. L., Kazanjian, A., Bassett, K., Lexchin, J., Evans, R. G., Pan, R., & Marion, S. A. (2002). Influence of direct-to-consumer pharmaceutical advertising and patients' requests on prescribing decisions: A randomized trial. *JAMA, 286*(6), 778-787. https://doi.org/10.1001/jama.286.6.778;not_found
thread_5FnPivGkB7FQAOR6HU8E0LIY;Bell, R. A., Wilkes, M. S., & Kravitz, R. L. (2000). The educational value of consumer-targeted prescription drug print advertising. *Journal of Family Practice, 49*(12), 1092-1098.;valid
thread_5FnPivGkB7FQAOR6HU8E0LIY;Woloshin, S., Schwartz, L. M., Tremmel, J., & Welch, H. G. (2001). Direct-to-consumer advertisements for prescription drugs: What are Americans being sold? *The Lancet, 358*(9288), 1141-1146. https://doi.org/10.1016/S0140-6736(01)06254-2;not_found
thread_ViU4DUlxKGnDirF1SbHwJXHd;Frosch, D. L., Krueger, P. M., Hornik, R. C., Cronholm, P. F., & Barg, F. K. (2007). Creating demand for prescription drugs: A content analysis of television direct-to-consumer advertising. *Annals of Family Medicine, 5*(1), 6–13. https://doi.org/10.1370/afm.611;valid
thread_ViU4DUlxKGnDirF1SbHwJXHd;Schwartz, L. M., Woloshin, S., & Welch, H. G. (2009). Using a drug facts box to communicate drug benefits and harms: Two randomized trials. *Annals of Internal Medicine, 150*(8), 516–527. https://doi.org/10.7326/0003-4819-150-8-200904210-00005;metadata_error
thread_ViU4DUlxKGnDirF1SbHwJXHd;Moreno, M. A., Christakis, D. A., & Egan, K. G. (2012). Associations between direct-to-consumer advertising and adolescent prescription drug use. *Journal of Adolescent Health, 50*(5), 447–450. https://doi.org/10.1016/j.jadohealth.2011.09.007;metadata_error
thread_ViU4DUlxKGnDirF1SbHwJXHd;Bell, R. A., Wilkes, M. S., & Kravitz, R. L. (2000). Advertisement-induced medication demand: Patients' requests for antidepressants in primary care. *Journal of Family Practice, 49*(8), 729–734.;not_found
thread_ViU4DUlxKGnDirF1SbHwJXHd;Mintzes, B., Mangin, D., & Wright, J. M. (2018). Direct-to-consumer advertising of prescription drugs: A scoping review of the literature. *BMJ Open, 8*(11), e019315. https://doi.org/10.1136/bmjopen-2017-019315;metadata_error
thread_J7Ezy9skUiyJ52mU9QkwI14m;Faber, N. J., & Krol, M. (2015). Direct-to-consumer advertising of ADHD medications: An analysis of content and effects. Journal of Health Communication, 20(6), 647-654. https://doi.org/10.1080/10810730.2015.1018647;metadata_error
thread_J7Ezy9skUiyJ52mU9QkwI14m;Schwartz, L. M., Woloshin, S., & Welch, H. G. (2009). Influence of direct-to-consumer advertising on patient perceptions and requests for medications: A case study of ADHD. Pediatrics, 124(4), 935-940. https://doi.org/10.1542/peds.2008-3349;not_found
thread_J7Ezy9skUiyJ52mU9QkwI14m;Conrad, P., & Leiter, V. (2008). The medicalization of ADHD: Direct-to-consumer advertising and its impact on perceptions of childhood behavior. Social Science & Medicine, 67(6), 946-954. https://doi.org/10.1016/j.socscimed.2008.05.020;metadata_error
thread_J7Ezy9skUiyJ52mU9QkwI14m;Bell, R. A., Wilkes, M. S., & Kravitz, R. L. (2000). The educational value of direct-to-consumer prescription drug advertising. Journal of Family Practice, 49(8), 729-735.;valid
thread_J7Ezy9skUiyJ52mU9QkwI14m;Hansen, D. L., & Hansen, J. M. (2015). The effects of direct-to-consumer advertising for ADHD medications on parent perceptions and child diagnosis rates. Health Marketing Quarterly, 32(4), 283-300. https://doi.org/10.1080/07359683.2015.1095002;not_found
thread_ON54us8cJPDH7cvQgcDGjb0b;Schwartz, L. M., Woloshin, S., & Welch, H. G. (2009). Using a drug facts box to communicate drug benefits and harms: Two randomized trials. *Annals of Internal Medicine, 150*(8), 516-527. https://doi.org/10.7326/0003-4819-150-8-200904210-00006;not_found
thread_ON54us8cJPDH7cvQgcDGjb0b;Frosch, D. L., Krueger, P. M., Hornik, R. C., Cronholm, P. F., & Barg, F. K. (2007). Creating demand for prescription drugs: A content analysis of television direct-to-consumer advertising. *Annals of Family Medicine, 5*(1), 6-13. https://doi.org/10.1370/afm.611;valid
thread_ON54us8cJPDH7cvQgcDGjb0b;Conrad, P., & Leiter, V. (2008). From Lydia Pinkham to Prozac: A brief history of direct-to-consumer advertising. *Journal of Social History, 42*(4), 889-916. https://doi.org/10.1353/jsh.0.0023;metadata_error
thread_ON54us8cJPDH7cvQgcDGjb0b;Mintzes, B. (2012). Advertising of prescription-only medicines to the public: Does evidence of benefit counterbalance harm? *Annual Review of Public Health, 33*, 259-277. https://doi.org/10.1146/annurev-publhealth-031811-124540;valid
thread_ON54us8cJPDH7cvQgcDGjb0b;Hansen, D. L., & Hansen, E. H. (2006). Caught in a balancing act: Parents' dilemmas regarding their ADHD child's treatment with stimulant medication. *Qualitative Health Research, 16*(9), 1267-1285. https://doi.org/10.1177/1049732306292546;not_found
thread_zwOvkI6qBeJAou3QVlmw0mMA;Conrad, P., & Bergey, M. R. (2014). The impending globalization of ADHD: Notes on the expansion and growth of a medicalized disorder. Social Science & Medicine, 122, 31-43. https://doi.org/10.1016/j.socscimed.2014.10.019;valid
thread_zwOvkI6qBeJAou3QVlmw0mMA;Frosch, D. L., Krueger, P. M., Hornik, R. C., Cronholm, P. F., & Barg, F. K. (2007). Creating demand for prescription drugs: A content analysis of television direct-to-consumer advertising. Annals of Family Medicine, 5(1), 6-13. https://doi.org/10.1370/afm.611;valid
thread_zwOvkI6qBeJAou3QVlmw0mMA;Schwartz, L. M., Woloshin, S., & Welch, H. G. (2009). Using a drug facts box to communicate drug benefits and harms: Two randomized trials. Annals of Internal Medicine, 150(8), 516-527. https://doi.org/10.7326/0003-4819-150-8-200904210-00106;valid
thread_zwOvkI6qBeJAou3QVlmw0mMA;Mintzes, B. (2012). Direct-to-consumer advertising of prescription drugs in Canada: Permission by default? CMAJ, 184(6), 645-646. https://doi.org/10.1503/cmaj.120565;metadata_error
thread_zwOvkI6qBeJAou3QVlmw0mMA;Woloshin, S., & Schwartz, L. M. (2006). Giving legs to restless legs: A case study of how the media helps make people sick. PLOS Medicine, 3(4), e170. https://doi.org/10.1371/journal.pmed.0030170;valid
thread_7wAfUJ4TD44brVbC5012QnMB;Frosch, D. L., Krueger, P. M., Hornik, R. C., Cronholm, P. F., & Barg, F. K. (2007). Creating demand for prescription drugs: A content analysis of television direct-to-consumer advertising. *Annals of Family Medicine, 5*(1), 6–13. https://doi.org/10.1370/afm.611;valid
thread_7wAfUJ4TD44brVbC5012QnMB;Schwartz, L. M., Woloshin, S., & Welch, H. G. (2009). Using a drug facts box to communicate drug benefits and harms: Two randomized trials. *Annals of Internal Medicine, 150*(8), 516–527. https://doi.org/10.7326/0003-4819-150-8-200904210-00009;metadata_error
thread_7wAfUJ4TD44brVbC5012QnMB;Mintzes, B. (2012). Advertising of prescription-only medicines to the public: Does evidence of benefit counterbalance harm? *Annual Review of Public Health, 33*(1), 259–277. https://doi.org/10.1146/annurev-publhealth-031811-124540;valid
thread_7wAfUJ4TD44brVbC5012QnMB;Bell, R. A., Wilkes, M. S., & Kravitz, R. L. (2000). Advertisement-induced prescription drug requests: Patients' anticipated reactions to a physician who refuses. *Journal of Family Practice, 49*(4), 349–356.;valid
thread_7wAfUJ4TD44brVbC5012QnMB;Woloshin, S., Schwartz, L. M., Tremmel, J., & Welch, H. G. (2001). Direct-to-consumer advertisements for prescription drugs: What are Americans being sold? *The Lancet, 358*(9288), 1141–1146. https://doi.org/10.1016/S0140-6736(01)06254-2;not_found
thread_VKFsg7jXIQ1fsHKsLTSGIE2r;Frosch, D. L., Krueger, P. M., Hornik, R. C., Cronholm, P. F., & Barg, F. K. (2007). Creating demand for prescription drugs: A content analysis of television direct-to-consumer advertising. *Annals of Family Medicine, 5*(1), 6-13. https://doi.org/10.1370/afm.620;metadata_error
thread_VKFsg7jXIQ1fsHKsLTSGIE2r;Schwartz, L. M., Woloshin, S., & Welch, H. G. (2009). Using a drug facts box to communicate drug benefits and harms: Two randomized trials. *Annals of Internal Medicine, 150*(8), 516-527. https://doi.org/10.7326/0003-4819-150-8-200904210-00005;metadata_error
thread_VKFsg7jXIQ1fsHKsLTSGIE2r;Mintzes, B. (2012). Direct-to-consumer advertising of prescription drugs in Canada: Permission by default? *CMAJ, 184*(13), 1463-1464. https://doi.org/10.1503/cmaj.120808;metadata_error
thread_VKFsg7jXIQ1fsHKsLTSGIE2r;Conrad, P., & Bergey, M. R. (2014). The impending globalization of ADHD: Notes on the expansion and growth of a medicalized disorder. *Social Science & Medicine, 122*, 31-43. https://doi.org/10.1016/j.socscimed.2014.10.019;valid
thread_VKFsg7jXIQ1fsHKsLTSGIE2r;Bell, R. A., Wilkes, M. S., & Kravitz, R. L. (2000). The educational value of consumer-targeted prescription drug print advertising. *Journal of Family Practice, 49*(12), 1092-1098.;valid
thread_rm9KxhfQrmxLKUVM7B4mXkIP;Frosch, D. L., Krueger, P. M., Hornik, R. C., Cronholm, P. F., & Barg, F. K. (2007). Creating demand for prescription drugs: A content analysis of television direct-to-consumer advertising. *Annals of Family Medicine, 5*(1), 6-13. https://doi.org/10.1370/afm.611;valid
thread_rm9KxhfQrmxLKUVM7B4mXkIP;Schwartz, L. M., Woloshin, S., & Welch, H. G. (2009). Using a drug facts box to communicate drug benefits and harms: Two randomized trials. *Annals of Internal Medicine, 150*(8), 516-527. https://doi.org/10.7326/0003-4819-150-8-200904210-00005;metadata_error
thread_rm9KxhfQrmxLKUVM7B4mXkIP;Conrad, P., & Leiter, V. (2008). From Lydia Pinkham to Queen Levitra: Direct-to-consumer advertising and medicalization. *Sociology of Health & Illness, 30*(6), 825-838. https://doi.org/10.1111/j.1467-9566.2008.01100.x;metadata_error
thread_rm9KxhfQrmxLKUVM7B4mXkIP;Mintzes, B. (2012). Advertising of prescription-only medicines to the public: Does evidence support calls for a ban? *Expert Review of Clinical Pharmacology, 5*(5), 529-541. https://doi.org/10.1586/ecp.12.45;metadata_error
thread_rm9KxhfQrmxLKUVM7B4mXkIP;Wilkes, M. S., Bell, R. A., & Kravitz, R. L. (2000). Direct-to-consumer prescription drug advertising: Trends, impact, and implications. *Health Affairs, 19*(2), 110-128. https://doi.org/10.1377/hlthaff.19.2.110;valid
thread_ePqGpe4ouyXYKOpqbfp4aHqT;Frosch, Z. A., Krueger, P. M., Hornik, R. C., Cronholm, P. F., & Barg, F. K. (2007). Creating demand for prescription drugs: A content analysis of television direct-to-consumer advertising. *Annals of Family Medicine, 5*(1), 6-13. https://doi.org/10.1370/afm.636;metadata_error
thread_ePqGpe4ouyXYKOpqbfp4aHqT;Schwartz, L. M., Woloshin, S., & Welch, H. G. (2009). Influence of direct-to-consumer advertising for testosterone replacement therapy on prescribing trends. *Journal of the American Medical Association, 300*(15), 1774-1776. https://doi.org/10.1001/jama.300.15.1774;metadata_error
thread_ePqGpe4ouyXYKOpqbfp4aHqT;Conrad, P., & Leiter, V. (2004). Medicalization, markets, and consumers. *Journal of Health and Social Behavior, 45*, 158–176. https://doi.org/10.1177/002214650404500202;metadata_error
thread_ePqGpe4ouyXYKOpqbfp4aHqT;Bell, R. A., Kravitz, R. L., & Wilkes, M. S. (2000). Direct-to-consumer prescription drug advertising and the public. *Journal of General Internal Medicine, 15*(8), 473–480. https://doi.org/10.1046/j.1525-1497.2000.15307.x;not_found
thread_ePqGpe4ouyXYKOpqbfp4aHqT;Mintzes, B., Barer, M. L., Kravitz, R. L., Kazanjian, A., Bassett, K., Lexchin, J., ... & Marion, S. A. (2003). How does direct-to-consumer advertising (DTCA) affect prescribing? A survey in primary care environments with and without DTCA. *Canadian Medical Association Journal, 169*(5), 405-412. https://doi.org/10.1136/bmj.328.7446.1219;not_found
thread_azTSSbYbv3xiAZ6hr8uit48W;Bell, R. A., Wilkes, M. S., & Kravitz, R. L. (2000). Advertisement-induced medication requests: Patients’ anticipated reactions to a physician who refuses. Journal of Family Practice, 49(4), 329-335.;not_found
thread_azTSSbYbv3xiAZ6hr8uit48W;Schwartz, L. M., Woloshin, S., & Welch, H. G. (2007). Direct-to-consumer advertisements for prescription drugs: What are Americans being sold? The Lancet, 369(9559), 710-717. https://doi.org/10.1016/S0140-6736(07)60318-8;not_found
thread_azTSSbYbv3xiAZ6hr8uit48W;Mintzes, B. (2012). Advertising of prescription-only medicines to the public: Does evidence of benefit counterbalance harm? Annual Review of Public Health, 33, 259-277. https://doi.org/10.1146/annurev-publhealth-031811-124540;valid
thread_azTSSbYbv3xiAZ6hr8uit48W;Frosch, D. L., Krueger, P. M., Hornik, R. C., Cronholm, P. F., & Barg, F. K. (2007). Creating demand for prescription drugs: A content analysis of television direct-to-consumer advertising. Annals of Family Medicine, 5(1), 6-13. https://doi.org/10.1370/afm.625;metadata_error
thread_azTSSbYbv3xiAZ6hr8uit48W;Woloshin, S., Schwartz, L. M., Tremmel, J., & Welch, H. G. (2001). Direct-to-consumer advertisements for prescription drugs: What are Americans being sold? The New England Journal of Medicine, 345(5), 372-378. https://doi.org/10.1056/NEJMsa012075;metadata_error
thread_4AQobipdIxwinf4e4MtVtjNV;Frosch, D. L., Krueger, P. M., Hornik, R. C., Cronholm, P. F., & Barg, F. K. (2007). Creating demand for prescription drugs: A content analysis of television direct-to-consumer advertising. *Annals of Family Medicine, 5*(1), 6-13. https://doi.org/10.1370/afm.611;valid
thread_4AQobipdIxwinf4e4MtVtjNV;Schwartz, L. M., Woloshin, S., & Welch, H. G. (2009). Using a drug facts box to communicate drug benefits and harms: Two randomized trials. *Annals of Internal Medicine, 150*(8), 516-527. https://doi.org/10.7326/0003-4819-150-8-200904210-00005;metadata_error
thread_4AQobipdIxwinf4e4MtVtjNV;Mintzes, B., Barer, M. L., Kravitz, R. L., Kazanjian, A., Bassett, K., Lexchin, J., ... & Marion, S. A. (2002). Influence of direct-to-consumer pharmaceutical advertising and patients' requests on prescribing decisions: A randomized trial. *Journal of the American Medical Association, 286*(4), 473-481. https://doi.org/10.1001/jama.286.4.437;not_found
thread_4AQobipdIxwinf4e4MtVtjNV;Woloshin, S., Schwartz, L. M., Tremmel, J., & Welch, H. G. (2001). Direct-to-consumer advertisements for prescription drugs: What are Americans being sold? *The Lancet, 358*(9288), 1141-1146. https://doi.org/10.1016/S0140-6736(01)06254-7;valid
thread_4AQobipdIxwinf4e4MtVtjNV;Bell, R. A., Kravitz, R. L., & Wilkes, M. S. (1999). Direct-to-consumer prescription drug advertising and the public. *Journal of General Internal Medicine, 14*(11), 651-657. https://doi.org/10.1046/j.1525-1497.1999.00387.x;not_found
thread_9yNyoWhCxqlRcOjuHBnuJzK7;Frosch, D. L., Krueger, P. M., Hornik, R. C., Cronholm, P. F., & Barg, F. K. (2007). Creating demand for prescription drugs: A content analysis of television direct-to-consumer advertising. *Annals of Family Medicine, 5*(1), 6-13. https://doi.org/10.1370/afm.611;valid
thread_9yNyoWhCxqlRcOjuHBnuJzK7;Schwartz, L. M., Woloshin, S., & Welch, H. G. (2009). Using a drug facts box to communicate drug benefits and harms: Two randomized trials. *Annals of Internal Medicine, 150*(8), 516-527. https://doi.org/10.7326/0003-4819-150-8-200904210-00005;metadata_error
thread_9yNyoWhCxqlRcOjuHBnuJzK7;Conrad, P., & Leiter, V. (2008). From Lydia Pinkham to Queen Levitra: Direct-to-consumer advertising and medicalization. *Sociology of Health & Illness, 30*(6), 825-838. https://doi.org/10.1111/j.1467-9566.2008.01100.x;metadata_error
thread_9yNyoWhCxqlRcOjuHBnuJzK7;Mintzes, B. (2012). Advertising of prescription-only medicines to consumers: Does evidence of benefit counterbalance harm? *Annual Review of Public Health, 33*, 259-277. https://doi.org/10.1146/annurev-publhealth-031811-124540;valid
thread_9yNyoWhCxqlRcOjuHBnuJzK7;Woloshin, S., Schwartz, L. M., & Welch, H. G. (2007). The risk of using direct-to-consumer advertising to prevent disease. *BMJ, 334*(7600), 924-926. https://doi.org/10.1136/bmj.39167.523148.59;not_found
thread_KGXTMqmcPVMdXQ671taexgAI;Frosch, D. L., Krueger, P. M., Hornik, R. C., Cronholm, P. F., & Barg, F. K. (2007). Creating demand for prescription drugs: A content analysis of television direct-to-consumer advertising. *Annals of Family Medicine, 5*(1), 6-13. https://doi.org/10.1370/afm.667;metadata_error
thread_KGXTMqmcPVMdXQ671taexgAI;Schwartz, L. M., Woloshin, S., & Welch, H. G. (2009). Using a drug facts box to communicate drug benefits and harms: Two randomized trials. *Annals of Internal Medicine, 150*(8), 516-527. https://doi.org/10.7326/0003-4819-150-8-200904210-00106;valid
thread_KGXTMqmcPVMdXQ671taexgAI;Mintzes, B., Mangin, D., Basu, K., Jhung, G., & Schwitzer, G. (2013). Direct-to-consumer advertising of prescription drugs and the patient-doctor relationship. *Journal of General Internal Medicine, 28*(7), 859-866. https://doi.org/10.1007/s11606-012-2218-8;not_found
thread_KGXTMqmcPVMdXQ671taexgAI;Huh, J., & Langteau, R. (2007). Presumed influence of direct-to-consumer (DTC) prescription drug advertising on patients. *Journal of Advertising, 36*(1), 151-172. https://doi.org/10.2753/JOA0091-3367360111;not_found
thread_KGXTMqmcPVMdXQ671taexgAI;Bell, R. A., Wilkes, M. S., & Kravitz, R. L. (1999). Advertisement-induced prescription drug requests: Patients' anticipated reactions to a physician who refuses. *Journal of Family Practice, 48*(6), 446-452.;valid
thread_PXB8ZMua4kTgKbsG4GjxgwKf;Schwartz, L. M., Woloshin, S., & Welch, H. G. (2009). Using direct-to-consumer advertising to stimulate prescription drug sales: Lessons from ADHD. Health Affairs, 28(3), 112-118. https://doi.org/10.1377/hlthaff.28.3.w522  ;not_found
thread_PXB8ZMua4kTgKbsG4GjxgwKf;Frosch, D. L., Krueger, P. M., Hornik, R. C., Cronholm, P. F., & Barg, F. K. (2007). Creating demand for prescription drugs: A content analysis of television direct-to-consumer advertising. Annals of Family Medicine, 5(1), 6-13. https://doi.org/10.1370/afm.623  ;not_found
thread_PXB8ZMua4kTgKbsG4GjxgwKf;Bell, R. A., Wilkes, M. S., & Kravitz, R. L. (2000). The educational value of consumer-targeted prescription drug print advertising. Journal of Family Practice, 49(12), 1092-1098.   ;not_found
thread_PXB8ZMua4kTgKbsG4GjxgwKf;Mintzes, B. (2002). Direct to consumer advertising is a factor in inappropriate drug use. British Medical Journal, 324(7342), 908-909. https://doi.org/10.1136/bmj.324.7342.908  ;not_found
thread_PXB8ZMua4kTgKbsG4GjxgwKf; Conrad, P., & Potter, D. (2004). Human biology and the transformation of ADHD. In The Medicalization of Society (pp. 92-113). Johns Hopkins University Press;not_found
thread_In9JLRS6eukNMxGp2fDBczPG;Frosch, D. L., Krueger, P. M., Hornik, R. C., Cronholm, P. F., & Barg, F. K. (2007). Creating demand for prescription drugs: A content analysis of television direct-to-consumer advertising. *Annals of Family Medicine, 5*(1), 6-13. https://doi.org/10.1370/afm.611  ;not_found
thread_In9JLRS6eukNMxGp2fDBczPG;Schwartz, L. M., Woloshin, S., & Welch, H. G. (2009). Using a drug facts box to communicate drug benefits and harms: Two randomized trials. *Annals of Internal Medicine, 150*(8), 516-527. https://doi.org/10.7326/0003-4819-150-8-200904210-00005  ;not_found
thread_In9JLRS6eukNMxGp2fDBczPG;Mintzes, B., Barer, M. L., Kravitz, R. L., Kazanjian, A., Bassett, K., Lexchin, J., ... & Marion, S. A. (2002). Influence of direct to consumer pharmaceutical advertising and patients' requests on prescribing decisions: Two site cross sectional survey. *BMJ, 324*(7332), 278-279. https://doi.org/10.1136/bmj.324.7332.278  ;not_found
thread_In9JLRS6eukNMxGp2fDBczPG;Bell, R. A., Kravitz, R. L., & Wilkes, M. S. (1999). Direct-to-consumer prescription drug advertising and the public. *Journal of General Internal Medicine, 14*(11), 651-657. https://doi.org/10.1046/j.1525-1497.1999.00388.x  ;not_found
thread_In9JLRS6eukNMxGp2fDBczPG; Woloshin, S., Schwartz, L. M., Tremmel, J., & Welch, H. G. (2001). Direct-to-consumer advertisements for prescription drugs: What are Americans being told? *Lancet, 358*(9294), 1141-1146. https://doi.org/10.1016/S0140-6736(01)06254-2;not_found
thread_np6NgjCS0hUtcz2PCmXa5BbY;Faber, M. J., & Schor, E. L. (2017). Evaluating the impact of direct-to-consumer advertising of ADHD medications on parent perceptions and behaviors. *Journal of Pediatrics*, 180, 263-268. https://doi.org/10.1016/j.jpeds.2017.05.034;metadata_error
thread_np6NgjCS0hUtcz2PCmXa5BbY;Schwartz, L. M., Woloshin, S., & Welch, H. G. (2009). Influence of direct-to-consumer advertising on patient requests for prescription medications. *PLOS Medicine*, 6(1), e1000048. https://doi.org/10.1371/journal.pmed.1000048;metadata_error
thread_np6NgjCS0hUtcz2PCmXa5BbY;Bell, R. A., Wilkes, M. S., & Kravitz, R. L. (2000). Advertisement-induced misleading perceptions of ADHD symptoms in parents. *Health Communication*, 12(1), 69-82. https://doi.org/10.1207/S15327027HC1201_05;metadata_error
thread_np6NgjCS0hUtcz2PCmXa5BbY;Mintzes, B. (2012). Advertising ADHD drugs: Effects on parents' understanding of symptoms and drug requests. *British Medical Journal*, 344, e3222. https://doi.org/10.1136/bmj.e3222;not_found
thread_np6NgjCS0hUtcz2PCmXa5BbY;Moreno, M. A., & Furtner, F. (2008). The role of direct-to-consumer advertising in shaping ADHD medication requests. *Archives of Pediatrics & Adolescent Medicine*, 162(11), 1042-1047. https://doi.org/10.1001/archpedi.162.11.1042;metadata_error
thread_nYoEWWYGA7r3kG6oHtmasHSG;Frosch, D. L., Krueger, P. M., Hornik, R. C., Cronholm, P. F., & Barg, F. K. (2007). Creating demand for prescription drugs: A content analysis of television direct-to-consumer advertising. *Annals of Family Medicine, 5*(1), 6–13. https://doi.org/10.1370/afm.611;valid
thread_nYoEWWYGA7r3kG6oHtmasHSG;Schwartz, L. M., Woloshin, S., & Welch, H. G. (2009). Using a drug facts box to communicate drug benefits and harms: Two randomized trials. *Annals of Internal Medicine, 150*(8), 516–527. https://doi.org/10.7326/0003-4819-150-8-200904210-00106;valid
thread_nYoEWWYGA7r3kG6oHtmasHSG;Bell, R. A., Wilkes, M. S., & Kravitz, R. L. (2000). Advertisement-induced prescription drug requests: Patients' anticipated reactions to a physician who refuses. *Journal of Family Practice, 49*(4), 349-353.;valid
thread_nYoEWWYGA7r3kG6oHtmasHSG;Spielmans, G. I., & Parry, P. T. (2010). From evidence-based medicine to marketing-based medicine: Evidence from internal industry documents. *Journal of Bioethical Inquiry, 7*(1), 13–29. https://doi.org/10.1007/s11673-009-9178-2;not_found
thread_nYoEWWYGA7r3kG6oHtmasHSG;Mintzes, B., Mangin, D., & Henry, D. (2002). The influence of direct to consumer pharmaceutical advertising and patients' requests on prescribing decisions: Empirical evidence and ethical issues. *Health Policy, 63*(3), 247–254. https://doi.org/10.1016/S0168-8510(02)00059-4;not_found
thread_4g1Vn0vrVwYY00snHhflGkXB;Bell, R. A., Taylor, L. D., & Kravitz, R. L. (2010). Do antidepressant advertisements educate consumers and promote communication between patients with depression and their physicians? Patient Education and Counseling, 81(1), 121–127. https://doi.org/10.1016/j.pec.2009.12.003;metadata_error
thread_4g1Vn0vrVwYY00snHhflGkXB;Schwartz, L. M., Woloshin, S., & Welch, H. G. (2009). Using a drug facts box to communicate drug benefits and harms: Two randomized trials. Annals of Internal Medicine, 150(8), 516–527. https://doi.org/10.7326/0003-4819-150-8-200904210-00005;metadata_error
thread_4g1Vn0vrVwYY00snHhflGkXB;Frosch, D. L., Krueger, P. M., Hornik, R. C., Cronholm, P. F., & Barg, F. K. (2007). Creating demand for prescription drugs: A content analysis of television direct-to-consumer advertising. Annals of Family Medicine, 5(1), 6–13. https://doi.org/10.1370/afm.611;valid
thread_4g1Vn0vrVwYY00snHhflGkXB;Mintzes, B., Mangin, D., Henry, D., & Lexchin, J. (2011). Direct-to-consumer advertising of prescription drugs and patient choice. Nature Reviews Drug Discovery, 10(10), 733–741. https://doi.org/10.1038/nrd3504;metadata_error
thread_4g1Vn0vrVwYY00snHhflGkXB;Woloshin, S., & Schwartz, L. M. (2006). Giving legs to restless legs: A case study of how the media helps make people sick. PLoS Medicine, 3(4), e170. https://doi.org/10.1371/journal.pmed.0030170;valid
thread_EK5vzBewuWzwKrpBEAleGN8i;Schwartz, L. M., Woloshin, S., & Welch, H. G. (2009). Using direct-to-consumer advertising to promote prevention: Lessons from the effective health care program. Health Affairs, 28(6), w991-w1001. https://doi.org/10.1377/hlthaff.28.6.w991;metadata_error
thread_EK5vzBewuWzwKrpBEAleGN8i;Frosch, D. L., Krueger, P. M., Hornik, R. C., Cronholm, P. F., & Barg, F. K. (2007). Creating demand for prescription drugs: A content analysis of television direct-to-consumer advertising. Annals of Family Medicine, 5(1), 6-13. https://doi.org/10.1370/afm.625;metadata_error
thread_EK5vzBewuWzwKrpBEAleGN8i;Mintzes, B. (2012). Direct-to-consumer advertising of prescription drugs in Canada: Permission by default? CMAJ, 184(13), 1479-1484. https://doi.org/10.1503/cmaj.120710;not_found
thread_EK5vzBewuWzwKrpBEAleGN8i;Bell, R. A., Wilkes, M. S., & Kravitz, R. L. (2000). Advertisement-induced prescription drug requests: Patients' anticipated reactions to a physician who refuses. Journal of Family Practice, 49(4), 349-353.;valid
thread_EK5vzBewuWzwKrpBEAleGN8i;Conrad, P., & Leiter, V. (2008). From Lydia Pinkham to Queen Levitra: Direct-to-consumer advertising and medicalisation. Sociology of Health & Illness, 30(6), 825-838. https://doi.org/10.1111/j.1467-9566.2008.01100.x;metadata_error
thread_a2YdtWUCYOln7kxFHH1TVtZj;Frosch, D. L., Krueger, P. M., Hornik, R. C., Cronholm, P. F., & Barg, F. K. (2007). Creating demand for prescription drugs: A content analysis of television direct-to-consumer advertising. *Annals of Family Medicine, 5*(1), 6-13. https://doi.org/10.1370/afm.636;metadata_error
thread_a2YdtWUCYOln7kxFHH1TVtZj;Schwartz, L. M., Woloshin, S., & Welch, H. G. (2009). Using a drug facts box to communicate drug benefits and harms: Two randomized trials. *Annals of Internal Medicine, 150*(8), 516-527. https://doi.org/10.7326/0003-4819-150-8-200904210-00005;metadata_error
thread_a2YdtWUCYOln7kxFHH1TVtZj;Conrad, P., & Leiter, V. (2008). From Lydia Pinkham to Prozac: A history of selling psychiatric disorders. *Social Science & Medicine, 66*(8), 1528-1539. https://doi.org/10.1016/j.socscimed.2007.12.010;metadata_error
thread_a2YdtWUCYOln7kxFHH1TVtZj;Mintzes, B. (2012). Direct-to-consumer advertising of prescription drugs: What does the evidence say about its impact on health? *Canadian Journal of Public Health, 103*(6), e468-e472. https://doi.org/10.1007/BF03404403;metadata_error
thread_a2YdtWUCYOln7kxFHH1TVtZj;Woloshin, S., & Schwartz, L. M. (2006). Giving legs to restless legs: A case study of how the media helps make people sick. *PLoS Medicine, 3*(4), e170. https://doi.org/10.1371/journal.pmed.0030170;valid
thread_6P31sMMcyi67YHPLVmJyRIaG;Frosch, D. L., Krueger, P. M., Hornik, R. C., Cronholm, P. F., & Barg, F. K. (2007). Creating demand for prescription drugs: A content analysis of television direct-to-consumer advertising. *Annals of Family Medicine, 5*(1), 6-13. https://doi.org/10.1370/afm.611;valid
thread_6P31sMMcyi67YHPLVmJyRIaG;Schwartz, L. M., Woloshin, S., & Welch, H. G. (2009). Using a drug facts box to communicate drug benefits and harms: Two randomized trials. *Annals of Internal Medicine, 150*(8), 516-527. https://doi.org/10.7326/0003-4819-150-8-200904210-00008;metadata_error
thread_6P31sMMcyi67YHPLVmJyRIaG;Conrad, P., & Leiter, V. (2008). From Lydia Pinkham to biotech: Advertising medicines in America. *The Sociology of Health and Illness, 30*(6), 825-838. https://doi.org/10.1111/j.1467-9566.2008.01115.x;metadata_error
thread_6P31sMMcyi67YHPLVmJyRIaG;Mintzes, B., Mangin, D., & Henry, D. (2011). The impact of direct-to-consumer pharmaceutical advertising on patient requests for medications and physician prescribing: A systematic review. *Health Policy, 101*(2), 95-104. https://doi.org/10.1016/j.healthpol.2010.09.003;metadata_error
thread_6P31sMMcyi67YHPLVmJyRIaG;Hansen, D. L., & Hansen, E. H. (2006). Caught in a balancing act: Parents’ dilemmas regarding their ADHD child’s treatment with stimulant medication. *Qualitative Health Research, 16*(9), 1267-1285. https://doi.org/10.1177/1049732306292542;not_found
thread_Z3S9CfT6OAciTnyQGDdlrSYp;Frosch, D. L., Krueger, P. M., Hornik, R. C., Cronholm, P. F., & Barg, F. K. (2007). Creating demand for prescription drugs: A content analysis of television direct-to-consumer advertising. *Annals of Family Medicine, 5*(1), 6-13. https://doi.org/10.1370/afm.611;valid
thread_Z3S9CfT6OAciTnyQGDdlrSYp;Schwartz, L. M., Woloshin, S., & Welch, H. G. (2009). Using a drug facts box to communicate drug benefits and harms: Two randomized trials. *Annals of Internal Medicine, 150*(8), 516-527. https://doi.org/10.7326/0003-4819-150-8-200904210-00005;metadata_error
thread_Z3S9CfT6OAciTnyQGDdlrSYp;Mintzes, B., Barer, M. L., Kravitz, R. L., Kazanjian, A., Bassett, K., Lexchin, J., ... & Marion, S. A. (2002). Influence of direct to consumer pharmaceutical advertising and patients' requests on prescribing decisions: Two cross-sectional surveys. *BMJ, 324*(7332), 278-279. https://doi.org/10.1136/bmj.324.7332.278;valid
thread_Z3S9CfT6OAciTnyQGDdlrSYp;Conrad, P., & Bergey, M. R. (2014). The impending globalization of ADHD: Notes on the expansion and growth of a medicalized disorder. *Social Science & Medicine, 122,* 31-43. https://doi.org/10.1016/j.socscimed.2014.10.019;valid
thread_Z3S9CfT6OAciTnyQGDdlrSYp;Woloshin, S., Schwartz, L. M., & Welch, H. G. (2001). Direct to consumer advertisements for prescription drugs: What are Americans being sold? *The Lancet, 358*(9288), 1145-1148. https://doi.org/10.1016/S0140-6736(01)06254-2;not_found
thread_MFQ8yhCzq9AvjJa11bFsbWoU;Bell, R. A., Wilkes, M. S., & Kravitz, R. L. (2000). Advertisement-induced prescription drug requests: Patients' anticipated reactions to a physician who refuses. Journal of Family Practice, 49(4), 329-335.;valid
thread_MFQ8yhCzq9AvjJa11bFsbWoU;Mintzes, B., Barer, M. L., Kravitz, R. L., Kazanjian, A., Bassett, K., Lexchin, J., ... & Marion, S. A. (2003). How direct-to-consumer advertising of prescription drugs is shaping the health care system. Health Affairs, 22(2), 112-123. https://doi.org/10.1377/hlthaff.22.2.112;not_found
thread_MFQ8yhCzq9AvjJa11bFsbWoU;Schwartz, L. M., Woloshin, S., & Welch, H. G. (2009). Using a drug facts box to communicate drug benefits and harms: Two randomized trials. Annals of Internal Medicine, 150(8), 516-527. https://doi.org/10.7326/0003-4819-150-8-200904210-00106;valid
thread_MFQ8yhCzq9AvjJa11bFsbWoU;Frosch, D. L., Krueger, P. M., Hornik, R. C., Cronholm, P. F., & Barg, F. K. (2007). Creating demand for prescription drugs: A content analysis of television direct-to-consumer advertising. Annals of Family Medicine, 5(1), 6-13. https://doi.org/10.1370/afm.620;metadata_error
thread_MFQ8yhCzq9AvjJa11bFsbWoU;Woloshin, S., Schwartz, L. M., Tremmel, J., & Welch, H. G. (2001). Direct-to-consumer advertisements for prescription drugs: What are Americans being sold? The Lancet, 358(9288), 1145-1148. https://doi.org/10.1016/S0140-6736(01)06254-5;not_found
thread_kQ7TY9Zz3cYh3cyZtsyBVdmk;Frosch, D. L., Krueger, P. M., Hornik, R. C., Cronholm, P. F., & Barg, F. K. (2007). Creating demand for prescription drugs: A content analysis of television direct-to-consumer advertising. *Annals of Family Medicine, 5*(1), 6–13. https://doi.org/10.1370/afm.611;valid
thread_kQ7TY9Zz3cYh3cyZtsyBVdmk;Schwartz, L. M., Woloshin, S., & Welch, H. G. (2009). Using a drug facts box to communicate drug benefits and harms: Two randomized trials. *Annals of Internal Medicine, 150*(8), 516–527. https://doi.org/10.7326/0003-4819-150-8-200904210-00005;metadata_error
thread_kQ7TY9Zz3cYh3cyZtsyBVdmk;Singh, I. (2012). Bad boys, good mothers, and the “miracle” of Ritalin. *Science in Context, 25*(2), 149–182. https://doi.org/10.1017/S0269889712000045;not_found
thread_kQ7TY9Zz3cYh3cyZtsyBVdmk;Moreno, M. A., Furtner, F., & Rivara, F. P. (2012). ADHD medication advertisements. *JAMA Pediatrics, 166*(12), 1098. https://doi.org/10.1001/jamapediatrics.2012.275;not_found
thread_kQ7TY9Zz3cYh3cyZtsyBVdmk;Mintzes, B., Mangin, D., & Ly, D. P. (2019). Direct-to-consumer advertising of pharmaceuticals in Canada, New Zealand, and the United States: An international perspective on policy and practice. *Health Policy, 123*(12), 1125–1133. https://doi.org/10.1016/j.healthpol.2019.09.009;metadata_error
thread_WSUpfh051dMJb6SANq3kSjRU;Frosch, D. L., Krueger, P. M., Hornik, R. C., Cronholm, P. F., & Barg, F. K. (2007). Creating demand for prescription drugs: A content analysis of television direct-to-consumer advertising. *Annals of Family Medicine, 5*(1), 6-13. https://doi.org/10.1370/afm.623;metadata_error
thread_WSUpfh051dMJb6SANq3kSjRU;Schwartz, L. M., Woloshin, S., & Welch, H. G. (2009). Risk communication in direct-to-consumer prescription drug advertising: Lessons from cholesterol-lowering medications. *Archives of Internal Medicine, 169*(21), 2047-2053. https://doi.org/10.1001/archinternmed.2009.439;metadata_error
thread_WSUpfh051dMJb6SANq3kSjRU;Conrad, P., & Leiter, V. (2008). From Lydia Pinkham to biotech: The changing contexts of direct-to-consumer prescription drug advertising. *Health Sociology Review, 17*(2), 242-253. https://doi.org/10.5172/hesr.451.17.2.242;not_found
thread_WSUpfh051dMJb6SANq3kSjRU;Mintzes, B. (2012). Advertising of prescription-only medicines to consumers. *International Journal of Risk & Safety in Medicine, 24*(4), 213-222. https://doi.org/10.3233/JRS-2012-0564;metadata_error
thread_WSUpfh051dMJb6SANq3kSjRU;Bell, R. A., Wilkes, M. S., & Kravitz, R. L. (1999). Advertisement-induced prescription drug requests: Patients' anticipated reactions to a physician who refuses. *Journal of Family Practice, 48*(6), 446-452.;valid
thread_KaPU0eFOCOI0bYygeo2lZQv1;Conrad, P., & Bergey, M. R. (2014). The impending globalization of ADHD: Notes on the expansion and growth of a medicalized disorder. Social Science & Medicine, 122, 31-43. https://doi.org/10.1016/j.socscimed.2014.10.019;valid
thread_KaPU0eFOCOI0bYygeo2lZQv1;Schwartz, L. M., Woloshin, S., & Welch, H. G. (2009). Using pharmaceutical ads to teach about misleading statistics. The New England Journal of Medicine, 357(7), 673-677. https://doi.org/10.1056/NEJMp078199;metadata_error
thread_KaPU0eFOCOI0bYygeo2lZQv1;Bell, R. A., Wilkes, M. S., & Kravitz, R. L. (2000). Advertisement-induced prescription drug requests: Patients' anticipated reactions to a physician who refuses. The Journal of Family Practice, 49(4), 349-353.;valid
thread_KaPU0eFOCOI0bYygeo2lZQv1;Mintzes, B. (2012). Advertising of prescription-only medicines to the public: Does evidence of benefit counterbalance harm? Annual Review of Public Health, 33, 259-277. https://doi.org/10.1146/annurev-publhealth-031811-124540;valid
thread_KaPU0eFOCOI0bYygeo2lZQv1;Frosch, D. L., Krueger, P. M., Hornik, R. C., Cronholm, P. F., & Barg, F. K. (2007). Creating demand for prescription drugs: A content analysis of television direct-to-consumer advertising. Annals of Family Medicine, 5(1), 6-13. https://doi.org/10.1370/afm.611;valid
thread_ZnNAiwlEs2EynjkMZqm7DrIK;Frosch, D. L., Krueger, P. M., Hornik, R. C., Cronholm, P. F., & Barg, F. K. (2007). Creating demand for prescription drugs: A content analysis of television direct-to-consumer advertising. Annals of Family Medicine, 5(1), 6-13. https://doi.org/10.1370/afm.620;metadata_error
thread_ZnNAiwlEs2EynjkMZqm7DrIK;Schwartz, L. M., Woloshin, S., & Welch, H. G. (2009). Using a drug facts box to communicate drug benefits and harms: Two randomized trials. Annals of Internal Medicine, 150(8), 516-527. https://doi.org/10.7326/0003-4819-150-8-200904210-00003;metadata_error
thread_ZnNAiwlEs2EynjkMZqm7DrIK;Woloshin, S., Schwartz, L. M., Tremmel, J., & Welch, H. G. (2001). Direct-to-consumer advertisements for prescription drugs: What are Americans being sold? The Lancet, 358(9288), 1141-1146. https://doi.org/10.1016/S0140-6736(01)06254-2;not_found
thread_ZnNAiwlEs2EynjkMZqm7DrIK;Mintzes, B. (2002). Direct-to-consumer advertising is medicalising normal human experience. BMJ, 324(7342), 908-911. https://doi.org/10.1136/bmj.324.7342.908;valid
thread_ZnNAiwlEs2EynjkMZqm7DrIK;Bell, R. A., Kravitz, R. L., Wilkes, M. S. (1999). Direct-to-consumer prescription drug advertising and the public. The Journal of Family Practice, 48(6), 446-458. https://doi.org/10.3122/jabfm.19.1.6;not_found
thread_azLPPMYAhVwkzgtVO5s3eAu8;Schwartz, L. M., Woloshin, S., & Abramson, J. (2009). Influence of pharmaceutical advertising on parents' decisions to seek ADHD treatment for their children. Health Affairs, 28(3), 790-798. https://doi.org/10.1377/hlthaff.28.3.790;not_found
thread_azLPPMYAhVwkzgtVO5s3eAu8;Frosch, D. L., Krueger, P. M., Hornik, R. C., Cronholm, P. F., & Barg, F. K. (2007). Creating demand for prescription drugs: A content analysis of television direct-to-consumer advertising. Annals of Family Medicine, 5(1), 6-13. https://doi.org/10.1370/afm.611;valid
thread_azLPPMYAhVwkzgtVO5s3eAu8;Conrad, P., & Bergey, M. R. (2014). The impending globalization of ADHD: Notes on the expansion and growth of a medicalized disorder. Social Science & Medicine, 122, 31-43. https://doi.org/10.1016/j.socscimed.2014.10.019;valid
thread_azLPPMYAhVwkzgtVO5s3eAu8;Mintzes, B. (2012). Advertising of prescription-only medicines to consumers: A review of evidence. International Journal of Risk & Safety in Medicine, 24(4), 183-192. https://doi.org/10.3233/JRS-2012-0574;metadata_error
thread_azLPPMYAhVwkzgtVO5s3eAu8;Moncrieff, J., & Timimi, S. (2013). The social and cultural construction of ADHD. Journal of Child Psychology and Psychiatry, 54(4), 510-520. https://doi.org/10.1111/jcpp.12082;metadata_error
thread_Auw2CK5AtWAac3bZNa2UoAvo;Frosch, D. L., Krueger, P. M., Hornik, R. C., Cronholm, P. F., & Barg, F. K. (2007). Creating demand for prescription drugs: A content analysis of television direct-to-consumer advertising. *Annals of Family Medicine, 5*(1), 6-13. https://doi.org/10.1370/afm.611;valid
thread_Auw2CK5AtWAac3bZNa2UoAvo;Schwartz, L. M., Woloshin, S., & Welch, H. G. (2009). Using a drug facts box to communicate drug benefits and harms: Two randomized trials. *Annals of Internal Medicine, 150*(8), 516-527. https://doi.org/10.7326/0003-4819-150-8-200904210-00005;metadata_error
thread_Auw2CK5AtWAac3bZNa2UoAvo;Mintzes, B., Mangin, D., Henry, D., & Lexchin, J. (2007). Drug safety and effectiveness: Challenges in direct-to-consumer advertising. *Canadian Medical Association Journal, 176*(5), 647-650. https://doi.org/10.1503/cmaj.061441;metadata_error
thread_Auw2CK5AtWAac3bZNa2UoAvo;Bell, R. A., Kravitz, R. L., Wilkes, M. S. (1999). Direct-to-consumer prescription drug advertising and the public. *Journal of General Internal Medicine, 14*(11), 651-657. https://doi.org/10.1046/j.1525-1497.1999.00398.x;not_found
thread_Auw2CK5AtWAac3bZNa2UoAvo;Woloshin, S., Schwartz, L. M., & Tremmel, J. (2001). Direct-to-consumer advertisements for prescription drugs: What are Americans being told? *Lancet, 358*(9294), 1145-1148. https://doi.org/10.1016/S0140-6736(01)06254-2;not_found
thread_8OhbqMssXdl8leCBtjj0FNLd;Frosch, D. L., Krueger, P. M., Hornik, R. C., Cronholm, P. F., & Barg, F. K. (2007). Creating demand for prescription drugs: A content analysis of television direct-to-consumer advertising. *Annals of Family Medicine, 5*(1), 6-13. https://doi.org/10.1370/afm.611;valid
thread_8OhbqMssXdl8leCBtjj0FNLd;Schwartz, L. M., Woloshin, S., & Welch, H. G. (2009). Using a drug facts box to communicate drug benefits and harms: Two randomized trials. *Annals of Internal Medicine, 150*(8), 516-527. https://doi.org/10.7326/0003-4819-150-8-200904210-00005;metadata_error
thread_8OhbqMssXdl8leCBtjj0FNLd;Mintzes, B. (2012). Advertising of prescription-only medicines to consumers: A review of the evidence. *International Journal of Risk & Safety in Medicine, 24*(4), 183-192. https://doi.org/10.3233/JRS-2012-0574;metadata_error
thread_8OhbqMssXdl8leCBtjj0FNLd;Bell, R. A., Wilkes, M. S., & Kravitz, R. L. (2000). The educational value of consumer-targeted prescription drug print advertising. *Journal of Family Practice, 49*(12), 1092-1098.;valid
thread_8OhbqMssXdl8leCBtjj0FNLd;Woloshin, S., Schwartz, L. M., Tremmel, J., & Welch, H. G. (2001). Direct-to-consumer advertisements for prescription drugs: What are Americans being sold? *The Lancet, 358*(9294), 1141-1146. https://doi.org/10.1016/S0140-6736(01)06254-2;not_found
thread_GEuFuN6GgxAmKV0n7Ty2xso3;Frosch, D. L., Krueger, P. M., Hornik, R. C., Cronholm, P. F., & Barg, F. K. (2007). Creating demand for prescription drugs: A content analysis of television direct-to-consumer advertising. *Annals of Family Medicine, 5*(1), 6-13. https://doi.org/10.1370/afm.611;valid
thread_GEuFuN6GgxAmKV0n7Ty2xso3;Schwartz, L. M., Woloshin, S., & Welch, H. G. (2009). Using a drug facts box to communicate drug benefits and harms: Two randomized trials. *Annals of Internal Medicine, 150*(8), 516-527. https://doi.org/10.7326/0003-4819-150-8-200904210-00106;valid
thread_GEuFuN6GgxAmKV0n7Ty2xso3;Conrad, P., & Leiter, V. (2008). From Lydia Pinkham to biotech: The transformation of drug advertising. *Health Affairs, 27*(2), 460-468. https://doi.org/10.1377/hlthaff.27.2.460;metadata_error
thread_GEuFuN6GgxAmKV0n7Ty2xso3;Mintzes, B., Barer, M. L., Kravitz, R. L., Kazanjian, A., Bassett, K., Lexchin, J., Evans, R. G., & Pan, R. (2002). Influence of direct to consumer pharmaceutical advertising and patients’ requests on prescribing decisions: Two site cross sectional survey. *BMJ, 324*(7332), 278-279. https://doi.org/10.1136/bmj.324.7332.278;valid
thread_GEuFuN6GgxAmKV0n7Ty2xso3;Spielmans, G. I., & Parry, P. T. (2010). From evidence-based medicine to marketing-based medicine: Evidence from internal industry documents. *Journal of Bioethical Inquiry, 7*(1), 13-29. https://doi.org/10.1007/s11673-009-9178-0;not_found
thread_EMJWN8YAjz8RhLXDWdx22vzs;Schwartz, L. M., & Woloshin, S. (2019). Medical marketing in the United States, 1997-2016. *JAMA*, 321(1), 80–96. https://doi.org/10.1001/jama.2018.19320;valid
thread_EMJWN8YAjz8RhLXDWdx22vzs;Frosch, D. L., Krueger, P. M., Hornik, R. C., Cronholm, P. F., & Barg, F. K. (2007). Creating demand for prescription drugs: A content analysis of television direct-to-consumer advertising. *Annals of Family Medicine*, 5(1), 6–13. https://doi.org/10.1370/afm.611;valid
thread_EMJWN8YAjz8RhLXDWdx22vzs;Mintzes, B. (2012). Direct-to-consumer advertising of prescription drugs: What does the evidence say? *Canadian Medical Association Journal*, 185(8), E319–E320. https://doi.org/10.1503/cmaj.120907;not_found
thread_EMJWN8YAjz8RhLXDWdx22vzs;Conrad, P., & Bergey, M. R. (2014). The impending globalization of ADHD: Notes on the expansion and growth of a medicalized pattern. *Social Science & Medicine*, 122, 31–43. https://doi.org/10.1016/j.socscimed.2014.10.019;valid
thread_EMJWN8YAjz8RhLXDWdx22vzs;Woloshin, S., Schwartz, L. M., & Welch, H. G. (2009). The risk of overestimating the benefits of direct-to-consumer advertising for prescription drugs. *Health Affairs*, 28(1), w82–w87. https://doi.org/10.1377/hlthaff.28.1.w82;not_found
thread_ot4Onmait5KlVqfVrzCWBqtl;Bell, R. A., Wilkes, M. S., & Kravitz, R. L. (2000). Advertising prescription drugs directly to consumers: Effects on medication requests and physician prescribing. *Journal of the American Medical Association*, 284(17), 2243–2248. https://doi.org/10.1001/jama.284.17.2243;metadata_error
thread_ot4Onmait5KlVqfVrzCWBqtl;Schwartz, L. M., Woloshin, S., & Welch, H. G. (2009). Using a drug facts box to communicate drug benefits and harms: Two randomized trials. *Annals of Internal Medicine*, 150(8), 516–527. https://doi.org/10.7326/0003-4819-150-8-200904210-00005;metadata_error
thread_ot4Onmait5KlVqfVrzCWBqtl;Frosch, D. L., Krueger, P. M., Hornik, R. C., Cronholm, P. F., & Barg, F. K. (2007). Creating demand for prescription drugs: A content analysis of television direct-to-consumer advertising. *Annals of Family Medicine*, 5(1), 6–13. https://doi.org/10.1370/afm.611;valid
thread_ot4Onmait5KlVqfVrzCWBqtl;Mintzes, B. (2012). Direct-to-consumer advertising of prescription drugs in Canada: Permission, pills, and public health. *International Journal of Risk & Safety in Medicine*, 24(4), 179–189. https://doi.org/10.3233/JRS-2012-0574;metadata_error
thread_ot4Onmait5KlVqfVrzCWBqtl;Woloshin, S., Schwartz, L. M., Tremmel, J., & Welch, H. G. (2001). Direct-to-consumer advertisements for prescription drugs: What are Americans being told? *Lancet*, 358(9294), 1141–1146. https://doi.org/10.1016/S0140-6736(01)06254-2;not_found
thread_uqfPM1WpIxx8bEcBVtqQDNyC;Frosch, Z., Krueger, P. M., Hornik, R. C., & Cronholm, P. F. (2007). Creating demand for prescription drugs: A content analysis of television direct-to-consumer advertising. *Annals of Family Medicine, 5*(1), 6-13. https://doi.org/10.1370/afm.629;metadata_error
thread_uqfPM1WpIxx8bEcBVtqQDNyC;Schwartz, L. M., & Woloshin, S. (2016). Medical marketing in the United States, 1997-2016. *JAMA, 317*(1), 17-27. https://doi.org/10.1001/jama.2016.19323;metadata_error
thread_uqfPM1WpIxx8bEcBVtqQDNyC;Hansen, H., & Metzl, J. M. (2016). Structural competency in mental health and medicine: A case-based approach to treating the social determinants of health. *AMA Journal of Ethics, 18*(3), 243-255. https://doi.org/10.1001/journalofethics.2016.18.3.peer2-1603;not_found
thread_uqfPM1WpIxx8bEcBVtqQDNyC;Conrad, P., & Leiter, V. (2008). From Lydia Pinkham to biotech: The commercialization of medical diagnoses. *Journal of Health and Social Behavior, 49*(4), 317-332. https://doi.org/10.1177/002214650804900401;metadata_error
thread_uqfPM1WpIxx8bEcBVtqQDNyC;Mintzes, B. (2012). Direct-to-consumer advertising of prescription drugs in Canada: Permission by default? *CMAJ, 174*(9), 1247-1248. https://doi.org/10.1503/cmaj.051733;not_found
thread_XX80uXTq1IFgtmQF36FsAcMG;Frosch, D. L., Krueger, P. M., Hornik, R. C., Cronholm, P. F., & Barg, F. K. (2007). Creating demand for prescription drugs: A content analysis of television direct-to-consumer advertising. *Annals of Family Medicine, 5*(1), 6-13. https://doi.org/10.1370/afm.611;valid
thread_XX80uXTq1IFgtmQF36FsAcMG;Schwartz, L. M., Woloshin, S., & Welch, H. G. (2009). Using a drug facts box to communicate drug benefits and harms: Two randomized trials. *Annals of Internal Medicine, 150*(8), 516-527. https://doi.org/10.7326/0003-4819-150-8-200904210-00106;valid
thread_XX80uXTq1IFgtmQF36FsAcMG;Jureidini, J., & McHenry, L. (2011). Conflicted medical journals and the failure of trust in medical research. *Accountability in Research, 18*(1), 45-54. https://doi.org/10.1080/08989621.2011.542433;not_found
thread_XX80uXTq1IFgtmQF36FsAcMG;Mintzes, B. (2012). Advertising of prescription-only medicines to the public: Does evidence of benefit outweigh harm? *Annual Review of Public Health, 33*, 259-277. https://doi.org/10.1146/annurev-publhealth-031811-124540;valid
thread_XX80uXTq1IFgtmQF36FsAcMG;Spence, M. M., Teleki, S. S., Cheetham, T. C., & Schweitzer, S. O. (2005). Direct-to-consumer advertising of COX-2 inhibitors: Effect on appropriateness of prescribing. *Medical Care Research and Review, 62*(5), 544-559. https://doi.org/10.1177/1077558705279293;not_found
thread_21Gnr87r4QVhYEBf5bjt2iNu;Frosch, D. L., Krueger, P. M., Hornik, R. C., Cronholm, P. F., & Barg, F. K. (2007). Creating demand for prescription drugs: A content analysis of television direct-to-consumer advertising. *Annals of Family Medicine, 5*(1), 6-13. https://doi.org/10.1370/afm.625;metadata_error
thread_21Gnr87r4QVhYEBf5bjt2iNu;Schwartz, L. M., Woloshin, S., & Welch, H. G. (2009). Using a drug facts box to communicate drug benefits and harms: Two randomized trials. *Annals of Internal Medicine, 150*(8), 516-527. https://doi.org/10.7326/0003-4819-150-8-200904210-00005;metadata_error
thread_21Gnr87r4QVhYEBf5bjt2iNu;Mintzes, B. (2012). Direct-to-consumer advertising of prescription drugs: What the evidence says. *Canadian Medical Association Journal, 174*(5), 487-488. https://doi.org/10.1503/cmaj.1041611;metadata_error
thread_21Gnr87r4QVhYEBf5bjt2iNu;Conrad, P., & Potter, D. (2000). From hyperactive children to ADHD adults: Observations on the expansion of medical categories. *Social Problems, 47*(4), 559-582. https://doi.org/10.1525/sp.2000.47.4.03x0315v;not_found
thread_21Gnr87r4QVhYEBf5bjt2iNu;Donohue, J. M., Cevasco, M., & Rosenthal, M. B. (2007). A decade of direct-to-consumer advertising of prescription drugs. *The New England Journal of Medicine, 357*(7), 673-681. https://doi.org/10.1056/NEJMsa070502;valid
thread_glUuXXctphIdS89zlxRCyHyw;Schwartz, L. M., & Woloshin, S. (2013). Medical marketing in the United States, 1997-2016. *JAMA*, 319(17), 1774-1775. https://doi.org/10.1001/jama.2018.1707;not_found
thread_glUuXXctphIdS89zlxRCyHyw;Frosch, D. L., Krueger, P. M., Hornik, R. C., Cronholm, P. F., & Barg, F. K. (2007). Creating demand for prescription drugs: A content analysis of television direct-to-consumer advertising. *Annals of Family Medicine*, 5(1), 6-13. https://doi.org/10.1370/afm.611;valid
thread_glUuXXctphIdS89zlxRCyHyw;Conrad, P., & Leiter, V. (2008). From Lydia Pinkham to biotech: The changing context of DTC pharmaceutical advertising. *Health Affairs*, 27(2), 108-117. https://doi.org/10.1377/hlthaff.27.2.108;not_found
thread_glUuXXctphIdS89zlxRCyHyw;Mintzes, B. (2012). Direct-to-consumer advertising of prescription drugs: What does the evidence say about its impact on health? *Canadian Medical Association Journal*, 184(6), 674-675. https://doi.org/10.1503/cmaj.120629;not_found
thread_glUuXXctphIdS89zlxRCyHyw;Hansen, C., & Hansen, M. (2006). Direct-to-consumer advertising and its impact on pediatric ADHD patients. *Journal of Child and Adolescent Psychopharmacology*, 16(3), 405-412. https://doi.org/10.1089/cap.2006.16.405;not_found
thread_auXwIAIn6vfeCskXgDEurjOQ;Bell, R. A., Taylor, L. D., & Kravitz, R. L. (2010). Direct-to-consumer prescription drug advertising and the public. Annals of the American Academy of Political and Social Science, 658(1), 101-116. https://doi.org/10.1177/0002716210368102;metadata_error
thread_auXwIAIn6vfeCskXgDEurjOQ;Frosch, D. L., Krueger, P. M., Hornik, R. C., Cronholm, P. F., & Barg, F. K. (2007). Creating demand for prescription drugs: A content analysis of television direct-to-consumer advertising. Annals of Family Medicine, 5(1), 6-13. https://doi.org/10.1370/afm.611;valid
thread_auXwIAIn6vfeCskXgDEurjOQ;Mintzes, B. (2012). Advertising of prescription-only medicines to the public: Does evidence support calls for a ban? Journal of Public Health Policy, 33(2), 165-175. https://doi.org/10.1057/jphp.2012.14;metadata_error
thread_auXwIAIn6vfeCskXgDEurjOQ;Schwartz, L. M., Woloshin, S., & Welch, H. G. (2009). Influence of direct-to-consumer pharmaceutical advertising and patients' requests on prescribing decisions: A randomized trial. JAMA, 286(6), 722-728. https://doi.org/10.1001/jama.286.6.722;not_found
thread_auXwIAIn6vfeCskXgDEurjOQ;Spence, M. M., Teleki, S. S., Cheetham, T. C., & Schweitzer, S. O. (2005). Direct-to-consumer advertising of COX-2 inhibitors: Effect on appropriateness of prescribing. Medical Care Research and Review, 62(5), 544-559. https://doi.org/10.1177/1077558705277386;metadata_error
thread_TvLL4pdrWeMYJwLWsujJ9KEq;Schwartz, L. M., Woloshin, S., & Welch, H. G. (2009). Using a drug facts box to communicate drug benefits and harms: Two randomized trials. Annals of Internal Medicine, 150(8), 516–527. https://doi.org/10.7326/0003-4819-150-8-200904210-00005;metadata_error
thread_TvLL4pdrWeMYJwLWsujJ9KEq;Bell, R. A., Wilkes, M. S., & Kravitz, R. L. (2000). Advertisement-induced prescription drug requests: Patients' anticipated reactions to a physician who refuses. Journal of Family Practice, 49(4), 349-356.;valid
thread_TvLL4pdrWeMYJwLWsujJ9KEq;Mintzes, B., Mangin, D., & Swandari, S. (2011). Direct-to-consumer advertising of prescription drugs and consumer behavior. In G. F. Ginsburg & S. Falit (Eds.), Pharmaceutical Public Policy (pp. 161–187). CRC Press.;valid
thread_TvLL4pdrWeMYJwLWsujJ9KEq;Frosch, D. L., Krueger, P. M., Hornik, R. C., Cronholm, P. F., & Barg, F. K. (2007). Creating demand for prescription drugs: A content analysis of television direct-to-consumer advertising. Annals of Family Medicine, 5(1), 6–13. https://doi.org/10.1370/afm.611;valid
thread_TvLL4pdrWeMYJwLWsujJ9KEq;Donohue, J. M., Cevasco, M., & Rosenthal, M. B. (2007). A decade of direct-to-consumer advertising of prescription drugs. New England Journal of Medicine, 357(7), 673–681. https://doi.org/10.1056/NEJMsa070502;valid
thread_2aNEKIYr5gKgaAaNGNEOzidd;Bell, R. A., Wilkes, M. S., & Kravitz, R. L. (2000). Advertisement-induced prescription drug requests: Patients' anticipated reactions to a physician who refuses. Journal of Family Practice, 49(4), 329–335.;valid
thread_2aNEKIYr5gKgaAaNGNEOzidd;Moreno, M. A., Furtado, K., & Rivara, F. P. (2007). Adolescents’ use of social media for health promotion and advertising: Risks and opportunities. Journal of Adolescent Health, 41(6), S40–S41.;not_found
thread_2aNEKIYr5gKgaAaNGNEOzidd;Mintzes, B., Mangin, D., & Basu, K. (2010). Direct-to-consumer advertising of prescription medications in Canada: Examining evidence of increased inappropriate prescribing. CMAJ, 182(4), 383–388.;not_found
thread_2aNEKIYr5gKgaAaNGNEOzidd;Schwartz, L. M., Woloshin, S., & Welch, H. G. (2009). Influence of direct-to-consumer drug advertising on patient requests and prescribing. American Journal of Public Health, 99(2), 192–196.;valid
thread_2aNEKIYr5gKgaAaNGNEOzidd;Frosch, D. L., Grande, D., Tarn, D. M., & Kravitz, R. L. (2010). A decade of controversy: Balancing policy with evidence in the regulation of prescription drug advertising. American Journal of Public Health, 100(1), 24–32.;valid
thread_hiHcnjn7S3Yz1PJNsimOnJTD;Bell, R. A., Wilkes, M. S., & Kravitz, R. L. (2000). Advertisement-induced prescription drug requests: Patients' anticipated reactions to a physician who refuses. *Journal of Family Practice, 49*(4), 349-353.;valid
thread_hiHcnjn7S3Yz1PJNsimOnJTD;Greene, J. A. (2007). Prescribing by numbers: Drugs and the definition of disease. *Johns Hopkins University Press.*;valid
thread_hiHcnjn7S3Yz1PJNsimOnJTD;Mintzes, B. (2012). Advertising of prescription-only medicines to the public. *Health Policy, 101*(3), 229-236. https://doi.org/10.1016/j.healthpol.2011.08.015;metadata_error
thread_hiHcnjn7S3Yz1PJNsimOnJTD;Spielmans, G. I., & Parry, P. T. (2010). From evidence-based medicine to marketing-based medicine: Evidence from internal industry documents. *Journal of Bioethical Inquiry, 7*(1), 13-29. https://doi.org/10.1007/s11673-010-9208-8;valid
thread_hiHcnjn7S3Yz1PJNsimOnJTD;Donohue, J. M., Cevasco, M., & Rosenthal, M. B. (2007). A decade of direct-to-consumer advertising of prescription drugs. *The New England Journal of Medicine, 357*(7), 673-681. https://doi.org/10.1056/NEJMsa070502;valid
thread_0BP36MV3Gl0JgHkLvfhX2AQ7;Bell, R. A., Wilkes, M. S., & Kravitz, R. L. (2000). Direct-to-consumer prescription drug advertising and the public. *Journal of General Internal Medicine, 15*(5), 284–289. https://doi.org/10.1046/j.1525-1497.2000.00300.x;not_found
thread_0BP36MV3Gl0JgHkLvfhX2AQ7;Mintzes, B. (2002). For and against: Direct to consumer advertising is medicalising normal human experience. *BMJ, 324*(7342), 908–911. https://doi.org/10.1136/bmj.324.7342.908;valid
thread_0BP36MV3Gl0JgHkLvfhX2AQ7;Schwartz, L. M., Woloshin, S., & Welch, H. G. (2009). Using a drug facts box to communicate drug benefits and harms: Two randomized trials. *Annals of Internal Medicine, 150*(8), 516–527. https://doi.org/10.7326/0003-4819-150-8-200904210-00005;metadata_error
thread_0BP36MV3Gl0JgHkLvfhX2AQ7;Kravitz, R. L., Epstein, R. M., Feldman, M. D., et al. (2005). Influence of patients' requests for direct-to-consumer advertised antidepressants: A randomized controlled trial. *JAMA, 293*(16), 1995–2002. https://doi.org/10.1001/jama.293.16.1995;valid
thread_0BP36MV3Gl0JgHkLvfhX2AQ7;Spielmans, G. I., & Parry, P. T. (2010). From evidence-based medicine to marketing-based medicine: Evidence from internal industry documents. *Journal of Bioethical Inquiry, 7*(1), 13–29. https://doi.org/10.1007/s11673-009-9178-0;not_found
thread_0LHefQoW3d596fOoB9oyBXSN;Bell, R. A., Wilkes, M. S., & Kravitz, R. L. (2000). Direct-to-consumer prescription drug advertising and the public. *Journal of General Internal Medicine, 15*(4), 284-290. https://doi.org/10.1046/j.1525-1497.2000.03439.x;not_found
thread_0LHefQoW3d596fOoB9oyBXSN;Frosch, D. L., Krueger, P. M., Hornik, R. C., Cronholm, P. F., & Barg, F. K. (2007). Creating demand for prescription drugs: A content analysis of television direct-to-consumer advertising. *Annals of Family Medicine, 5*(1), 6-13. https://doi.org/10.1370/afm.611;valid
thread_0LHefQoW3d596fOoB9oyBXSN;Mintzes, B. (2002). Direct to consumer advertising is medicalising normal human experience. *BMJ, 324*(7342), 908-911. https://doi.org/10.1136/bmj.324.7342.908;valid
thread_0LHefQoW3d596fOoB9oyBXSN;Schwarz, A. (2015). The marketing of antidepressants to teenagers is criticized for targeting normal behaviors. *The New York Times.* Retrieved from https://www.nytimes.com;not_found
thread_0LHefQoW3d596fOoB9oyBXSN;Donohue, J. M., & Berndt, E. R. (2004). Effects of direct-to-consumer advertising on medication choice: The case of antidepressants. *Journal of Public Policy & Marketing, 23*(2), 115-127. https://doi.org/10.1509/jppm.23.2.115.62256;not_found
thread_3jo0lfcPBfkpbDzmS1111iCu;Bell, R. A., Wilkes, M. S., & Kravitz, R. L. (2000). Advertisement-induced prescription drug requests: Patients' anticipated reactions to physicians' refusals. *Journal of Family Practice*, 49(4), 349-353.;not_found
thread_3jo0lfcPBfkpbDzmS1111iCu;Mintzes, B., Barer, M. L., Kravitz, R. L., Kazanjian, A., Bassett, K., Lexchin, J., ... & Marion, S. A. (2003). Influence of direct-to-consumer pharmaceutical advertising and patients' requests on prescribing decisions: Two surveys of physicians and patients. *CMAJ*, 169(5), 405-412.;not_found
thread_3jo0lfcPBfkpbDzmS1111iCu;Frosch, D. L., Krueger, P. M., Hornik, R. C., Cronholm, P. F., & Barg, F. K. (2007). Creating demand for prescription drugs: A content analysis of television direct-to-consumer advertising. *Annals of Family Medicine*, 5(1), 6-13.;valid
thread_3jo0lfcPBfkpbDzmS1111iCu;Donohue, J. M., Cevasco, M., & Rosenthal, M. B. (2007). A decade of direct-to-consumer advertising of prescription drugs. *The New England Journal of Medicine*, 357(7), 673-681.;valid
thread_3jo0lfcPBfkpbDzmS1111iCu;Schwartz, L. M., Woloshin, S., & Welch, H. G. (2009). Using a drug facts box to communicate drug benefits and harms: Two randomized trials. *Annals of Internal Medicine*, 150(8), 516-527.;not_found
thread_KdkJDCpYAERmnGffDijLlgqC;Bell, R. A., Wilkes, M. S., & Kravitz, R. L. (2000). The educational value of consumer-targeted prescription drug advertising. *Journal of Family Practice, 49*(12), 1092–1098.;valid
thread_KdkJDCpYAERmnGffDijLlgqC;Mintzes, B., Mangin, D., & Henry, D. (2002). Direct-to-consumer advertising of prescription drugs: Examining the arguments for and against. *Bulletin of the World Health Organization, 80*(12), 935–943.;valid
thread_KdkJDCpYAERmnGffDijLlgqC;Frosch, D. L., Krueger, P. M., Hornik, R. C., Cronholm, P. F., & Barg, F. K. (2007). Creating demand for prescription drugs: A content analysis of television direct-to-consumer advertising. *Annals of Family Medicine, 5*(1), 6–13. https://doi.org/10.1370/afm.701;metadata_error
thread_KdkJDCpYAERmnGffDijLlgqC;Donohue, J. M., Cevasco, M., & Rosenthal, M. B. (2007). A decade of direct-to-consumer advertising of prescription drugs. *New England Journal of Medicine, 357*(7), 673–681. https://doi.org/10.1056/NEJMsa070502;valid
thread_KdkJDCpYAERmnGffDijLlgqC;Spielmans, G. I., & Parry, P. I. (2010). From evidence-based medicine to marketing-based medicine: Evidence from internal industry documents. *Journal of Bioethical Inquiry, 7*(1), 13–29. https://doi.org/10.1007/s11673-010-9208-8;valid
thread_brg7UOMCgi8Y139ucaEfNgLp;Bell, R. A., Wilkes, M. S., & Kravitz, R. L. (2000). The educational value of consumer-targeted prescription drug advertising. Journal of Family Practice, 49(12), 1092-1098.;valid
thread_brg7UOMCgi8Y139ucaEfNgLp;Mintzes, B. (2002). Direct-to-consumer advertising of prescription drugs in Canada: Permission by default? CMAJ, 167(9), 885-891.;not_found
thread_brg7UOMCgi8Y139ucaEfNgLp;Frosch, D. L., Krueger, P. M., Hornik, R. C., Cronholm, P. F., & Barg, F. K. (2007). Creating demand for prescription drugs: A content analysis of television direct-to-consumer advertising. Annals of Family Medicine, 5(1), 6-13.;valid
thread_brg7UOMCgi8Y139ucaEfNgLp;Woloshin, S., Schwartz, L. M., Tremmel, J., & Welch, H. G. (2001). Direct-to-consumer advertisements for prescription drugs: What are Americans being told? The Lancet, 358(9294), 1141-1146.;valid
thread_brg7UOMCgi8Y139ucaEfNgLp;Fischer, M. A., & Avorn, J. (2003). Economic implications of direct-to-consumer advertising of prescription drugs. Health Affairs, 22(3), 120-128.;valid
thread_q7hwXdFYiaPRCq29AJVMxucg;Bell, R. A., Wilkes, M. S., & Kravitz, R. L. (2000). Advertisement-induced medication requests: Patients' anticipated reactions to a physician who refuses. Journal of Family Practice, 49(4), 329-335.;not_found
thread_q7hwXdFYiaPRCq29AJVMxucg;Mintzes, B., Barer, M. L., Kravitz, R. L., Kazanjian, A., Bassett, K., Lexchin, J., ... & Marion, S. A. (2003). How does direct-to-consumer advertising (DTCA) affect prescribing? A survey in primary care environments with and without DTCA. CMAJ, 169(5), 405-412.;valid
thread_q7hwXdFYiaPRCq29AJVMxucg;Frosch, D. L., Krueger, P. M., Hornik, R. C., Cronholm, P. F., & Barg, F. K. (2007). Creating demand for prescription drugs: A content analysis of television direct-to-consumer advertising. Annals of Family Medicine, 5(1), 6-13. https://doi.org/10.1370/afm.611;valid
thread_q7hwXdFYiaPRCq29AJVMxucg;Wazana, A. (2000). Physicians and the pharmaceutical industry: Is a gift ever just a gift? JAMA, 283(3), 373-380. https://doi.org/10.1001/jama.283.3.373;valid
thread_q7hwXdFYiaPRCq29AJVMxucg;Donohue, J. M., Cevasco, M., & Rosenthal, M. B. (2007). A decade of direct-to-consumer advertising of prescription drugs. New England Journal of Medicine, 357(7), 673-681. https://doi.org/10.1056/NEJMsa070502;valid
thread_tH1I8t9N0EwwOjgZOHO3uiaO;Bell, R. A., Wilkes, M. S., & Kravitz, R. L. (2000). Advertisement-induced prescription drug requests: Patients' anticipated reactions to a physician who refuses. *Journal of Family Practice*, *49*(4), 329-335.;valid
thread_tH1I8t9N0EwwOjgZOHO3uiaO;Schwartz, L. M., Woloshin, S., & Welch, H. G. (2009). Using a drug facts box to communicate drug benefits and harms: Two randomized trials. *Annals of Internal Medicine*, *150*(8), 516-527. https://doi.org/10.7326/0003-4819-150-8-200904210-00005;metadata_error
thread_tH1I8t9N0EwwOjgZOHO3uiaO;Mintzes, B., Barer, M. L., Kravitz, R. L., Kazanjian, A., Bassett, K., Lexchin, J., ... & Marion, S. A. (2002). Influence of direct-to-consumer pharmaceutical advertising and patients' requests on prescribing decisions: Two surveys of physicians and patients. *BMJ*, *324*(7332), 278-279. https://doi.org/10.1136/bmj.324.7332.278;valid
thread_tH1I8t9N0EwwOjgZOHO3uiaO;Kravitz, R. L., Epstein, R. M., Feldman, M. D., Franz, C. E., Azari, R., Wilkes, M., ... & Franks, P. (2005). Influence of patients' requests for direct-to-consumer advertised antidepressants: A randomized controlled trial. *JAMA*, *293*(16), 1995-2002. https://doi.org/10.1001/jama.293.16.1995;valid
thread_tH1I8t9N0EwwOjgZOHO3uiaO;Donohue, J. M., & Berndt, E. R. (2004). Effects of direct-to-consumer advertising on medication choice: The case of antidepressants. *Journal of Public Policy & Marketing*, *23*(2), 115-127. https://doi.org/10.1509/jppm.23.2.115.65175;not_found
thread_Uo9WFGE8KDk6qDwHxK1V9osn;Bell, R. A., Wilkes, M. S., & Kravitz, R. L. (2000). Direct-to-consumer prescription drug advertising and the public. *Journal of General Internal Medicine*, 15(8), 556-563. https://doi.org/10.1046/j.1525-1497.2000.15308.x;not_found
thread_Uo9WFGE8KDk6qDwHxK1V9osn;Mintzes, B., Barer, M. L., Kravitz, R. L., Kazanjian, A., Bassett, K., Lexchin, J., ... & Marion, S. A. (2003). How does direct-to-consumer advertising (DTCA) affect prescribing? A survey in primary care environments with and without legal DTCA. *CMAJ*, 169(5), 405-412.;valid
thread_Uo9WFGE8KDk6qDwHxK1V9osn;Frosch, D. L., Krueger, P. M., Hornik, R. C., Cronholm, P. F., & Barg, F. K. (2007). Creating demand for prescription drugs: A content analysis of television direct-to-consumer advertising. *Annals of Family Medicine*, 5(1), 6-13. https://doi.org/10.1370/afm.625;metadata_error
thread_Uo9WFGE8KDk6qDwHxK1V9osn;Donohue, J. M., Cevasco, M., & Rosenthal, M. B. (2007). A decade of direct-to-consumer advertising of prescription drugs. *The New England Journal of Medicine*, 357(7), 673-681. https://doi.org/10.1056/NEJMsa070502;valid
thread_Uo9WFGE8KDk6qDwHxK1V9osn;Moreno, M. A., Furtner, F., & Rivara, F. P. (2012). Adolescent exposure to direct-to-consumer advertising. *JAMA Pediatrics*, 166(4), 348-350. https://doi.org/10.1001/archpediatrics.2012.2;not_found
thread_M8YvAOBZPFK98zOHVwnYV7Cu;Frosch, D. L., Krueger, P. M., Hornik, R. C., Cronholm, P. F., & Barg, F. K. (2007). Creating demand for prescription drugs: A content analysis of television direct-to-consumer advertising. *Annals of Family Medicine, 5*(1), 6-13. https://doi.org/10.1370/afm.611;valid
thread_M8YvAOBZPFK98zOHVwnYV7Cu;Mintzes, B., Barer, M. L., Kravitz, R. L., Kazanjian, A., Bassett, K., Lexchin, J., ... & Marion, S. A. (2003). Influence of direct to consumer pharmaceutical advertising and patients' requests on prescribing decisions: Two site cross sectional survey. *BMJ, 326*(7401), 117-119. https://doi.org/10.1136/bmj.326.7401.117;not_found
thread_M8YvAOBZPFK98zOHVwnYV7Cu;Bell, R. A., Wilkes, M. S., & Kravitz, R. L. (1999). Advertisement-induced prescription drug requests: Patients' anticipated reactions to a physician who refuses. *Journal of Family Practice, 48*(6), 446-452.;valid
thread_M8YvAOBZPFK98zOHVwnYV7Cu;Donohue, J. M., & Berndt, E. R. (2004). Effects of direct-to-consumer advertising on medication choice: The case of antidepressants. *Journal of Public Policy & Marketing, 23*(2), 115-127. https://doi.org/10.1509/jppm.23.2.115.51405;not_found
thread_M8YvAOBZPFK98zOHVwnYV7Cu;Spielmans, G. I., & Parry, P. T. (2010). From evidence-based medicine to marketing-based medicine: Evidence from internal industry documents. *Journal of Bioethical Inquiry, 7*(1), 13-29. https://doi.org/10.1007/s11673-010-9208-8;valid
thread_1Cl3Sk9mPgx5R3zj1S5wn78S;Schwartz, L. M., Woloshin, S., & Welch, H. G. (2009). Using prescription drug ads to teach about evidence-based medicine. Journal of General Internal Medicine, 24(6), 740–746. https://doi.org/10.1007/s11606-009-0980-9;not_found
thread_1Cl3Sk9mPgx5R3zj1S5wn78S;Mintzes, B., Barer, M. L., Kravitz, R. L., Kazanjian, A., Bassett, K., Lexchin, J., ... & Marion, S. A. (2003). Influence of direct-to-consumer pharmaceutical advertising and patients' requests on prescribing decisions: Two surveys of physicians and patients. BMJ, 326(7401), 1178–1179. https://doi.org/10.1136/bmj.326.7401.1178;not_found
thread_1Cl3Sk9mPgx5R3zj1S5wn78S;Bell, R. A., Wilkes, M. S., & Kravitz, R. L. (2000). Advertisement-induced prescription drug requests: Patients' anticipated reactions to a physician who refuses. Journal of Family Practice, 49(4), 329–335.;valid
thread_1Cl3Sk9mPgx5R3zj1S5wn78S;Frosch, D. L., Krueger, P. M., Hornik, R. C., Cronholm, P. F., & Barg, F. K. (2007). Creating demand for prescription drugs: A content analysis of television direct-to-consumer advertising. Annals of Family Medicine, 5(1), 6–13. https://doi.org/10.1370/afm.611;valid
thread_1Cl3Sk9mPgx5R3zj1S5wn78S;Spence, D. (2012). Bad medicine: Direct to consumer advertising. BMJ, 344, e2801. https://doi.org/10.1136/bmj.e2801;metadata_error
thread_2iPwrJpqFvF3a5amRNxWb64J;Bell, R. A., Wilkes, M. S., & Kravitz, R. L. (2000). Advertisement-induced prescription drug requests: Patients' anticipated benefits and perceived drawbacks. Journal of Family Practice, 49(8), 722-729.;not_found
thread_2iPwrJpqFvF3a5amRNxWb64J;Mintzes, B. (2002). Direct-to-consumer advertising of prescription drugs in Canada: Permission by default? CMAJ, 167(9), 885-886.;not_found
thread_2iPwrJpqFvF3a5amRNxWb64J;Frosch, D. L., Krueger, P. M., Hornik, R. C., Cronholm, P. F., & Barg, F. K. (2007). Creating demand for prescription drugs: A content analysis of television direct-to-consumer advertising. Annals of Family Medicine, 5(1), 6-13. https://doi.org/10.1370/afm.611;valid
thread_2iPwrJpqFvF3a5amRNxWb64J;Donohue, J. M., Cevasco, M., & Rosenthal, M. B. (2007). A decade of direct-to-consumer advertising of prescription drugs. New England Journal of Medicine, 357(7), 673-681. https://doi.org/10.1056/NEJMsa070502;valid
thread_2iPwrJpqFvF3a5amRNxWb64J;Woloshin, S., Schwartz, L. M., Tremmel, J., & Welch, H. G. (2001). Direct-to-consumer advertisements for prescription drugs: What are Americans being told? The Lancet, 358(9294), 1145-1148. https://doi.org/10.1016/S0140-6736(01)06254-2;not_found
thread_feF8d5u4EUEih9dUKFs9Gz6N;Frosch, D. L., Krueger, P. M., Hornik, R. C., Cronholm, P. F., & Barg, F. K. (2007). Creating demand for prescription drugs: A content analysis of television direct-to-consumer advertising. *The Annals of Family Medicine, 5*(1), 6-13. https://doi.org/10.1370/afm.611;valid
thread_feF8d5u4EUEih9dUKFs9Gz6N;Bell, R. A., Wilkes, M. S., & Kravitz, R. L. (2000). Advertisement-induced prescription drug requests: Patients' anticipated reactions to a physician who refuses. *Journal of Family Practice, 49*(4), 349-353.;valid
thread_feF8d5u4EUEih9dUKFs9Gz6N;Mintzes, B., Barer, M. L., Kravitz, R. L., Kazanjian, A., Bassett, K., Lexchin, J., ... & Marion, S. A. (2003). Influence of direct to consumer pharmaceutical advertising and patients' requests on prescribing decisions: Two site cross sectional survey. *BMJ, 326*(7401), 1171-1172. https://doi.org/10.1136/bmj.326.7401.1171;not_found
thread_feF8d5u4EUEih9dUKFs9Gz6N;Moreno, M. A., Furtner, F., & Rivara, F. P. (2011). Adolescents and antidepressants: A new era in direct-to-consumer advertising. *Archives of Pediatrics & Adolescent Medicine, 165*(1), 93. https://doi.org/10.1001/archpediatrics.2010.247;metadata_error
thread_feF8d5u4EUEih9dUKFs9Gz6N;Donohue, J. M., Cevasco, M., & Rosenthal, M. B. (2007). A decade of direct-to-consumer advertising of prescription drugs. *The New England Journal of Medicine, 357*(7), 673-681. https://doi.org/10.1056/NEJMsa070502;valid
thread_nlh0Xh33UQhyL6fFSOFkvKmh;Bell, R. A., Wilkes, M. S., & Kravitz, R. L. (2000). Advertisement-induced prescription drug requests: Patients' anticipated reactions to a physician who refuses. Journal of Family Practice, 49(4), 349-355.;valid
thread_nlh0Xh33UQhyL6fFSOFkvKmh;Frosch, D. L., Krueger, P. M., Hornik, R. C., Cronholm, P. F., & Barg, F. K. (2007). Creating demand for prescription drugs: A content analysis of television direct-to-consumer advertising. Annals of Family Medicine, 5(1), 6-13.;valid
thread_nlh0Xh33UQhyL6fFSOFkvKmh;Mintzes, B., Mangin, D., Hayes, L., & Jureidini, J. (2011). Direct-to-consumer advertising of antidepressants and young people: Raising awareness or creating demand? Journal of Public Mental Health, 10(4), 225-234.;not_found
thread_nlh0Xh33UQhyL6fFSOFkvKmh;Wilkes, M. S., & Kravitz, R. L. (1995). Direct-to-consumer prescription drug advertising: Trends, impact, and implications. Health Affairs, 14(3), 246-258.;valid
thread_nlh0Xh33UQhyL6fFSOFkvKmh;Moreno, M. A., Furtick, K. M., & Rivara, F. P. (2012). Adolescents and antidepressants: A critical review of direct-to-consumer advertising. Clinical Pediatrics, 51(9), 835-841.;not_found
thread_Vuc3OB9kdw6FpgdBu7P97PIi;Bell, R. A., Wilkes, M. S., & Kravitz, R. L. (2000). Direct-to-consumer prescription drug advertising and the public. *Journal of General Internal Medicine, 15*(8), 556–567. https://doi.org/10.1046/j.1525-1497.2000.15308.x;not_found
thread_Vuc3OB9kdw6FpgdBu7P97PIi;Mintzes, B. (2012). Advertising of prescription-only medicines to consumers: A review of the evidence. *International Journal of Risk & Safety in Medicine, 24*(3), 105–116. https://doi.org/10.3233/JRS-2012-0564;metadata_error
thread_Vuc3OB9kdw6FpgdBu7P97PIi;Frosch, D. L., Krueger, P. M., Hornik, R. C., Cronholm, P. F., & Barg, F. K. (2007). Creating demand for prescription drugs: A content analysis of television direct-to-consumer advertising. *Annals of Family Medicine, 5*(1), 6–13. https://doi.org/10.1370/afm.611;valid
thread_Vuc3OB9kdw6FpgdBu7P97PIi;Hoffman, J. R., & Wilkes, M. (1999). Direct to consumer advertising of prescription drugs: An idea whose time should not come. *BMJ, 318*(7176), 1301–1302. https://doi.org/10.1136/bmj.318.7176.1301;not_found
thread_Vuc3OB9kdw6FpgdBu7P97PIi;Spence, M. M., Teleki, S. S., Cheetham, T. C., Millares, M., & Schmittdiel, J. (2005). Direct-to-consumer advertising of COX-2 inhibitors: Effect on appropriateness of prescribing. *American Journal of Managed Care, 11*(10), 617–624.;valid
thread_4nb8GSnCA6KwHbwwifi6tTHY;Bell, R. A., Wilkes, M. S., & Kravitz, R. L. (2000). Advertisement-induced prescription drug requests: Patients' anticipated benefits and perceived drawbacks. *Journal of Family Practice, 49*(2), 109-115.;not_found
thread_4nb8GSnCA6KwHbwwifi6tTHY;Mintzes, B., Barer, M. L., Kravitz, R. L., Kazanjian, A., Bassett, K., Lexchin, J., ... & Marion, S. A. (2002). Influence of direct to consumer pharmaceutical advertising and patients' requests on prescribing decisions: Two site cross sectional survey. *BMJ, 324*(7332), 278-279. https://doi.org/10.1136/bmj.324.7332.278;valid
thread_4nb8GSnCA6KwHbwwifi6tTHY;Frosch, D. L., Krueger, P. M., Hornik, R. C., Cronholm, P. F., & Barg, F. K. (2007). Creating demand for prescription drugs: A content analysis of television direct-to-consumer advertising. *Annals of Family Medicine, 5*(1), 6-13. https://doi.org/10.1370/afm.611;valid
thread_4nb8GSnCA6KwHbwwifi6tTHY;Kesselheim, A. S., Darrow, J. J., & Choudhry, N. K. (2015). The legal and regulatory landscape for direct-to-consumer advertising of prescription drugs. *Journal of the American Medical Association, 314*(15), 1635-1642. https://doi.org/10.1001/jama.2015.12062;not_found
thread_4nb8GSnCA6KwHbwwifi6tTHY;Donohue, J. M., Cevasco, M., & Rosenthal, M. B. (2007). A decade of direct-to-consumer advertising of prescription drugs. *New England Journal of Medicine, 357*(7), 673-681. https://doi.org/10.1056/NEJMsa070502;valid
thread_pWWgzm54amzLLNDzTXYRO9ud;Bell, R. A., Wilkes, M. S., & Kravitz, R. L. (2000). Direct-to-consumer prescription drug advertising and the public. *Journal of General Internal Medicine, 15*(8), 556–567. https://doi.org/10.1046/j.1525-1497.2000.15307.x;not_found
thread_pWWgzm54amzLLNDzTXYRO9ud;Mintzes, B., Barer, M. L., Kravitz, R. L., Kazanjian, A., Bassett, K., Lexchin, J., ... & Marion, S. A. (2003). Influence of direct to consumer pharmaceutical advertising and patients' requests on prescribing decisions: Two site cross sectional survey. *BMJ, 326*(7401), 1171–1172. https://doi.org/10.1136/bmj.326.7401.1171;not_found
thread_pWWgzm54amzLLNDzTXYRO9ud;Woloshin, S., Schwartz, L. M., Tremmel, J., & Welch, H. G. (2001). Direct-to-consumer advertisements for prescription drugs: What are Americans being sold? *The Lancet, 358*(9288), 1145–1148. https://doi.org/10.1016/S0140-6736(01)06254-2;not_found
thread_pWWgzm54amzLLNDzTXYRO9ud;Frosch, D. L., Krueger, P. M., Hornik, R. C., Cronholm, P. F., & Barg, F. K. (2007). Creating demand for prescription drugs: A content analysis of television direct-to-consumer advertising. *Annals of Family Medicine, 5*(1), 6–13. https://doi.org/10.1370/afm.611;valid
thread_pWWgzm54amzLLNDzTXYRO9ud;Kravitz, R. L., Epstein, R. M., Feldman, M. D., Franz, C. E., Azari, R., Wilkes, M. S., ... & Franks, P. (2005). Influence of patients' requests for direct-to-consumer advertised antidepressants: A randomized controlled trial. *JAMA, 293*(16), 1995–2002. https://doi.org/10.1001/jama.293.16.1995;valid
thread_lkRgpEgUMa07NZuyRHn7Z84R;Bell, R. A., Wilkes, M. S., & Kravitz, R. L. (2000). Advertisement-induced medication requests: Patients' anticipated reactions to physicians' refusals. *Journal of Family Practice, 49*(4), 349–353.;not_found
thread_lkRgpEgUMa07NZuyRHn7Z84R;Mintzes, B., Barer, M. L., Kravitz, R. L., Kazanjian, A., Bassett, K., Lexchin, J., ... & Marion, S. A. (2002). Influence of direct-to-consumer pharmaceutical advertising and patients' requests on prescribing decisions: Two surveys of physicians and patients in Canada and the United States. *BMJ, 324*(7332), 278–279.;not_found
thread_lkRgpEgUMa07NZuyRHn7Z84R;Frosch, D. L., Krueger, P. M., Hornik, R. C., Cronholm, P. F., & Barg, F. K. (2007). Creating demand for prescription drugs: A content analysis of television direct-to-consumer advertising. *Annals of Family Medicine, 5*(1), 6–13.;valid
thread_lkRgpEgUMa07NZuyRHn7Z84R;Schwartz, L. M., Woloshin, S., & Welch, H. G. (2009). Using a drug facts box to communicate drug benefits and harms: Two randomized trials. *Annals of Internal Medicine, 150*(8), 516–527.;not_found
thread_lkRgpEgUMa07NZuyRHn7Z84R;Donohue, J. M., Cevasco, M., & Rosenthal, M. B. (2007). A decade of direct-to-consumer advertising of prescription drugs. *The New England Journal of Medicine, 357*(7), 673–681.;valid
thread_Cpeh84ZKAVaTphwsJT5EH5WC;Frosch, D. L., Krueger, P. M., Hornik, R. C., Cronholm, P. F., & Barg, F. K. (2007). Creating demand for prescription drugs: A content analysis of television direct-to-consumer advertising. *Annals of Family Medicine, 5*(1), 6-13. https://doi.org/10.1370/afm.611;valid
thread_Cpeh84ZKAVaTphwsJT5EH5WC;Mintzes, B. (2012). Advertising of prescription-only medicines to consumers: A review of evidence. *International Journal of Risk & Safety in Medicine, 24*(3), 171-186. https://doi.org/10.3233/JRS-2012-0564;metadata_error
thread_Cpeh84ZKAVaTphwsJT5EH5WC;Timmermans, S., & Almeling, R. (2009). Objectification, standardization, and commodification in health care: A conceptual readjustment. *Social Science & Medicine, 69*(1), 21-27. https://doi.org/10.1016/j.socscimed.2009.04.019;metadata_error
thread_Cpeh84ZKAVaTphwsJT5EH5WC;Morain, S. R., & Kahn, J. (2017). The ethical and legal implications of direct-to-consumer advertising of antidepressants to adolescents. *Journal of Health Politics, Policy and Law, 42*(2), 265-284. https://doi.org/10.1215/03616878-3775903;not_found
thread_Cpeh84ZKAVaTphwsJT5EH5WC;Schwartz, L. M., Woloshin, S., & Welch, H. G. (2009). Using a drug facts box to communicate drug benefits and harms: Two randomized trials. *Annals of Internal Medicine, 150*(8), 516-527. https://doi.org/10.7326/0003-4819-150-8-200904210-00005;metadata_error
thread_bwptjnPz8XGt20DHu964sdnD;Bell, R. A., Wilkes, M. S., & Kravitz, R. L. (2000). Advertisement-induced prescription drug requests: Patients' anticipated reactions to a physician who refuses. Journal of Family Practice, 49(4), 349-353.;valid
thread_bwptjnPz8XGt20DHu964sdnD;Frosch, D. L., Krueger, P. M., Hornik, R. C., Cronholm, P. F., & Barg, F. K. (2007). Creating demand for prescription drugs: A content analysis of television direct-to-consumer advertising. Annals of Family Medicine, 5(1), 6-13. doi:10.1370/afm.611;valid
thread_bwptjnPz8XGt20DHu964sdnD;Mintzes, B., Barer, M. L., Kravitz, R. L., Kazanjian, A., Bassett, K., Lexchin, J., ... & Marion, S. A. (2003). Influence of direct to consumer pharmaceutical advertising and patients' requests on prescribing decisions: Two cross sectional surveys. BMJ, 326(7401), 1171-1172. doi:10.1136/bmj.326.7401.1171;not_found
thread_bwptjnPz8XGt20DHu964sdnD;Moreno, M. A., Furtner, F., Rivara, F. P., & Christakis, D. A. (2007). Television viewing and its association with increased symptom reporting and parental requests for prescription drugs. Pediatrics, 120(1), 72-79. doi:10.1542/peds.2006-3622;metadata_error
thread_bwptjnPz8XGt20DHu964sdnD;Schwartz, L. M., Woloshin, S., & Welch, H. G. (2009). Using a drug facts box to communicate drug benefits and harms: Two randomized trials. Annals of Internal Medicine, 150(8), 516-527. doi:10.7326/0003-4819-150-8-200904210-00005;metadata_error
thread_Er2T6fpFotUl0R6IDCZi7Vko;Mintzes, B., Mangin, D., & Hayes, L. (2019). Direct-to-consumer advertising of prescription drugs and patient-provider interactions. Medical Care, 57(11), 849–855. https://doi.org/10.1097/MLR.0000000000001215;metadata_error
thread_Er2T6fpFotUl0R6IDCZi7Vko;Frosch, D. L., Krueger, P. M., Hornik, R. C., Cronholm, P. F., & Barg, F. K. (2007). Creating demand for prescription drugs: A content analysis of television direct-to-consumer advertising. Annals of Family Medicine, 5(1), 6–13. https://doi.org/10.1370/afm.611;valid
thread_Er2T6fpFotUl0R6IDCZi7Vko;Schwartz, L. M., Woloshin, S., & Welch, H. G. (2009). Influence of direct-to-consumer drug advertising on patient and physician behavior. Nature Reviews Drug Discovery, 8(12), 865–872. https://doi.org/10.1038/nrd2981;metadata_error
thread_Er2T6fpFotUl0R6IDCZi7Vko;Bell, R. A., Wilkes, M. S., & Kravitz, R. L. (2000). Advertisement-induced prescription drug requests: Patients' anticipated reactions to a physician who refuses. Journal of Family Practice, 49(4), 329–335.;valid
thread_Er2T6fpFotUl0R6IDCZi7Vko;Spence, M. M., Teleki, S. S., Cheetham, T. C., & Schweitzer, S. O. (2005). Direct-to-consumer advertising of COX-2 inhibitors: Effect on appropriateness of prescribing. American Journal of Managed Care, 11(10), 617–624.;valid
thread_2EZ4wdezcUClbJIYISwvOwqx;Bell, R. A., Wilkes, M. S., & Kravitz, R. L. (2000). Advertisement-induced prescription drug requests: Patients' anticipated reactions to a physician who refuses. Journal of Family Practice, 49(4), 349-353.;valid
thread_2EZ4wdezcUClbJIYISwvOwqx;Frosch, D. L., Krueger, P. M., Hornik, R. C., Cronholm, P. F., & Barg, F. K. (2007). Creating demand for prescription drugs: A content analysis of television direct-to-consumer advertising. Annals of Family Medicine, 5(1), 6-13. https://doi.org/10.1370/afm.611;valid
thread_2EZ4wdezcUClbJIYISwvOwqx;Mintzes, B., Barer, M. L., Kravitz, R. L., et al. (2002). Influence of direct to consumer pharmaceutical advertising and patients’ requests on prescribing decisions: Two site cross sectional survey. BMJ, 324(7332), 278-279. https://doi.org/10.1136/bmj.324.7332.278;valid
thread_2EZ4wdezcUClbJIYISwvOwqx;Moreno, M. A., & Furtner, F. (2011). Direct-to-consumer advertising important for pediatricians to understand. Archives of Pediatrics & Adolescent Medicine, 165(2), 189. https://doi.org/10.1001/archpediatrics.2010.263;metadata_error
thread_2EZ4wdezcUClbJIYISwvOwqx;Schwartz, L. M., Woloshin, S., & Welch, H. G. (2009). Using a drug facts box to communicate drug benefits and harms: Two randomized trials. Annals of Internal Medicine, 150(8), 516-527. https://doi.org/10.7326/0003-4819-150-8-200904210-00106;valid
thread_3Ky9oKnWuYvDyCtuvqWzBbZW;Bell, R. A., Wilkes, M. S., & Kravitz, R. L. (2000). Advertisement-induced prescription drug requests: Patients' anticipated reactions to a physician who refuses. Journal of Family Practice, 49(4), 349-353.;valid
thread_3Ky9oKnWuYvDyCtuvqWzBbZW;Mintzes, B., Barer, M. L., Kravitz, R. L., Kazanjian, A., Bassett, K., Lexchin, J., ... & Marion, S. A. (2002). Influence of direct to consumer pharmaceutical advertising and patients' requests on prescribing decisions: Two cross sectional surveys. BMJ, 324(7332), 278-279.;valid
thread_3Ky9oKnWuYvDyCtuvqWzBbZW;Frosch, D. L., Krueger, P. M., Hornik, R. C., Cronholm, P. F., & Barg, F. K. (2007). Creating demand for prescription drugs: A content analysis of television direct-to-consumer advertising. Annals of Family Medicine, 5(1), 6-13.;valid
thread_3Ky9oKnWuYvDyCtuvqWzBbZW;Donohue, J. M., Cevasco, M., & Rosenthal, M. B. (2007). A decade of direct-to-consumer advertising of prescription drugs. New England Journal of Medicine, 357(7), 673-681.;valid
thread_3Ky9oKnWuYvDyCtuvqWzBbZW;Faerber, A. E., & Kreling, D. H. (2014). Content analysis of false and misleading claims in television advertising for prescription drugs. Journal of General Internal Medicine, 29(1), 110-118.;valid
thread_ZErnPYoQTrRTJTOerJnUl8Ul;Bell, R. A., Wilkes, M. S., & Kravitz, R. L. (2000). The educational value of consumer-targeted prescription drug print advertising. *Journal of Family Practice, 49*(12), 1092-1098.;valid
thread_ZErnPYoQTrRTJTOerJnUl8Ul;Mintzes, B., Mangin, D., Henry, D. A., & Lexchin, J. (2002). Direct-to-consumer advertising of prescription drugs: A focus on the Canadian experience. *Canadian Medical Association Journal, 167*(9), 985-991.;valid
thread_ZErnPYoQTrRTJTOerJnUl8Ul;Kravitz, R. L., Epstein, R. M., Feldman, M. D., Franz, C. E., Azari, R., Wilkes, M. S., ... & Franks, P. (2005). Influence of patients' requests on primary care physicians' prescribing decisions: Results of a randomized controlled trial. *JAMA, 293*(18), 1995-2002.;not_found
thread_ZErnPYoQTrRTJTOerJnUl8Ul;Frosch, D. L., Krueger, P. M., Hornik, R. C., Cronholm, P. F., & Barg, F. K. (2007). Creating demand for prescription drugs: A content analysis of television direct-to-consumer advertising. *Annals of Family Medicine, 5*(1), 6-13.;valid
thread_ZErnPYoQTrRTJTOerJnUl8Ul;Schwarz, A. (2006, February 7). Adolescent depression and antidepressant use. *New York Times*. Retrieved from https://www.nytimes.com;not_found
thread_WMwckgKCsp7t7ZqE0c8P7SMT;Donohue, J. M., & Berndt, E. R. (2004). Effects of direct-to-consumer advertising on medication choice: The case of antidepressants. Journal of Public Policy & Marketing, 23(2), 115–127. https://doi.org/10.1509/jppm.23.2.115.65251  ;not_found
thread_WMwckgKCsp7t7ZqE0c8P7SMT; Bell, R. A., Wilkes, M. S., & Kravitz, R. L. (2000). The educational value of consumer-targeted prescription drug print advertising. The Journal of Family Practice, 49(12), 1092â€“1098.  ;not_found
thread_WMwckgKCsp7t7ZqE0c8P7SMT;Mintzes, B., Barer, M. L., Kravitz, R. L., Kazanjian, A., Bassett, K., Lexchin, J., ... & Marion, S. A. (2003). Influence of direct to consumer pharmaceutical advertising and patients' requests on prescribing decisions: Two site cross sectional survey. BMJ, 326(7401), 1178â€“1179. https://doi.org/10.1136/bmj.326.7401.1178  ;not_found
thread_WMwckgKCsp7t7ZqE0c8P7SMT;Frosch, D. L., Krueger, P. M., Hornik, R. C., Cronholm, P. F., & Barg, F. K. (2007). Creating demand for prescription drugs: A content analysis of television direct-to-consumer advertising. The Annals of Family Medicine, 5(1), 6â€“13. https://doi.org/10.1370/afm.611  ;not_found
thread_WMwckgKCsp7t7ZqE0c8P7SMT;Wilkes, M. S., Bell, R. A., & Kravitz, R. L. (2000). Direct-to-consumer prescription drug advertising: Trends, impact, and implications. Health Affairs, 19(2), 110â€“128. https://doi.org/10.1377/hlthaff.19.2.110;not_found
thread_K2qYjUNZDkcEDtV8LnxDYb6S;Mintzes, B., Mangin, D., & Henry, D. (2009). Direct-to-consumer advertising of prescription drugs: A Canadian perspective. Canadian Medical Association Journal, 181(2-3), 121-123. https://doi.org/10.1503/cmaj.090775;not_found
thread_K2qYjUNZDkcEDtV8LnxDYb6S;Bell, R. A., Wilkes, M. S., & Kravitz, R. L. (2000). Advertisement-induced prescription drug requests: Patients' anticipated reactions to a physician who refuses. Social Science & Medicine, 51(2), 369-377. https://doi.org/10.1016/S0277-9536(99)00462-0;not_found
thread_K2qYjUNZDkcEDtV8LnxDYb6S;Frosch, D. L., Krueger, P. M., Hornik, R. C., Cronholm, P. F., & Barg, F. K. (2007). Creating demand for prescription drugs: A content analysis of television direct-to-consumer advertising. Annals of Family Medicine, 5(1), 6-13. https://doi.org/10.1370/afm.611;valid
thread_K2qYjUNZDkcEDtV8LnxDYb6S;Donohue, J. M., Cevasco, M., & Rosenthal, M. B. (2007). A decade of direct-to-consumer advertising of prescription drugs. New England Journal of Medicine, 357(7), 673-681. https://doi.org/10.1056/NEJMsa070502;valid
thread_K2qYjUNZDkcEDtV8LnxDYb6S;Spielmans, G. I., & Parry, P. T. (2010). From evidence-based medicine to marketing-based medicine: Evidence from internal industry documents. Journal of Bioethical Inquiry, 7(1), 13-29. https://doi.org/10.1007/s11673-009-9178-2;not_found
thread_xC2ehmUKEIdyWfFb7qd5qi6f;Schwartz, L. M., Woloshin, S., & Welch, H. G. (2009). Using a drug facts box to communicate drug benefits and harms: Two randomized trials. Annals of Internal Medicine, 150(8), 516-527. https://doi.org/10.7326/0003-4819-150-8-200904210-00106;valid
thread_xC2ehmUKEIdyWfFb7qd5qi6f;Bell, R. A., Wilkes, M. S., & Kravitz, R. L. (2000). Advertisement-induced prescription drug requests: Patients' anticipated reactions to a physician who refuses. Journal of Family Practice, 49(4), 349-353.;valid
thread_xC2ehmUKEIdyWfFb7qd5qi6f;Mintzes, B., Barer, M. L., Kravitz, R. L., Kazanjian, A., Bassett, K., Lexchin, J., ... & Marion, S. A. (2003). How does direct-to-consumer advertising (DTCA) affect prescribing? A survey in primary care environments with and without DTC advertising. CMAJ, 169(5), 405-412.;not_found
thread_xC2ehmUKEIdyWfFb7qd5qi6f;Frosch, D. L., Krueger, P. M., Hornik, R. C., Cronholm, P. F., & Barg, F. K. (2007). Creating demand for prescription drugs: A content analysis of television direct-to-consumer advertising. Annals of Family Medicine, 5(1), 6-13. https://doi.org/10.1370/afm.620;metadata_error
thread_xC2ehmUKEIdyWfFb7qd5qi6f;Donohue, J. M., Cevasco, M., & Rosenthal, M. B. (2007). A decade of direct-to-consumer advertising of prescription drugs. New England Journal of Medicine, 357(7), 673-681. https://doi.org/10.1056/NEJMsa070502;valid
thread_GnJYHaC0AmtNpWCnSy8zwPpW;Bell, R. A., Wilkes, M. S., & Kravitz, R. L. (2000). Advertisement-induced prescription drug requests: Patients' anticipated reactions to a physician who refuses. *Journal of Family Practice, 49*(4), 349–353.;valid
thread_GnJYHaC0AmtNpWCnSy8zwPpW;Mintzes, B., Barer, M. L., Kravitz, R. L., Kazanjian, A., Bassett, K., Lexchin, J., ... & Marion, S. A. (2002). Influence of direct to consumer pharmaceutical advertising and patients’ requests on prescribing decisions: A controlled study. *BMJ, 324*(7332), 278–279.;not_found
thread_GnJYHaC0AmtNpWCnSy8zwPpW;Schwartz, L. M., Woloshin, S., & Welch, H. G. (2009). Using prescription drug ads to understand and improve prescribing decisions. *American Family Physician, 80*(5), 451–456.;not_found
thread_GnJYHaC0AmtNpWCnSy8zwPpW;Kravitz, R. L., Epstein, R. M., Feldman, M. D., Franz, C., Azari, R., Wilkes, M., ... & Franks, P. (2005). Influence of patients’ requests for direct-to-consumer advertised antidepressants: A randomized controlled trial. *JAMA, 293*(16), 1995–2002.;valid
thread_GnJYHaC0AmtNpWCnSy8zwPpW;Frosch, D. L., Krueger, P. M., Hornik, R. C., Cronholm, P. F., & Barg, F. K. (2007). Creating demand for prescription drugs: A content analysis of television direct-to-consumer advertising. *Annals of Family Medicine, 5*(1), 6–13.;valid
thread_Fv3AevmGvZnbxRHcZTLkOmSZ;Frosch, D. L., Krueger, P. M., Hornik, R. C., Cronholm, P. F., & Barg, F. K. (2007). Creating demand for prescription drugs: A content analysis of television direct-to-consumer advertising. *Annals of Family Medicine, 5*(1), 6-13. https://doi.org/10.1370/afm.611;valid
thread_Fv3AevmGvZnbxRHcZTLkOmSZ;Mintzes, B., Barer, M. L., Kravitz, R. L., Kazanjian, A., Bassett, K., Lexchin, J., ... & Marion, S. A. (2003). Influence of direct to consumer pharmaceutical advertising and patients' requests on prescribing decisions: two site cross sectional survey. *BMJ, 326*(7401), 1178–1183. https://doi.org/10.1136/bmj.326.7401.1178;not_found
thread_Fv3AevmGvZnbxRHcZTLkOmSZ;Schwartz, L. M., Woloshin, S., & Welch, H. G. (2009). Using a drug facts box to communicate drug benefits and harms: Two randomized trials. *Annals of Internal Medicine, 150*(8), 516-527. https://doi.org/10.7326/0003-4819-150-8-200904210-00106;valid
thread_Fv3AevmGvZnbxRHcZTLkOmSZ;Spielmans, G. I., & Parry, P. T. (2010). From evidence-based medicine to marketing-based medicine: Evidence from internal industry documents. *Journal of Bioethical Inquiry, 7*(1), 13-29. https://doi.org/10.1007/s11673-009-9201-6;not_found
thread_Fv3AevmGvZnbxRHcZTLkOmSZ;Bell, R. A., Wilkes, M. S., & Kravitz, R. L. (2000). The educational value of consumer-targeted prescription drug print advertising. *Journal of Family Practice, 49*(12), 1092-1098.;valid
thread_oczy8EaHYl4zxEwJTEJINi2m;Bell, R. A., Wilkes, M. S., & Kravitz, R. L. (2000). Advertisement-induced prescription drug requests: Patients' anticipated reactions to refusals. *Journal of Family Practice, 49*(4), 349–355.;not_found
thread_oczy8EaHYl4zxEwJTEJINi2m;Frosch, D. L., Krueger, P. M., Hornik, R. C., Cronholm, P. F., & Barg, F. K. (2007). Creating demand for prescription drugs: A content analysis of television direct-to-consumer advertising. *Annals of Family Medicine, 5*(1), 6–13. https://doi.org/10.1370/afm.611;valid
thread_oczy8EaHYl4zxEwJTEJINi2m;Mintzes, B., Barer, M. L., Kravitz, R. L., Kazanjian, A., Bassett, K., Lexchin, J., ... & Marion, S. A. (2003). How does direct-to-consumer advertising (DTCA) affect prescribing? A survey in primary care environments with and without DTCA. *Canadian Medical Association Journal, 169*(5), 405–412.;valid
thread_oczy8EaHYl4zxEwJTEJINi2m;Schwartz, L. M., Woloshin, S., & Welch, H. G. (2009). Using a drug facts box to communicate drug benefits and harms: Two randomized trials. *Annals of Internal Medicine, 150*(8), 516–527. https://doi.org/10.7326/0003-4819-150-8-200904210-00006;not_found
thread_oczy8EaHYl4zxEwJTEJINi2m;Donohue, J. M., Cevasco, M., & Rosenthal, M. B. (2007). A decade of direct-to-consumer advertising of prescription drugs. *New England Journal of Medicine, 357*(7), 673–681. https://doi.org/10.1056/NEJMsa070502;valid
thread_zKcKzcy4bUMViH1Pcj8eosoW;Mintzes, B., Mangin, D., & Henry, D. (2013). Direct-to-consumer advertising of prescription drugs: A Canadian perspective. Health Policy, 112(2-3), 171-177. https://doi.org/10.1016/j.healthpol.2013.05.006;metadata_error
thread_zKcKzcy4bUMViH1Pcj8eosoW;Bell, R. A., Wilkes, M. S., & Kravitz, R. L. (2000). Advertisement-Induced Prescription Drug Requests: Patients' Anticipated Reactions to a Physician Who Refuses. Journal of Family Practice, 49(4), 349-353.;valid
thread_zKcKzcy4bUMViH1Pcj8eosoW;Frosch, D. L., Krueger, P. M., Hornik, R. C., Cronholm, P. F., & Barg, F. K. (2007). Creating Demand for Prescription Drugs: A Content Analysis of Television Direct-to-Consumer Advertising. Annals of Family Medicine, 5(1), 6-13. https://doi.org/10.1370/afm.611;valid
thread_zKcKzcy4bUMViH1Pcj8eosoW;Donohue, J. M., & Berndt, E. R. (2004). Effects of Direct-to-Consumer Advertising on Medication Choice: Evidence from the Antidepressant Market. The Journal of Public Policy & Marketing, 23(2), 115-127. https://doi.org/10.1509/jppm.23.2.115.65000;not_found
thread_zKcKzcy4bUMViH1Pcj8eosoW;Kravitz, R. L., Epstein, R. M., Feldman, M. D., Franz, C. E., Azari, R., Wilkes, M. S., ... & Franks, P. (2005). Influence of patients' requests for direct-to-consumer advertised antidepressants: A randomized controlled trial. JAMA, 293(16), 1995-2002. https://doi.org/10.1001/jama.293.16.1995;valid
thread_FnaB2yrT9r1cNqpMu04MNUMd;Schwartz, L. M., Woloshin, S., & Welch, H. G. (2009). Using a drug facts box to communicate drug benefits and harms: Two randomized trials. Annals of Internal Medicine, 150(8), 516–527. https://doi.org/10.7326/0003-4819-150-8-200904210-00106;valid
thread_FnaB2yrT9r1cNqpMu04MNUMd;Mintzes, B., Barer, M. L., Kravitz, R. L., Kazanjian, A., Bassett, K., Lexchin, J., ... & Marion, S. A. (2003). Influence of direct-to-consumer pharmaceutical advertising and patients' requests on prescribing decisions: A randomized trial. JAMA, 290(23), 2945-2951. https://doi.org/10.1001/jama.290.23.2945;not_found
thread_FnaB2yrT9r1cNqpMu04MNUMd;Bell, R. A., Wilkes, M. S., & Kravitz, R. L. (2000). The educational value of consumer-targeted prescription drug print advertising. Journal of Family Practice, 49(12), 1092–1098.;valid
thread_FnaB2yrT9r1cNqpMu04MNUMd;Frosch, D. L., Krueger, P. M., Hornik, R. C., Cronholm, P. F., & Barg, F. K. (2007). Creating demand for prescription drugs: A content analysis of television direct-to-consumer advertising. Annals of Family Medicine, 5(1), 6–13. https://doi.org/10.1370/afm.611;valid
thread_FnaB2yrT9r1cNqpMu04MNUMd;Woloshin, S., Schwartz, L. M., Tremmel, J., & Welch, H. G. (2001). Direct-to-consumer advertisements for prescription drugs: What are Americans being told? Lancet, 358(9294), 1146–1148. https://doi.org/10.1016/S0140-6736(01)06254-2;not_found
thread_qOYSZ4M2HF4O6eg1hG4iGja1;Bell, R. A., Wilkes, M. S., & Kravitz, R. L. (2000). Advertisement-induced prescription drug requests: Patients' anticipated reactions to a physician who refuses. Journal of Family Practice, 49(4), 329-335.;valid
thread_qOYSZ4M2HF4O6eg1hG4iGja1;Mintzes, B., Barer, M. L., Kravitz, R. L., Kazanjian, A., Bassett, K., Lexchin, J., ... & Pan, R. (2002). Influence of direct-to-consumer pharmaceutical advertising and patients' requests on prescribing decisions: A cross-sectional survey. BMJ, 324(7332), 278-279.;valid
thread_qOYSZ4M2HF4O6eg1hG4iGja1;Frosch, D. L., Krueger, P. M., Hornik, R. C., Cronholm, P. F., & Barg, F. K. (2007). Creating demand for prescription drugs: A content analysis of television direct-to-consumer advertising. Annals of Family Medicine, 5(1), 6-13.;valid
thread_qOYSZ4M2HF4O6eg1hG4iGja1;Donohue, J. M., Cevasco, M., & Rosenthal, M. B. (2007). A decade of direct-to-consumer advertising of prescription drugs. New England Journal of Medicine, 357(7), 673-681.;valid
thread_qOYSZ4M2HF4O6eg1hG4iGja1;Moreno, M. A., & Furtser, E. (2010). Direct-to-consumer advertising of antidepressant medications and teens: Suggestions for clinicians. Journal of the American Academy of Pediatrics, 125(5), 1027-1032.;not_found
thread_slVemjn1uWCShfnud4k7SEEK;Bell, R. A., Wilkes, M. S., & Kravitz, R. L. (2000). Advertisement-induced prescription drug requests: Patients' anticipated reactions to a physician who refuses. Journal of Family Practice, 49(4), 349-353.;valid
thread_slVemjn1uWCShfnud4k7SEEK;Mintzes, B., Barer, M. L., Kravitz, R. L., Kazanjian, A., Bassett, K., Lexchin, J., ... & Marion, S. A. (2003). Influence of direct-to-consumer pharmaceutical advertising and patients' requests on prescribing decisions: A randomized trial. JAMA, 290(22), 2978-2985.;not_found
thread_slVemjn1uWCShfnud4k7SEEK;Schwartz, L. M., Woloshin, S., & Welch, H. G. (2009). Using a drug facts box to communicate drug benefits and harms: Two randomized trials. Annals of Internal Medicine, 150(8), 516-527.;not_found
thread_slVemjn1uWCShfnud4k7SEEK;Frosch, D. L., Krueger, P. M., Hornik, R. C., Cronholm, P. F., & Barg, F. K. (2007). Creating demand for prescription drugs: A content analysis of television direct-to-consumer advertising. Annals of Family Medicine, 5(1), 6-13.;valid
thread_slVemjn1uWCShfnud4k7SEEK;Donohue, J. M., Cevasco, M., & Rosenthal, M. B. (2007). A decade of direct-to-consumer advertising of prescription drugs. New England Journal of Medicine, 357(7), 673-681.;valid
thread_8P79P96gzo2rpJ8VBBOCVkMx;Bell, R. A., Wilkes, M. S., & Kravitz, R. L. (2000). Advertisement-induced prescription drug requests: Patients’ anticipated reactions to a physician who refuses. Journal of Family Practice, 49(4), 349–353.;valid
thread_8P79P96gzo2rpJ8VBBOCVkMx;Kravitz, R. L., Epstein, R. M., Feldman, M. D., et al. (2005). Influence of patients’ requests for direct-to-consumer advertised antidepressants: A randomized controlled trial. JAMA, 293(16), 1995-2002. https://doi.org/10.1001/jama.293.16.1995;valid
thread_8P79P96gzo2rpJ8VBBOCVkMx;Mintzes, B., Barer, M. L., Kravitz, R. L., et al. (2002). Influence of direct-to-consumer pharmaceutical advertising and patients' requests on prescribing decisions: A cross-sectional survey of physicians. BMJ, 324(7332), 278–279. https://doi.org/10.1136/bmj.324.7332.278;valid
thread_8P79P96gzo2rpJ8VBBOCVkMx;Zito, J. M., Safer, D. J., DosReis, S., et al. (2003). Psychotropic medication patterns among youth in foster care. Pediatrics, 111(5), 996–1003. https://doi.org/10.1542/peds.111.5.996;metadata_error
thread_8P79P96gzo2rpJ8VBBOCVkMx;Frosch, D. L., Krueger, P. M., Hornik, R. C., et al. (2007). Creating demand for prescription drugs: A content analysis of television direct-to-consumer advertising. Annals of Family Medicine, 5(1), 6–13. https://doi.org/10.1370/afm.611;valid
thread_miquP9n4i1RCJDDvklX44ba0;Schwartz, L. M., Woloshin, S., & Welch, H. G. (2009). Using a drug facts box to communicate drug benefits and harms: Two randomized trials. Annals of Internal Medicine, 150(8), 516-527. https://doi.org/10.7326/0003-4819-150-8-200904210-00005;metadata_error
thread_miquP9n4i1RCJDDvklX44ba0;Mintzes, B., Mangin, D., Henry, D., & Lexchin, J. (2019). Direct-to-consumer advertising of prescription drugs and patient choice. Therapeutic Advances in Drug Safety, 10, 1-12. https://doi.org/10.1177/2042098618824800;not_found
thread_miquP9n4i1RCJDDvklX44ba0;Frosch, D. L., Krueger, P. M., Hornik, R. C., Cronholm, P. F., & Barg, F. K. (2007). Creating demand for prescription drugs: A content analysis of television direct-to-consumer advertising. Annals of Family Medicine, 5(1), 6-13. https://doi.org/10.1370/afm.611;valid
thread_miquP9n4i1RCJDDvklX44ba0;Bell, R. A., Kravitz, R. L., & Wilkes, M. S. (1999). Direct-to-consumer prescription drug advertising and the public. Journal of Family Practice, 48(6), 446-458.;valid
thread_miquP9n4i1RCJDDvklX44ba0;Spence, M. M., Teleki, S. S., Cheetham, T. C., & Schaefer, C. (2005). Direct-to-consumer advertising of COX-2 inhibitors: Effect on appropriate prescribing. Medical Care Research and Review, 62(5), 544-559. https://doi.org/10.1177/1077558705281066;not_found
thread_S0BYJihNjRFoj5U5SP8IBv54;Bell, R. A., Wilkes, M. S., & Kravitz, R. L. (2000). Advertisement-induced prescription drug requests: Patients' anticipated benefits and perceived drawbacks. *Journal of Family Practice*, 49(8), 763-769.;not_found
thread_S0BYJihNjRFoj5U5SP8IBv54;Frosch, D. L., Krueger, P. M., Hornik, R. C., Cronholm, P. F., & Barg, F. K. (2007). Creating demand for prescription drugs: A content analysis of television direct-to-consumer advertising. *Annals of Family Medicine*, 5(1), 6-13. https://doi.org/10.1370/afm.611;valid
thread_S0BYJihNjRFoj5U5SP8IBv54;Mintzes, B., Barer, M. L., Kravitz, R. L., Kazanjian, A., Bassett, K., Lexchin, J., ... & Marion, S. A. (2003). Influence of direct-to-consumer pharmaceutical advertising and patients' requests on prescribing decisions: A cross-sectional survey of primary care physicians. *CMAJ*, 169(5), 405-412.;valid
thread_S0BYJihNjRFoj5U5SP8IBv54;Schwarz, A., & Woloshin, S. (2016). Medical marketing in the United States, 1997–2016. *JAMA*, 321(1), 80-96. https://doi.org/10.1001/jama.2018.19320;metadata_error
thread_S0BYJihNjRFoj5U5SP8IBv54;Lacasse, J. R., & Leo, J. (2005). Serotonin and depression: A disconnect between the advertisements and the scientific literature. *PLoS Medicine*, 2(12), e392. https://doi.org/10.1371/journal.pmed.0020392;valid
thread_kmdJwMuwJDGFnZYfbvObTmSE;Frosch, D. L., Krueger, P. M., Hornik, R. C., Cronholm, P. F., & Barg, F. K. (2007). Creating demand for prescription drugs: A content analysis of television direct-to-consumer advertising. *Annals of Family Medicine, 5*(1), 6-13. https://doi.org/10.1370/afm.611;valid
thread_kmdJwMuwJDGFnZYfbvObTmSE;Schwartz, L. M., Woloshin, S., & Welch, H. G. (2009). Using a drug facts box to communicate drug benefits and harms: Two randomized trials. *Annals of Internal Medicine, 150*(8), 516-527. https://doi.org/10.7326/0003-4819-150-8-200904210-00005;metadata_error
thread_kmdJwMuwJDGFnZYfbvObTmSE;Mintzes, B., Mangin, D., Henry, D., & Lexchin, J. (2002). Direct-to-consumer advertising of prescription drugs and quality of prescribing decisions. *Australian Journal of Public Health, 26*(5), 477-482. https://doi.org/10.1111/j.1753-6405.2002.tb00657.x;not_found
thread_kmdJwMuwJDGFnZYfbvObTmSE;Donohue, J. M., Cevasco, M., & Rosenthal, M. B. (2007). A decade of direct-to-consumer advertising of prescription drugs. *The New England Journal of Medicine, 357*(7), 673-681. https://doi.org/10.1056/NEJMsa070502;valid
thread_kmdJwMuwJDGFnZYfbvObTmSE;Woloshin, S., Schwartz, L. M., & Tremmel, J. (2001). Direct-to-consumer antidepressant ads and the FDA: A survey of consumer opinions and prescribing patterns. *Journal of the American Medical Association, 286*(17), 2168-2171. https://doi.org/10.1001/jama.286.17.2168;metadata_error
thread_j4kh1iVHRtvN4N3AEAelGfMI;Frosch, D. L., Krueger, P. M., Hornik, R. C., Cronholm, P. F., & Barg, F. K. (2007). Creating demand for prescription drugs: A content analysis of television direct-to-consumer advertising. *Annals of Family Medicine, 5*(1), 6-13. https://doi.org/10.1370/afm.611;valid
thread_j4kh1iVHRtvN4N3AEAelGfMI;Mintzes, B., Barer, M. L., Kravitz, R. L., Kazanjian, A., Bassett, K., Lexchin, J., ... & Pan, R. (2003). How does direct-to-consumer advertising (DTCA) affect prescribing? A survey in primary care environments with and without DTCA. *Canadian Medical Association Journal, 169*(5), 405-412.;valid
thread_j4kh1iVHRtvN4N3AEAelGfMI;Bell, R. A., Wilkes, M. S., & Kravitz, R. L. (2000). The educational value of consumer-targeted prescription drug print advertising. *Journal of Family Practice, 49*(12), 1092-1098.;valid
thread_j4kh1iVHRtvN4N3AEAelGfMI;Donohue, J. M., Cevasco, M., & Rosenthal, M. B. (2007). A decade of direct-to-consumer advertising of prescription drugs. *New England Journal of Medicine, 357*(7), 673-681. https://doi.org/10.1056/NEJMsa070502;valid
thread_j4kh1iVHRtvN4N3AEAelGfMI;Schwartz, L. M., Woloshin, S., & Welch, H. G. (2009). Using a drug facts box to communicate drug benefits and harms: Two randomized trials. *Annals of Internal Medicine, 150*(8), 516-527. https://doi.org/10.7326/0003-4819-150-8-200904210-00005;metadata_error
thread_ERT32ahfO3oQ8fYL205XbUYQ;Frosch, D. L., Krueger, P. M., Hornik, R. C., Cronholm, P. F., & Barg, F. K. (2007). Creating demand for prescription drugs: A content analysis of television direct-to-consumer advertising. *Annals of Family Medicine, 5*(1), 6–13. https://doi.org/10.1370/afm.611;valid
thread_ERT32ahfO3oQ8fYL205XbUYQ;Schwartz, L. M., Woloshin, S., & Welch, H. G. (2009). Using a drug facts box to communicate drug benefits and harms: Two randomized trials. *Annals of Internal Medicine, 150*(8), 516–527. https://doi.org/10.7326/0003-4819-150-8-200904210-00005;metadata_error
thread_ERT32ahfO3oQ8fYL205XbUYQ;Mintzes, B., Mangin, D., & Wright, J. M. (2009). The influence of direct-to-consumer pharmaceutical advertising on patient requests for medications and physician prescribing: A cross-sectional study. *Health Policy, 91*(1), 1–9. https://doi.org/10.1016/j.healthpol.2009.01.002;metadata_error
thread_ERT32ahfO3oQ8fYL205XbUYQ;Bell, R. A., Wilkes, M. S., & Kravitz, R. L. (1999). Advertisement-induced prescription drug requests: Patients' anticipated benefits and perceived drawbacks. *Journal of Family Practice, 48*(6), 446–452.;not_found
thread_ERT32ahfO3oQ8fYL205XbUYQ;Donohue, J. M., Cevasco, M., & Rosenthal, M. B. (2007). A decade of direct-to-consumer advertising of prescription drugs. *The New England Journal of Medicine, 357*(7), 673–681. https://doi.org/10.1056/NEJMsa070502;valid
thread_mVLfkwU4up4MbA3VLc3PCUof;Bell, R. A., Wilkes, M. S., & Kravitz, R. L. (2000). Advertisement-induced prescription drug requests: Patients' anticipated reactions to a physician who refuses. Journal of Family Practice, 49(4), 349-353.;valid
thread_mVLfkwU4up4MbA3VLc3PCUof;Frosch, D. L., Krueger, P. M., Hornik, R. C., Cronholm, P. F., & Barg, F. K. (2007). Creating demand for prescription drugs: A content analysis of television direct-to-consumer advertising. Annals of Family Medicine, 5(1), 6-13. https://doi.org/10.1370/afm.620;metadata_error
thread_mVLfkwU4up4MbA3VLc3PCUof;Donohue, J. M., & Berndt, E. R. (2004). Effects of direct-to-consumer advertising on medication choice: The case of antidepressants. Journal of Public Policy & Marketing, 23(2), 115-127. https://doi.org/10.1509/jppm.23.2.115.62254;not_found
thread_mVLfkwU4up4MbA3VLc3PCUof;Mintzes, B. (2002). Direct-to-consumer advertising of prescription drugs: What do Canadians think? Health Policy, 63(2), 221-231. https://doi.org/10.1016/s0168-8510(02)00051-5;not_found
thread_mVLfkwU4up4MbA3VLc3PCUof;Woloshin, S., Schwartz, L. M., Tremmel, J., & Welch, H. G. (2001). Direct-to-consumer advertisements for prescription drugs: What are Americans being sold? The Lancet, 358(9288), 1145-1148. https://doi.org/10.1016/s0140-6736(01)06254-2;not_found
thread_w8T1bnb2AuUWXdWggK6JUDBL;Bell, R. A., Wilkes, M. S., & Kravitz, R. L. (2000). Advertisement-induced prescription drug requests: Patients' anticipated reactions to a physician who refuses. *Journal of Family Practice, 49*(4), 349-353.;valid
thread_w8T1bnb2AuUWXdWggK6JUDBL;Mintzes, B., Barer, M. L., Kravitz, R. L., Kazanjian, A., Bassett, K., Lexchin, J., ... & Marion, S. A. (2002). Influence of direct-to-consumer pharmaceutical advertising and patients' requests on prescribing decisions: A randomized trial. *Journal of the American Medical Association, 286*(8), 903-909.;not_found
thread_w8T1bnb2AuUWXdWggK6JUDBL;Schwartz, L. M., Woloshin, S., & Welch, H. G. (2009). Using a drug facts box to communicate drug benefits and harms: Two randomized trials. *Annals of Internal Medicine, 150*(8), 516-527.;not_found
thread_w8T1bnb2AuUWXdWggK6JUDBL;Frosch, D. L., Krueger, P. M., Hornik, R. C., Cronholm, P. F., & Barg, F. K. (2007). Creating demand for prescription drugs: A content analysis of television direct-to-consumer advertising. *Annals of Family Medicine, 5*(1), 6-13.;valid
thread_w8T1bnb2AuUWXdWggK6JUDBL;Donohue, J. M., Cevasco, M., & Rosenthal, M. B. (2007). A decade of direct-to-consumer advertising of prescription drugs. *New England Journal of Medicine, 357*(7), 673-681.;valid
thread_xy92uBhRxJkZrK4IgiHEtVD3;Blais, L., Kettani, F. Z., & Vézina, H. (2011). Inappropriate prescribing of inhaled corticosteroids for asthma and its determinants in Quebec, Canada. *Annals of Allergy, Asthma & Immunology, 106*(1), 36-42. https://doi.org/10.1016/j.anai.2010.11.001;metadata_error
thread_xy92uBhRxJkZrK4IgiHEtVD3;Fuhlbrigge, A. L., Adams, R. J., Guilbert, T. W., Grant, E., & Lozano, P. (2002). The burden of asthma in the United States: Level and distribution are dependent on interpretation of the national asthma education and prevention program guidelines. *American Journal of Respiratory and Critical Care Medicine, 166*(8), 1044-1049. https://doi.org/10.1164/rccm.200202-108OC;metadata_error
thread_xy92uBhRxJkZrK4IgiHEtVD3;British Thoracic Society, & Scottish Intercollegiate Guidelines Network. (2008). *British guideline on the management of asthma: A national clinical guideline.* Retrieved from https://www.brit-thoracic.org.uk;valid
thread_xy92uBhRxJkZrK4IgiHEtVD3;Shah, R., & Saltoun, C. A. (2016). Chapter 16: Inhaled corticosteroids in asthma management. *American Academy of Allergy, Asthma & Immunology*. https://doi.org/10.1016/j.jaci.2016.02.045;metadata_error
thread_xy92uBhRxJkZrK4IgiHEtVD3;Suissa, S., Ernst, P., Benayoun, S., Baltzan, M., & Cai, B. (2000). Low-dose inhaled corticosteroids and the prevention of death from asthma. *The New England Journal of Medicine, 343*(5), 332-336. https://doi.org/10.1056/NEJM200008033430504;valid
thread_0xINUGg1VvwlnrOxffejXNny;Global Initiative for Asthma. (2008). Global strategy for asthma management and prevention. Retrieved from https://ginasthma.org  ;not_found
thread_0xINUGg1VvwlnrOxffejXNny;Fuhlbrigge, A. L., Adams, R. J., Guilbert, T. W., Grant, E., & Wechsler, M. E. (2007). The burden of asthma in the United States: Level and distribution are dependent on interpretation of the national asthma education and prevention program guidelines. *American Journal of Respiratory and Critical Care Medicine, 176*(10), 1059-1065. https://doi.org/10.1164/rccm.200703-412OC  ;not_found
thread_0xINUGg1VvwlnrOxffejXNny;Cazzoletti, L., Marcon, A., Janson, C., et al. (2007). Asthma control in Europe: A real-world evaluation based on an international population-based study. *Journal of Allergy and Clinical Immunology, 120*(6), 1360-1367. https://doi.org/10.1016/j.jaci.2007.09.019  ;not_found
thread_0xINUGg1VvwlnrOxffejXNny; British Thoracic Society, & Scottish Intercollegiate Guidelines Network. (2008). British guideline on the management of asthma: A national clinical guideline. Retrieved from https://www.sign.ac.uk  ;not_found
thread_0xINUGg1VvwlnrOxffejXNny;Haahtela, T., Tuomisto, L. E., Pietinalho, A., et al. (2006). A 10-year asthma programme in Finland: Major change for the better. *European Respiratory Journal, 28*(3), 435-442. https://doi.org/10.1183/09031936.06.000306;not_found
thread_8Ok0CN1a29QSxo8TRHd8xmsh;British Thoracic Society. (2009). BTS guidelines on the management of asthma. Thorax, 64(Suppl IV), iv1-iv63. https://doi.org/10.1136/thx.2008.098885;not_found
thread_8Ok0CN1a29QSxo8TRHd8xmsh;Cazzola, M., Puxeddu, E., Bettoncelli, G., & Centanni, S. (2010). The management of asthma in the elderly. Journal of Asthma, 47(5), 497-508. https://doi.org/10.3109/02770903.2010.482218;not_found
thread_8Ok0CN1a29QSxo8TRHd8xmsh;Haahtela, T., Tuomisto, L. E., Pietinalho, A., & Malmberg, L. P. (2006). A 10-year asthma programme in Finland: Major change for the better. Thorax, 61(8), 663-670. https://doi.org/10.1136/thx.2005.060337;not_found
thread_8Ok0CN1a29QSxo8TRHd8xmsh;Fuhlbrigge, A. L., Adams, R. J., Guilbert, T. W., & Weiss, S. T. (2007). The burden of asthma in the United States. Journal of Allergy and Clinical Immunology, 120(3), 526-529. https://doi.org/10.1016/j.jaci.2007.06.036;metadata_error
thread_8Ok0CN1a29QSxo8TRHd8xmsh;Nwaru, B. I., Ekström, M., Hasvold, P., Wiklund, F., & Janson, C. (2018). Overprescription of inhaled corticosteroids in asthma: A population-based cohort study. BMJ Open, 8(4), e020597. https://doi.org/10.1136/bmjopen-2017-020597;metadata_error
thread_w5Ud9Ay1GS8xjIgXjFtgi2MV;Global Initiative for Asthma. (2019). Global strategy for asthma management and prevention. Retrieved from https://ginasthma.org  ;not_found
thread_w5Ud9Ay1GS8xjIgXjFtgi2MV;Braido, F., Brusselle, G., & Bonini, M. (2015). Over- and under-treatment of asthma is still prevalent in Europe. Internal and Emergency Medicine, 10(3), 265-271. https://doi.org/10.1007/s11739-015-1180-4  ;not_found
thread_w5Ud9Ay1GS8xjIgXjFtgi2MV;Fuhlbrigge, A., Peden, D., Apter, A. J., & Gergen, P. J. (2012). Innovative approaches to understanding asthma. American Journal of Respiratory and Critical Care Medicine, 185(6), 597-603. https://doi.org/10.1164/rccm.201201-0037PP  ;not_found
thread_w5Ud9Ay1GS8xjIgXjFtgi2MV;Haahtela, T., Tuomisto, L. E., Pietinalho, A., Klaukka, T., Erhola, M., Kaila, M., & Malmberg, P. (2008). A 10-year asthma programme in Finland: Major change for the better. Thorax, 63(8), 635-642. https://doi.org/10.1136/thx.2007.090091  ;not_found
thread_w5Ud9Ay1GS8xjIgXjFtgi2MV;British Thoracic Society and Scottish Intercollegiate Guidelines Network. (2019). British guideline on the management of asthma. Thorax, 64(Suppl 1), i1-i65. https://doi.org/10.1136/thx.2008.097741;not_found
thread_SIzLPzM2TnNZhtJxjJUNXWM5;British Thoracic Society & Scottish Intercollegiate Guidelines Network. (2008). British guideline on the management of asthma: A national clinical guideline. Thorax, 63(Suppl 4), iv1-iv121. https://doi.org/10.1136/thx.2008.097741;metadata_error
thread_SIzLPzM2TnNZhtJxjJUNXWM5;Guilbert, T. W., Garris, C., Jhingran, P., Bonafede, M., Tomaszewski, K. J., & Bonus, T. (2011). Asthma severity and medication use among children in the United States: Data from the National Health and Nutrition Examination Survey (NHANES) 2005-2006. The Journal of Allergy and Clinical Immunology, 127(2), 462-469. https://doi.org/10.1016/j.jaci.2010.10.008;metadata_error
thread_SIzLPzM2TnNZhtJxjJUNXWM5;Haahtela, T., Tuomisto, L. E., Pietinalho, A., et al. (2006). A 10-year asthma programme in Finland: Major change for the better. Thorax, 61(8), 663-670. https://doi.org/10.1136/thx.2005.050897;not_found
thread_SIzLPzM2TnNZhtJxjJUNXWM5;Lötvall, J., Akdis, C. A., Bacharier, L. B., et al. (2011). Asthma endotypes: A new approach to classification of disease entities within the asthma syndrome. The Journal of Allergy and Clinical Immunology, 127(2), 355-360. https://doi.org/10.1016/j.jaci.2010.11.037;valid
thread_SIzLPzM2TnNZhtJxjJUNXWM5;Thomas, M., Gruffydd-Jones, K., Stonham, C., Ward, S., & Macfarlane, T. V. (2009). Assessing asthma control in routine clinical practice: Use of the Royal College of Physicians '3 questions'. Primary Care Respiratory Journal, 18(2), 83-88. https://doi.org/10.4104/pcrj.2009.00006;not_found
thread_9syJT06hQaxrjHzxMMzfqaAb;British Thoracic Society, Scottish Intercollegiate Guidelines Network. (2008). *British guideline on the management of asthma: A national clinical guideline*. Retrieved from https://www.brit-thoracic.org.uk;valid
thread_9syJT06hQaxrjHzxMMzfqaAb;Haahtela, T., Tuomisto, L. E., Pietinalho, A., et al. (2006). A 10-year asthma programme in Finland: Major change for the better. *Thorax, 61*(8), 663-670. https://doi.org/10.1136/thx.2005.052258;not_found
thread_9syJT06hQaxrjHzxMMzfqaAb;Simpson, C. R., Sheikh, A., & McLay, J. S. (2008). Patterns of asthma drug prescribing in Scotland during 2004: A cross-sectional study. *Respiratory Medicine, 102*(2), 188-194. https://doi.org/10.1016/j.rmed.2007.09.016;not_found
thread_9syJT06hQaxrjHzxMMzfqaAb;Beasley, R., Semprini, A., & Mitchell, E. A. (2015). Risk factors for asthma: Is prevention possible? *The Lancet, 386*(9998), 1075-1085. https://doi.org/10.1016/S0140-6736(15)00156-7;valid
thread_9syJT06hQaxrjHzxMMzfqaAb;Global Initiative for Asthma. (2008). *Global strategy for asthma management and prevention*. Retrieved from https://www.ginasthma.org;valid
thread_xL6u7scn2RhVxpY6u2onwFjU;British Thoracic Society. (2009). The burden of lung disease. London: British Thoracic Society Press.;valid
thread_xL6u7scn2RhVxpY6u2onwFjU;Cazzola, M., Matera, M. G., & Donner, C. F. (2009). Inhaled corticosteroids in COPD: Myth or reality? European Journal of Clinical Pharmacology, 65(3), 213–228. https://doi.org/10.1007/s00228-008-0597-1;not_found
thread_xL6u7scn2RhVxpY6u2onwFjU;Fletcher, M., & Peto, R. (2001). The natural history of chronic airflow obstruction. British Medical Journal, 323(7305), 1–4. https://doi.org/10.1136/bmj.323.7305.1;not_found
thread_xL6u7scn2RhVxpY6u2onwFjU;Haahtela, T., Tuomisto, L. E., Pietinalho, A., et al. (2006). A 10-year asthma programme in Finland: Major change for the better. Thorax, 61(8), 663–670. https://doi.org/10.1136/thx.2005.040857;not_found
thread_xL6u7scn2RhVxpY6u2onwFjU;Lemiere, C., Bai, T., Balter, M., et al. (2004). Adult asthma consensus guidelines update 2003. Canadian Respiratory Journal, 11(Suppl A), 9A–18A. https://doi.org/10.1155/2004/614872;not_found
thread_JBybPXeoaLIFcSzNWKEqaRRf;British Thoracic Society, & Scottish Intercollegiate Guidelines Network. (2008). *British guideline on the management of asthma: A national clinical guideline*. Retrieved from https://www.brit-thoracic.org.uk;valid
thread_JBybPXeoaLIFcSzNWKEqaRRf;Haahtela, T., Tuomisto, L. E., Pietinalho, A., & Kankaanranta, H. (2006). Asthma programme in Finland: Towards better management of asthma. *Clinical and Experimental Allergy, 36*(5), 685-693. https://doi.org/10.1111/j.1365-2222.2006.02467.x;metadata_error
thread_JBybPXeoaLIFcSzNWKEqaRRf;Newby, C., Agbetile, J., & Plant, P. (2009). Overprescription trends in mild asthma cases: Analysis of UK data. *Journal of Thoracic Medicine, 12*(3), 147-155. https://doi.org/10.1016/j.jthmed.2009.03.012;not_found
thread_JBybPXeoaLIFcSzNWKEqaRRf;Cazzola, M., Rogliani, P., & Matera, M. G. (2013). Adherence to asthma therapy and overprescription trends: A review. *Pulmonary Pharmacology & Therapeutics, 26*(2), 110-117. https://doi.org/10.1016/j.pupt.2012.11.010;not_found
thread_JBybPXeoaLIFcSzNWKEqaRRf;Global Initiative for Asthma (GINA). (2009). *Global strategy for asthma management and prevention*. Retrieved from https://ginasthma.org;valid
thread_DzoVHHHATZ8utkWJCYVtZ40u;Cazzola, M., & Matera, M. G. (2008). Emerging inhaled drugs for asthma and chronic obstructive pulmonary disease. Expert Opinion on Emerging Drugs, 13(4), 673-684. https://doi.org/10.1517/14728214.13.4.673;not_found
thread_DzoVHHHATZ8utkWJCYVtZ40u;Fuhlbrigge, A. L., Adams, R. J., Guilbert, T. W., Jackson, G. B., & Martinez, F. D. (2007). The burden of asthma in the United States: Level and distribution are dependent on interpretation of the NHANES data. American Journal of Respiratory and Critical Care Medicine, 175(8), 846-850. https://doi.org/10.1164/rccm.200607-915OC;metadata_error
thread_DzoVHHHATZ8utkWJCYVtZ40u;Hekking, P. P., & Wener, R. R. (2015). The prevalence of asthma overdiagnosis in children and adults. Clinical & Experimental Allergy, 45(4), 790-800. https://doi.org/10.1111/cea.12538;not_found
thread_DzoVHHHATZ8utkWJCYVtZ40u;Suissa, S., & Ernst, P. (2001). Use of anti-inflammatory therapy and asthma morbidity in Quebec. American Journal of Respiratory and Critical Care Medicine, 164(8), 1325-1330. https://doi.org/10.1164/ajrccm.164.8.2103018;not_found
thread_DzoVHHHATZ8utkWJCYVtZ40u;Martinez, F. D., & Vercelli, D. (2013). Asthma. Lancet, 382(9901), 1360-1372. https://doi.org/10.1016/S0140-6736(13)61536-6;valid
thread_IPqiyMsjPgRuZZ176dcDEEF7;British Thoracic Society & Scottish Intercollegiate Guidelines Network. (2008). British guideline on the management of asthma. Thorax, 63(Suppl IV), iv1-iv121. https://doi.org/10.1136/thx.2008.097741  ;not_found
thread_IPqiyMsjPgRuZZ176dcDEEF7;Haahtela, T., Tuomisto, L. E., Pietinalho, A., et al. (2006). A 10-year asthma programme in Finland: Major change for the better. Thorax, 61(8), 663â€“670. https://doi.org/10.1136/thx.2005.052306  ;not_found
thread_IPqiyMsjPgRuZZ176dcDEEF7;Cates, C. J., & Lasserson, T. J. (2009). Regular treatment with formoterol for chronic asthma: Serious adverse events. Cochrane Database of Systematic Reviews, (4), CD006923. https://doi.org/10.1002/14651858.CD006923.pub3  ;not_found
thread_IPqiyMsjPgRuZZ176dcDEEF7;Abramson, M. J., Koplin, J., & McDonald, E. (2009). Overprescription of asthma medications: Are we too heavy-handed? Medical Journal of Australia, 191(8), 437â€“438. https://doi.org/10.5694/j.1326-5377.2009.tb02907.x  ;not_found
thread_IPqiyMsjPgRuZZ176dcDEEF7;"Hurd, S. S., Lemanske, R. F., & Becker, A. (2007). National and international guidelines for asthma management: Perspectives on progress. Chest, 132(5), 1258â€“1268. https://doi.org/10.1378/chest.07-2027"",""metadata_error""";not_found
thread_RE4PagPe84KinLMeqpuaWpvX;British Thoracic Society & Scottish Intercollegiate Guidelines Network. (2016). *British guideline on the management of asthma: A national clinical guideline.* Retrieved from https://www.sign.ac.uk  ;not_found
thread_RE4PagPe84KinLMeqpuaWpvX;Kaiser, S. V., Asteria, C., & Gottlieb, M. (2018). Overprescribing inhaled corticosteroids in children with asthma: A systematic review. *Pediatrics, 142*(4), e20174134. https://doi.org/10.1542/peds.2017-4134  ;not_found
thread_RE4PagPe84KinLMeqpuaWpvX;Aaron, S. D., Vandemheen, K. L., FitzGerald, J. M., et al. (2008). Reevaluation of diagnosis in adults with physician-diagnosed asthma. *JAMA, 318*(3), 269â€“279. https://doi.org/10.1001/jama.2008.1035  ;not_found
thread_RE4PagPe84KinLMeqpuaWpvX;Fuhlbrigge, A., Adams, R. J., Guilbert, T. W., et al. (2007). The burden of asthma in the United States: Level and distribution are dependent on interpretation of the national asthma education and prevention program guidelines. *American Journal of Respiratory and Critical Care Medicine, 176*(5), 446â€“453. https://doi.org/10.1164/rccm.200610-1574OC  ;not_found
thread_RE4PagPe84KinLMeqpuaWpvX;Pinnock, H., Shah, R., & Sheikh, A. (2007). Overprescribing in asthma: Are the guidelines being followed? *Primary Care Respiratory Journal, 16*(4), 230â€“231. https://doi.org/10.3132/pcrj.2007.00043;not_found
thread_lD9CZ65E3fkJH8FTQSUKHO9V;British Thoracic Society & Scottish Intercollegiate Guidelines Network. (2019). *British guideline on the management of asthma*. Retrieved from https://www.sign.ac.uk  ;not_found
thread_lD9CZ65E3fkJH8FTQSUKHO9V;Braithwaite, S. A., & Green, C. (2017). Overprescription of inhaled corticosteroids in asthma: A population-based study. *Journal of Allergy and Clinical Immunology*, 139(3), 897-899. https://doi.org/10.1016/j.jaci.2016.07.034  ;not_found
thread_lD9CZ65E3fkJH8FTQSUKHO9V;Suissa, S., & Ernst, P. (2001). Use of asthma medications and the risk of death. *New England Journal of Medicine*, 343(5), 332-336. https://doi.org/10.1056/NEJM200008033430504  ;not_found
thread_lD9CZ65E3fkJH8FTQSUKHO9V;Haahtela, T., et al. (2006). A reduction in asthma medication use is associated with improved asthma control. *Allergy*, 61(5), 579-583. https://doi.org/10.1111/j.1398-9995.2006.01033.x  ;not_found
thread_lD9CZ65E3fkJH8FTQSUKHO9V;Fuhlbrigge, A. L., et al. (2012). Asthma outcomes: Healthcare utilization and costs. *Journal of Allergy and Clinical Immunology*, 129(1), 77-88. https://doi.org/10.1016/j.jaci.2011.10.028;not_found
thread_XQzQNCZK3k3cM0FWN7HRnpyq;British Thoracic Society/Scottish Intercollegiate Guidelines Network. (2008). British Guideline on the Management of Asthma: A National Clinical Guideline. Retrieved from https://www.brit-thoracic.org.uk;valid
thread_XQzQNCZK3k3cM0FWN7HRnpyq;Haahtela, T., Tuomisto, L. E., Pietinalho, A., et al. (2006). A 10-year asthma programme in Finland: major change for the better. Thorax, 61(8), 663-670. https://doi.org/10.1136/thx.2005.046647;not_found
thread_XQzQNCZK3k3cM0FWN7HRnpyq;Cazzola, M., Matera, M. G., & Rossi, A. (2005). Bronchodilators: current and future. Clinical Pharmacology & Therapeutics, 78(6), 669-681. https://doi.org/10.1016/j.clpt.2005.09.001;metadata_error
thread_XQzQNCZK3k3cM0FWN7HRnpyq;Suissa, S., Ernst, P., Benayoun, S., Baltzan, M., & Cai, B. (2000). Low-dose inhaled corticosteroids and the prevention of death from asthma. The New England Journal of Medicine, 343(5), 332-336. https://doi.org/10.1056/NEJM200008033430504;valid
thread_XQzQNCZK3k3cM0FWN7HRnpyq;Global Initiative for Asthma (GINA). (2008). Global Strategy for Asthma Management and Prevention. Retrieved from https://ginasthma.org;valid
thread_9Bo7a4nw2nFqucOXUsY95jUA;Global Initiative for Asthma. (2020). Global strategy for asthma management and prevention. Retrieved from https://ginasthma.org  ;not_found
thread_9Bo7a4nw2nFqucOXUsY95jUA;"Fuhlbrigge, A. L., Adams, R. J., Guilbert, T. W., Jackson, G. D., & Martinez, F. D. (2012). The burden of asthma in the United States: Level and distribution are dependent on interpretation of """"current asthma."""" *American Journal of Respiratory and Critical Care Medicine, 186*(4), 386-393. https://doi.org/10.1164/rccm.201203-0572OC  ";not_found
thread_9Bo7a4nw2nFqucOXUsY95jUA; Suissa, S., Ernst, P., Benayoun, S., Baltzan, M., & Cai, B. (2000). Low-dose inhaled corticosteroids and the prevention of death from asthma. *New England Journal of Medicine, 343*(5), 332-336. https://doi.org/10.1056/NEJM200008033430504  ;not_found
thread_9Bo7a4nw2nFqucOXUsY95jUA; British Thoracic Society/Scottish Intercollegiate Guidelines Network. (2009). British guideline on the management of asthma: A national clinical guideline. Retrieved from https://www.brit-thoracic.org.uk  ;not_found
thread_9Bo7a4nw2nFqucOXUsY95jUA; Haahtela, T., Tuomisto, L. E., Pietinalho, A., Klaukka, T., Erhola, M., Kaila, M., ... & Laitinen, L. A. (2006). A 10-year asthma programme in Finland: Major change for the better. *Thorax, 61*(8), 663-670. https://doi.org/10.1136/thx.2005.052928; Tuomisto
thread_YHsPSmG4Dam9bS0Pi0Nco1wV;British Thoracic Society, Scottish Intercollegiate Guidelines Network. (2008). British guideline on the management of asthma: A national clinical guideline. Retrieved from https://www.brit-thoracic.org.uk;valid
thread_YHsPSmG4Dam9bS0Pi0Nco1wV;Haahtela, T., Tuomisto, L. E., Pietinalho, A., et al. (2006). A 10-year asthma programme in Finland: Major change for the better. Thorax, 61(8), 663-670. https://doi.org/10.1136/thx.2005.051174;not_found
thread_YHsPSmG4Dam9bS0Pi0Nco1wV;Braman, S. S. (2006). The global burden of asthma. Chest, 130(1 Suppl), 4S-12S. https://doi.org/10.1378/chest.130.1_suppl.4S;valid
thread_YHsPSmG4Dam9bS0Pi0Nco1wV;Holt, S., & Beasley, R. (2002). The burden of asthma in the United States: Level of control and distribution of resources. American Journal of Respiratory Medicine, 1(5), 319-328. https://doi.org/10.1007/BF03256657;metadata_error
thread_YHsPSmG4Dam9bS0Pi0Nco1wV;Suissa, S., Ernst, P., & Benayoun, S. (2000). Low-dose inhaled corticosteroids and the prevention of death from asthma. New England Journal of Medicine, 343(5), 332-336. https://doi.org/10.1056/NEJM200008033430504;valid
thread_2jrE15fxyfFscE08mK6Ndpk5;Braido, F., Brussino, L., & Bonavia, M. (2008). The prevalence of asthma overprescription: A systematic review. *Journal of Asthma*, 45(9), 747–751. https://doi.org/10.1080/02770900802339760;not_found
thread_2jrE15fxyfFscE08mK6Ndpk5;Looijmans-van den Akker, I., van Boven, J. F. M., & Schermer, T. R. J. (2014). Overprescription of asthma medication in primary care: A critical appraisal. *Primary Care Respiratory Journal*, 23(1), 52–57. https://doi.org/10.4104/pcrj.2014.00012;metadata_error
thread_2jrE15fxyfFscE08mK6Ndpk5;Suissa, S., Ernst, P., & Benayoun, S. (2000). Overuse of inhaled beta-agonists in asthma and its implications for morbidity and mortality. *European Respiratory Journal*, 16(5), 802–807. https://doi.org/10.1183/09031936.00.16580200;metadata_error
thread_2jrE15fxyfFscE08mK6Ndpk5;British Thoracic Society, & Scottish Intercollegiate Guidelines Network. (2016). BTS/SIGN asthma guideline: Assessment and management of asthma. *Thorax*, 71(Suppl 1), i1–i92. https://doi.org/10.1136/thoraxjnl-2016-209333;not_found
thread_2jrE15fxyfFscE08mK6Ndpk5;Haahtela, T., Tuomisto, L. E., Pietinalho, A., Klaukka, T., & Erhola, M. (2008). Asthma program in Finland: A 10-year follow-up and its impact on asthma medication use. *Current Opinion in Allergy and Clinical Immunology*, 8(3), 189–194. https://doi.org/10.1097/ACI.0b013e3282ff5f42;not_found
thread_elhqPrtl1WSR5InWOpl1WUJ3;Global Initiative for Asthma. (2008). Global strategy for asthma management and prevention. Retrieved from https://ginasthma.org  ;not_found
thread_elhqPrtl1WSR5InWOpl1WUJ3;Suissa, S., & Ernst, P. (2001). Overuse of inhaled Î²-agonists in asthma and its relation to morbidity. European Respiratory Journal, 17(4), 511-512. https://doi.org/10.1183/09031936.01.17405110  ;not_found
thread_elhqPrtl1WSR5InWOpl1WUJ3;Cazzoletti, L., Marcon, A., Janson, C., Corsico, A., Jarvis, D., & Burney, P. (2007). Asthma severity, control, and medication use in the European community respiratory health survey. European Respiratory Journal, 30(2), 249-256. https://doi.org/10.1183/09031936.00123706  ;not_found
thread_elhqPrtl1WSR5InWOpl1WUJ3;British Thoracic Society & Scottish Intercollegiate Guidelines Network. (2008). British guideline on the management of asthma: A national clinical guideline. Thorax, 63(Suppl 4), iv1-iv121. https://doi.org/10.1136/thx.2008.097741  ;not_found
thread_elhqPrtl1WSR5InWOpl1WUJ3;Masoli, M., Fabian, D., Holt, S., & Beasley, R. (2004). The global burden of asthma: Executive summary of the GINA dissemination committee report. Allergy, 59(5), 469-478. https://doi.org/10.1111/j.1398-9995.2004.00526.x;not_found
thread_mUPfrn3lKV4fdvC85UNlebzf;Baiardini, I., Braido, F., & Canonica, G. W. (2008). Asthma management: Overuse of short-acting beta-agonists and underuse of inhaled corticosteroids. The Journal of Allergy and Clinical Immunology, 122(4), 803-804. https://doi.org/10.1016/j.jaci.2008.08.020;metadata_error
thread_mUPfrn3lKV4fdvC85UNlebzf;Fuhlbrigge, A. L., Adams, R. J., Guilbert, T. W., Jackson, S. K., & Martinez, F. D. (2007). The burden of asthma in the United States: Level and distribution are dependent on interpretation of the national asthma education and prevention program guidelines. The American Journal of Respiratory and Critical Care Medicine, 176(7), 655-660. https://doi.org/10.1164/rccm.200610-1583OC;not_found
thread_mUPfrn3lKV4fdvC85UNlebzf;Cazzola, M., Matera, M. G., & Rogliani, P. (2008). Overuse of inhaled beta-agonists in asthma management: A critical review. Current Opinion in Pulmonary Medicine, 14(1), 76-81. https://doi.org/10.1097/MCP.0b013e3282f2a8b8;not_found
thread_mUPfrn3lKV4fdvC85UNlebzf;Haahtela, T., Tuomisto, L. E., Pietinalho, A., Klaukka, T., & Erhola, M. (2008). Decrease in asthma medication use and drug costs in Finland: 1996–2006. Annals of Allergy, Asthma & Immunology, 101(5), 457-464. https://doi.org/10.1016/S1081-1206(10)60291-1;not_found
thread_mUPfrn3lKV4fdvC85UNlebzf;Suissa, S., Ernst, P., Benayoun, S., Baltzan, M., & Cai, B. (2000). Low-dose inhaled corticosteroids and the prevention of death from asthma. The New England Journal of Medicine, 343(5), 332-336. https://doi.org/10.1056/NEJM200008033430504;valid
thread_c0gwKJ9ZWmn4rkUpHvZigQjG;British Thoracic Society & Scottish Intercollegiate Guidelines Network. (2008). *British guideline on the management of asthma*. Thorax, 63(Suppl 4), iv1–iv121. https://doi.org/10.1136/thx.2008.097741  ;not_found
thread_c0gwKJ9ZWmn4rkUpHvZigQjG;Cates, C. J., & Thomas, M. (2011). Incremental benefits and risks of inhaled corticosteroids for asthma. *Thorax*, 66(8), 701-703. https://doi.org/10.1136/thx.2010.145193  ;not_found
thread_c0gwKJ9ZWmn4rkUpHvZigQjG;Martinez, F. D., & Vercelli, D. (2013). Asthma. *The Lancet*, 382(9896), 1360-1372. https://doi.org/10.1016/S0140-6736(13)61536-6  ;not_found
thread_c0gwKJ9ZWmn4rkUpHvZigQjG;Haahtela, T., Tuomisto, L. E., Pietinalho, A., & et al. (2006). A 10-year asthma programme in Finland: Major change for the better. *Thorax*, 61(8), 663-670. https://doi.org/10.1136/thx.2005.060532  ;not_found
thread_c0gwKJ9ZWmn4rkUpHvZigQjG;Suissa, S., Ernst, P., & Kezouh, A. (2008). Regular use of inhaled corticosteroids and the long-term prevention of hospitalization for asthma. *Thorax*, 63(7), 591-596. https://doi.org/10.1136/thx.2007.090399;not_found
thread_SSwAbImdoW5btypurmXFXMes;British Thoracic Society & Scottish Intercollegiate Guidelines Network. (2008). British guideline on the management of asthma: A national clinical guideline. Thorax, 63(Suppl 4), iv1-iv121. https://doi.org/10.1136/thx.2008.097741  ;not_found
thread_SSwAbImdoW5btypurmXFXMes;Looijmans-van den Akker, I., van Luijn, K., & Verheij, T. (2016). Overprescription of inhaled corticosteroids in asthma patients: A retrospective cohort study in general practice. British Journal of General Practice, 66(644), e152-e157. https://doi.org/10.3399/bjgp16X683617  ;not_found
thread_SSwAbImdoW5btypurmXFXMes;Hekking, P. P., Amelink, M., Wener, R. R., et al. (2015). Comorbidities in asthma: Higher prevalence in uncontrolled asthma. Journal of Allergy and Clinical Immunology, 138(4), 1092-1093. https://doi.org/10.1016/j.jaci.2015.06.047  ;not_found
thread_SSwAbImdoW5btypurmXFXMes; Fuhlbrigge, A., Adams, R. J., Guilbert, T. W., et al. (2012). The burden of asthma in the United States: Level and distribution are dependent on interpretation of the national asthma education and prevention program guidelines. American Journal of Respiratory and Critical Care Medicine, 186(3), 228-233. https://doi.org/10.1164/rccm.201202-0359OC  ;not_found
thread_SSwAbImdoW5btypurmXFXMes;Suissa, S., Ernst, P., & Benayoun, S. (2000). Low-dose inhaled corticosteroids and the prevention of death from asthma. New England Journal of Medicine, 343(5), 332-336. https://doi.org/10.1056/NEJM200008033430503;not_found
thread_wavLt88loCUu1B4jA8LB95qE;Centers for Disease Control and Prevention. (2011). Vital signs: Asthma prevalence, disease characteristics, and self-management education—United States, 2001–2009. Morbidity and Mortality Weekly Report, 60(17), 547–552.;valid
thread_wavLt88loCUu1B4jA8LB95qE;FitzGerald, J. M., Boulet, L. P., McIvor, R. A., Zimmerman, S., & Chapman, K. R. (2006). Asthma control in Canada remains suboptimal: The reality of asthma control (TRAC) study. Canadian Respiratory Journal, 13(5), 253–259.;valid
thread_wavLt88loCUu1B4jA8LB95qE;Haahtela, T., Tuomisto, L. E., Pietinalho, A., et al. (2006). A 10-year asthma programme in Finland: Major change for the better. Thorax, 61(8), 663–670. https://doi.org/10.1136/thx.2005.052334;not_found
thread_wavLt88loCUu1B4jA8LB95qE;Martinez, F. D., Wright, A. L., Taussig, L. M., Holberg, C. J., Halonen, M., & Morgan, W. J. (1995). Asthma and wheezing in the first six years of life. The New England Journal of Medicine, 332(3), 133–138. https://doi.org/10.1056/NEJM199501193320301;valid
thread_wavLt88loCUu1B4jA8LB95qE;Suissa, S., Ernst, P., Benayoun, S., Baltzan, M., & Cai, B. (2000). Low-dose inhaled corticosteroids and the prevention of death from asthma. The New England Journal of Medicine, 343(5), 332–336. https://doi.org/10.1056/NEJM200008033430503;metadata_error
thread_AapflzmuqDlel9nNiD1yR7Nx;Blais, L., & Kettani, F. Z. (2012). Inappropriate use of inhaled beta-agonists in asthma: A population-based analysis. Respiratory Medicine, 106(12), 1709–1716. https://doi.org/10.1016/j.rmed.2012.08.015;metadata_error
thread_AapflzmuqDlel9nNiD1yR7Nx;Fuhlbrigge, A. L., Adams, R. J., Guilbert, T. W., & Peden, D. B. (2012). The burden of asthma: A continuing case for intervention in children and adults. Journal of Allergy and Clinical Immunology, 130(6), 1098–1105. https://doi.org/10.1016/j.jaci.2012.07.007;metadata_error
thread_AapflzmuqDlel9nNiD1yR7Nx;Himes, B. E., & Weitzman, E. R. (2016). Misuse of asthma medications: Recognizing and addressing overuse. Current Opinion in Pulmonary Medicine, 22(1), 69–75. https://doi.org/10.1097/MCP.0000000000000227;metadata_error
thread_AapflzmuqDlel9nNiD1yR7Nx;Janson, S., & Weiss, S. T. (2004). Overdiagnosing and overtreating asthma: The role of patient perception. American Journal of Respiratory and Critical Care Medicine, 169(6), 595–598. https://doi.org/10.1164/rccm.200310-1447PP;not_found
thread_AapflzmuqDlel9nNiD1yR7Nx;Schatz, M., Zeiger, R. S., & Mosen, D. M. (2005). Inappropriate asthma medication use: Prevalence and impact on asthma control. Annals of Allergy, Asthma & Immunology, 95(5), 545–547. https://doi.org/10.1016/S1081-1206(10)61024-3;not_found
thread_VqdFqUiYxsM8cEIXpa9I8bh5;Asher, I., & Pearce, N. (2014). Global burden of asthma among children. International Journal of Tuberculosis and Lung Disease, 18(11), 1269–1278. https://doi.org/10.5588/ijtld.14.0460  ;not_found
thread_VqdFqUiYxsM8cEIXpa9I8bh5;Haughney, J., et al. (2008). The use of inhaled corticosteroids in asthma and COPD: guidelines and practice. Respiratory Medicine, 102(5), 647â€“655. https://doi.org/10.1016/j.rmed.2007.12.007  ;not_found
thread_VqdFqUiYxsM8cEIXpa9I8bh5;Suissa, S., Ernst, P., & Kezouh, A. (2009). Regular use of inhaled corticosteroids and the prevention of hospital admission for asthma. Thorax, 65(8), 596â€“601. https://doi.org/10.1136/thx.2009.126466  ;not_found
thread_VqdFqUiYxsM8cEIXpa9I8bh5;Ober, C., & Hoffjan, S. (2006). Asthma genetics 2006: The long and winding road to gene discovery. Genes and Immunity, 7(2), 95â€“100. https://doi.org/10.1038/sj.gene.6364284  ;not_found
thread_VqdFqUiYxsM8cEIXpa9I8bh5;British Thoracic Society, & Scottish Intercollegiate Guidelines Network. (2019). British guideline on the management of asthma. Thorax, 74(S3), S1â€“S182. https://doi.org/10.1136/thoraxjnl-2019-213704;not_found
thread_pu3pDLgHE80hSUjhNGFENdxs;Bahadori, K., Doyle-Waters, M. M., Marra, C., Lynd, L., Alasaly, K., & FitzGerald, J. M. (2009). Economic burden of asthma: A systematic review. BMC Pulmonary Medicine, 9(1), 1-16. https://doi.org/10.1186/1471-2466-9-24;valid
thread_pu3pDLgHE80hSUjhNGFENdxs;Haahtela, T., Tuomisto, L. E., Pietinalho, A., Klaukka, T., Erhola, M., Kaila, M., ... & Mäkelä, M. J. (2006). A 10-year asthma programme in Finland: Major change for the better. Thorax, 61(8), 663-670. https://doi.org/10.1136/thx.2005.052268;not_found
thread_pu3pDLgHE80hSUjhNGFENdxs;Cazzola, M., Rogliani, P., & Matera, M. G. (2016). Overuse of inhaled β2-agonists in asthma management: A critical appraisal. Current Opinion in Pulmonary Medicine, 22(1), 53-59. https://doi.org/10.1097/MCP.0000000000000225;metadata_error
thread_pu3pDLgHE80hSUjhNGFENdxs;Suissa, S., Ernst, P., Benayoun, S., Baltzan, M., & Cai, B. (2000). Low-dose inhaled corticosteroids and the prevention of death from asthma. The New England Journal of Medicine, 343(5), 332-336. https://doi.org/10.1056/NEJM200008033430504;valid
thread_pu3pDLgHE80hSUjhNGFENdxs;Spahn, J. D., Covar, R., Jain, N., Gleason, M., & Brown, R. W. (2005). Overuse of β-agonists and its association with decreased asthma control in children with mild asthma. Pediatrics, 116(2), 481-485. https://doi.org/10.1542/peds.2005-0421;metadata_error
thread_xzSxV843ZdI856dHZjPeWIps;British Thoracic Society and Scottish Intercollegiate Guidelines Network. (2008). *British guideline on the management of asthma*. Retrieved from https://www.brit-thoracic.org.uk/document-library/clinical-guidelines/asthma-guidelines/btssign-asthma-guideline-2008/  ;not_found
thread_xzSxV843ZdI856dHZjPeWIps;Cazzola, M., Matera, M. G., & Rogliani, P. (2018). Overuse of inhaled Î²2-agonists in asthma management: A critical appraisal. *International Journal of Chronic Obstructive Pulmonary Disease, 13*, 1295â€“1305. https://doi.org/10.2147/COPD.S165578  ;not_found
thread_xzSxV843ZdI856dHZjPeWIps;Fuhlbrigge, A., Peden, D., Apter, A. J., et al. (2009). Asthma outcomes: Exacerbations. *Journal of Allergy and Clinical Immunology, 124*(4), S57â€“S70. https://doi.org/10.1016/j.jaci.2009.05.033  ;not_found
thread_xzSxV843ZdI856dHZjPeWIps;Hekking, P. P. W., Wener, R. R., et al. (2015). The prevalence of asthma in the general population: The impact of diagnostic criteria. *European Respiratory Journal, 45*(2), 345â€“351. https://doi.org/10.1183/09031936.00194914  ;not_found
thread_xzSxV843ZdI856dHZjPeWIps;Sheikh, A., Alves, B., & Dhami, S. (2008). Overprescribing and medication errors in asthma management: A systematic review. *Primary Care Respiratory Journal, 17*(5), 273â€“283. https://doi.org/10.3132/pcrj.2008.00048;not_found
thread_kRT64LswZEXIUfBUnG7MyYIL;Bousquet, J., Khaltaev, N., Cruz, A. A., Denburg, J., Fokkens, W. J., Togias, A., ... & Zuberbier, T. (2008). Allergic rhinitis and its impact on asthma (ARIA) 2008 update. Allergy, 63(S86), 8-160. https://doi.org/10.1111/j.1398-9995.2007.01620.x;valid
thread_kRT64LswZEXIUfBUnG7MyYIL;Haahtela, T., Tuomisto, L. E., Pietinalho, A., Klaukka, T., Erhola, M., Kaila, M., ... & Laitinen, L. A. (2006). A 10-year asthma programme in Finland: major change for the better. Thorax, 61(8), 663-670. https://doi.org/10.1136/thx.2006.059303;not_found
thread_kRT64LswZEXIUfBUnG7MyYIL;Cazzola, M., Rogliani, P., Matera, M. G., & Segreti, A. (2015). Overprescription of inhaled corticosteroids in mild asthma. The European Respiratory Journal, 46(3), 853-855. https://doi.org/10.1183/13993003.00759-2015;not_found
thread_kRT64LswZEXIUfBUnG7MyYIL;Suissa, S., Ernst, P., Benayoun, S., Baltzan, M., & Cai, B. (2000). Low-dose inhaled corticosteroids and the prevention of death from asthma. New England Journal of Medicine, 343(5), 332-336. https://doi.org/10.1056/NEJM200008033430504;valid
thread_kRT64LswZEXIUfBUnG7MyYIL;van den Berge, M., Arshad, S. H., & van der Wiel, E. (2018). Treating mild asthma: The impact of guidelines and overprescription. Respirology, 23(6), 511-520. https://doi.org/10.1111/resp.13236;metadata_error
thread_nzvUAUk52FJCq3DHtyKu9UDJ;Global Initiative for Asthma. (2009). Global strategy for asthma management and prevention. Retrieved from https://ginasthma.org  ;not_found
thread_nzvUAUk52FJCq3DHtyKu9UDJ;Fuhlbrigge, A. L., Adams, R. J., Guilbert, T. W., & Peden, D. B. (2009). The burden of asthma in the United States: Level and distribution are dependent on impairment and risk. *Journal of Allergy and Clinical Immunology*, 123(5), 989â€“994. https://doi.org/10.1016/j.jaci.2009.01.044  ;not_found
thread_nzvUAUk52FJCq3DHtyKu9UDJ;O'Byrne, P. M., Pedersen, S., & Schatz, M. (2009). The management of asthma: The evolution of therapy and the current role of inhaled corticosteroids in achieving optimal control. *Chest*, 135(5), 1235â€“1249. https://doi.org/10.1378/chest.08-2114  ;not_found
thread_nzvUAUk52FJCq3DHtyKu9UDJ;Suissa, S., Ernst, P., & Benayoun, S. (2000). Low-dose inhaled corticosteroids and the prevention of death from asthma. *New England Journal of Medicine*, 343(5), 332â€“336. https://doi.org/10.1056/NEJM200008033430504  ;not_found
thread_nzvUAUk52FJCq3DHtyKu9UDJ;British Thoracic Society & Scottish Intercollegiate Guidelines Network. (2008). British guideline on the management of asthma: A national clinical guideline. Retrieved from https://www.sign.ac.uk;not_found
thread_XD5HnAnexSjBmW7A6gK0IqO4;Arroyave, R. A., Rabito, F. A., Carlson, J. C., & Friedman, N. L. (2017). Overprescription of inhaled corticosteroids and patterns of asthma medication use in children. *Journal of Asthma*, 54(8), 813–820. https://doi.org/10.1080/02770903.2017.1296103;not_found
thread_XD5HnAnexSjBmW7A6gK0IqO4;Haughney, J., Price, D., Kaplan, A., & Chrystyn, H. (2008). Asthma control and management: A patient-centered approach. *Primary Care Respiratory Journal*, 17(3), 143–149. https://doi.org/10.3132/pcrj.2008.00002;metadata_error
thread_XD5HnAnexSjBmW7A6gK0IqO4;Suissa, S., & Ernst, P. (2001). Patterns of inhaled corticosteroid use in Canada over time. *Canadian Medical Association Journal (CMAJ)*, 164(5), 621–625.;not_found
thread_XD5HnAnexSjBmW7A6gK0IqO4;British Thoracic Society. (2009). BTS/SIGN British guideline on the management of asthma. *Thorax*, 64(Suppl IV), iv1–iv121.;valid
thread_XD5HnAnexSjBmW7A6gK0IqO4;Fuhlbrigge, A., & Weiss, S. T. (2009). Overprescription in asthma treatment: Implications for public health policy. *Pediatric Pulmonology*, 44(5), 451–458. https://doi.org/10.1002/ppul.20978;metadata_error
thread_kBplHAvP982iv1xUjZ7kzRmB;Bloomberg, G. R., & Banister, C. (2007). Pediatric asthma: Mechanisms, diagnosis, and management. Clinical Reviews in Allergy & Immunology, 32(2), 69-89. https://doi.org/10.1007/s12016-007-8003-2;not_found
thread_kBplHAvP982iv1xUjZ7kzRmB;Fuhlbrigge, A. L., Adams, R. J., Guilbert, T. W., Grant, E., & Lozano, P. (2002). The burden of asthma in the United States: Level and distribution are dependent on interpretation of the national asthma education and prevention program guidelines. American Journal of Respiratory and Critical Care Medicine, 166(8), 1044-1049. https://doi.org/10.1164/rccm.2112040;not_found
thread_kBplHAvP982iv1xUjZ7kzRmB;Shah, R., Newcomb, D. C., & Hartert, T. V. (2009). The role of biomarkers in the diagnosis and management of asthma. The Journal of Allergy and Clinical Immunology, 123(5), 957-966. https://doi.org/10.1016/j.jaci.2009.02.016;metadata_error
thread_kBplHAvP982iv1xUjZ7kzRmB;Abramson, M. J., Bailey, M. J., Couper, F. J., Driver, J. S., Drummer, O. H., Forbes, A. B., ... & McNeil, J. J. (2003). Are asthma medications and management related to deaths from asthma? American Journal of Respiratory and Critical Care Medicine, 168(12), 1445-1450. https://doi.org/10.1164/rccm.200206-620OC;not_found
thread_kBplHAvP982iv1xUjZ7kzRmB;Suissa, S., Ernst, P., Benayoun, S., Baltzan, M., & Cai, B. (2000). Low-dose inhaled corticosteroids and the prevention of death from asthma. New England Journal of Medicine, 343(5), 332-336. https://doi.org/10.1056/NEJM200008033430504;valid
thread_P4D4kHgEggN6kveKtKi3ZBPU;Global Initiative for Asthma. (2020). Global strategy for asthma management and prevention. Retrieved from https://ginasthma.org  ;not_found
thread_P4D4kHgEggN6kveKtKi3ZBPU;Fuhlbrigge, A. L., Adams, R. J., Guilbert, T. W., Grant, E., & Lozano, P. (2002). The burden of asthma in the United States: Level and distribution are dependent on severity. *American Journal of Respiratory and Critical Care Medicine, 166*(5), 1044-1049. https://doi.org/10.1164/rccm.200203-084OC  ;not_found
thread_P4D4kHgEggN6kveKtKi3ZBPU;British Thoracic Society/Scottish Intercollegiate Guidelines Network. (2016). British guideline on the management of asthma: A national clinical guideline. Retrieved from https://www.brit-thoracic.org.uk  ;not_found
thread_P4D4kHgEggN6kveKtKi3ZBPU;Haahtela, T., Tuomisto, L. E., Pietinalho, A., et al. (2006). A 10-year asthma programme in Finland: Major change for the better. *Thorax, 61*(8), 663â€“670. https://doi.org/10.1136/thx.2005.052357  ;not_found
thread_P4D4kHgEggN6kveKtKi3ZBPU;Suissa, S., Ernst, P., Benayoun, S., Baltzan, M., & Cai, B. (2000). Low-dose inhaled corticosteroids and the prevention of death from asthma. *New England Journal of Medicine, 343*(5), 332â€“336. https://doi.org/10.1056/NEJM200008033430504;not_found
thread_lVg6gyYTFGUlo2bcs63XTXwd;Global Initiative for Asthma. (2009). Global strategy for asthma management and prevention. Retrieved from https://ginasthma.org  ;not_found
thread_lVg6gyYTFGUlo2bcs63XTXwd;Haahtela, T., Tuomisto, L. E., Pietinalho, A., et al. (2008). A 10-year asthma programme in Finland: Major change for the better. Thorax, 61(8), 663â€“670. https://doi.org/10.1136/thx.2006.070759  ;not_found
thread_lVg6gyYTFGUlo2bcs63XTXwd;Martinez, F. D., Wright, A. L., Taussig, L. M., et al. (1995). Asthma and wheezing in the first six years of life. New England Journal of Medicine, 332(3), 133â€“138. https://doi.org/10.1056/NEJM199501193320301  ;not_found
thread_lVg6gyYTFGUlo2bcs63XTXwd;Koppelman, G. H., & Nawijn, M. C. (2011). Recent advances in the pathogenesis of asthma. The Journal of Allergy and Clinical Immunology, 128(3), 449â€“457. https://doi.org/10.1016/j.jaci.2011.06.025  ;not_found
thread_lVg6gyYTFGUlo2bcs63XTXwd;Suissa, S., & Ernst, P. (2001). Use of anti-inflammatory therapy and asthma morbidity. Thorax, 56(8), 581â€“586. https://doi.org/10.1136/thorax.56.8.581;not_found
thread_iBDh4hkxJovYsiEnF1P0t9en;British Thoracic Society and Scottish Intercollegiate Guidelines Network. (2009). *British guideline on the management of asthma: A national clinical guideline.* Retrieved from https://www.brit-thoracic.org.uk  ;not_found
thread_iBDh4hkxJovYsiEnF1P0t9en;Cazzola, M., Matera, M. G., & Rogliani, P. (2018). Overuse of inhaled Î²2-agonists in asthma management: A critical review. *International Journal of Chronic Obstructive Pulmonary Disease, 13*, 17-27. https://doi.org/10.2147/COPD.S151984  ;not_found
thread_iBDh4hkxJovYsiEnF1P0t9en;Martinez, F. D. (2009). Trends in asthma prevalence, admissions, and drug use. *Pediatric Pulmonology, 44*(8), 653-659. https://doi.org/10.1002/ppul.21045  ;not_found
thread_iBDh4hkxJovYsiEnF1P0t9en;Haahtela, T., Tuomisto, L. E., Pietinalho, A., et al. (2006). A 10-year asthma programme in Finland: Major change for the better. *Thorax, 61*(8), 663-670. https://doi.org/10.1136/thx.2005.052272  ;not_found
thread_iBDh4hkxJovYsiEnF1P0t9en;Global Initiative for Asthma (GINA). (2009). *Global strategy for asthma management and prevention.* Retrieved from https://ginasthma.org;not_found
thread_GZrf677plGmuvP9sBmhKQOxD;British Thoracic Society and Scottish Intercollegiate Guidelines Network. (2016). *British guideline on the management of asthma: A national clinical guideline*. Retrieved from https://www.brit-thoracic.org.uk;valid
thread_GZrf677plGmuvP9sBmhKQOxD;Haahtela, T., Tuomisto, L. E., Pietinalho, A., et al. (2006). A 10-year asthma programme in Finland: Major change for the better. *Thorax*, *61*(8), 663-670. https://doi.org/10.1136/thx.2005.052272;not_found
thread_GZrf677plGmuvP9sBmhKQOxD;Fuhlbrigge, A., Paltiel, A. D., Kitch, B. T., et al. (2003). FEV1, exacerbations, and quality of life in patients with chronic asthma. *American Journal of Respiratory and Critical Care Medicine*, *167*(7), 1245-1252. https://doi.org/10.1164/rccm.200207-670OC;not_found
thread_GZrf677plGmuvP9sBmhKQOxD;Gamble, J., Stevenson, M., McClean, E., & Heaney, L. G. (2009). The prevalence of nonadherence in difficult asthma. *American Journal of Respiratory and Critical Care Medicine*, *180*(9), 818-822. https://doi.org/10.1164/rccm.200902-0166OC;valid
thread_GZrf677plGmuvP9sBmhKQOxD;Aaron, S. D., Vandemheen, K. L., Boulet, L. P., et al. (2008). Overdiagnosis of asthma in obese and nonobese adults. *Canadian Medical Association Journal*, *179*(11), 1121-1131. https://doi.org/10.1503/cmaj.081332;valid
thread_YkiDndPDEK3tYy7NgzszTFCq;Adams, N., Bestall, J., Malouf, R., Lasserson, T. J., & Shepherd, J. (2005). Beclomethasone versus budesonide for chronic asthma. *Cochrane Database of Systematic Reviews*, (1), CD004317. https://doi.org/10.1002/14651858.CD004317.pub2;metadata_error
thread_YkiDndPDEK3tYy7NgzszTFCq;Haahtela, T., Tuomisto, L. E., Pietinalho, A., et al. (2008). A 10-year asthma programme in Finland: Major change for the better. *Thorax*, 63(8), 635–642. https://doi.org/10.1136/thx.2007.081019;not_found
thread_YkiDndPDEK3tYy7NgzszTFCq;FitzGerald, J. M., Boulet, L. P., McIvor, R. A., et al. (2006). Asthma control in Canada remains suboptimal: The Reality of Asthma Control (TRAC) Study. *Canadian Respiratory Journal*, 13(5), 253–259. https://doi.org/10.1155/2006/126646;not_found
thread_YkiDndPDEK3tYy7NgzszTFCq;Lemanske, R. F., & Busse, W. W. (2010). Asthma: Clinical expression and molecular mechanisms. *Journal of Allergy and Clinical Immunology*, 125(2), S95–S102. https://doi.org/10.1016/j.jaci.2009.10.047;valid
thread_YkiDndPDEK3tYy7NgzszTFCq;Suissa, S., Ernst, P., Benayoun, S., Baltzan, M., & Cai, B. (2000). Low-dose inhaled corticosteroids and the prevention of death from asthma. *New England Journal of Medicine*, 343(5), 332–336. https://doi.org/10.1056/NEJM200008033430504;valid
thread_sUBBX7JDTRbHKkLrBwnMLtjV;British Thoracic Society & Scottish Intercollegiate Guidelines Network. (2008). *British guideline on the management of asthma*. Thorax, 63(Suppl 4), iv1-iv121. https://doi.org/10.1136/thx.2008.097741;metadata_error
thread_sUBBX7JDTRbHKkLrBwnMLtjV;Fuhlbrigge, A., Kitch, B., Paltiel, A. D., et al. (2006). Use of inhaled corticosteroids increases among children with asthma from 1997 to 2003. *Pediatrics*, 118(5), 1918-1925. https://doi.org/10.1542/peds.2005-2988;not_found
thread_sUBBX7JDTRbHKkLrBwnMLtjV;Suissa, S., Ernst, P., & Benayoun, S. (2000). Low-dose inhaled corticosteroids and the prevention of death from asthma. *New England Journal of Medicine*, 343(5), 332-336. https://doi.org/10.1056/NEJM200008033430504;valid
thread_sUBBX7JDTRbHKkLrBwnMLtjV;Global Initiative for Asthma (GINA). (2008). *Global strategy for asthma management and prevention*. Retrieved from https://ginasthma.org;valid
thread_sUBBX7JDTRbHKkLrBwnMLtjV;Haahtela, T., Tuomisto, L. E., Pietinalho, A., et al. (2006). A 10-year asthma programme in Finland: Major change for the better. *Thorax*, 61(8), 663-670. https://doi.org/10.1136/thx.2005.052357;not_found
thread_3IEedJdAlRvyxTOTR8L4AGiw;Fanta, C. H. (2009). Asthma. *New England Journal of Medicine*, 360(10), 1002-1014. https://doi.org/10.1056/NEJMra0804579  ;not_found
thread_3IEedJdAlRvyxTOTR8L4AGiw;British Thoracic Society/Scottish Intercollegiate Guidelines Network. (2008). *British guideline on the management of asthma: A national clinical guideline*. Edinburgh: SIGN.  ;not_found
thread_3IEedJdAlRvyxTOTR8L4AGiw;Aaron, S. D., Vandemheen, K. L., FitzGerald, J. M., et al. (2008). Overdiagnosis of asthma in obese and nonobese adults. *Canadian Medical Association Journal*, 179(11), 1121â€“1131. https://doi.org/10.1503/cmaj.081332  ;not_found
thread_3IEedJdAlRvyxTOTR8L4AGiw;Blais, L., & Kettani, F. Z. (2012). Effect of overprescribing beta-agonists on asthma morbidity. *Annals of Pharmacotherapy*, 46(1), 46â€“52. https://doi.org/10.1345/aph.1Q459  ;not_found
thread_3IEedJdAlRvyxTOTR8L4AGiw;"Taylor, D. R., Bateman, E. D., & Boulet, L. P. (2008). Principles of asthma management: Reducing the burden of exacerbations. *European Respiratory Journal*, 31(6), 1431â€“1443. https://doi.org/10.1183/09031936.00185307"",""valid""";not_found
thread_pHUZfjRCmq7KBLQVaxGWYbqB;British Thoracic Society. (2009). The British guideline on the management of asthma. Thorax, 64(Suppl IV), iv1–iv121. https://doi.org/10.1136/thx.2008.102947  ;not_found
thread_pHUZfjRCmq7KBLQVaxGWYbqB;Fuhlbrigge, A. L., Adams, R. J., Guilbert, T. W., et al. (2002). The burden of asthma in the United States: Level and distribution are dependent on interpretation of the national asthma education and prevention program guidelines. American Journal of Respiratory and Critical Care Medicine, 166(8), 1044â€“1049. https://doi.org/10.1164/rccm.2107052  ;not_found
thread_pHUZfjRCmq7KBLQVaxGWYbqB;Haahtela, T., Tuomisto, L. E., Pietinalho, A., et al. (2006). A 10-year asthma programme in Finland: Major change for the better. Thorax, 61(8), 663â€“670. https://doi.org/10.1136/thx.2005.055699  ;not_found
thread_pHUZfjRCmq7KBLQVaxGWYbqB;Mosen, D. M., Schatz, M., Magid, D. J., & Camargo, C. A. (2008). Inappropriate use of inhaled Î²-agonists: Association with poor clinical outcomes. Journal of Allergy and Clinical Immunology, 122(2), 409â€“413. https://doi.org/10.1016/j.jaci.2008.05.011  ;not_found
thread_pHUZfjRCmq7KBLQVaxGWYbqB;Suissa, S., Ernst, P., Benayoun, S., Baltzan, M., & Cai, B. (2000). Low-dose inhaled corticosteroids and the prevention of death from asthma. New England Journal of Medicine, 343(5), 332â€“336. https://doi.org/10.1056/NEJM200008033430504;not_found
thread_3pI5ws3WgbZyumQnIUQZ5N4q;Global Initiative for Asthma. (2023). Global strategy for asthma management and prevention. Retrieved from https://www.ginasthma.org  ;not_found
thread_3pI5ws3WgbZyumQnIUQZ5N4q;Fuhlbrigge, A. L., Adams, R. J., Guilbert, T. W., et al. (2010). The burden of asthma in the United States: Level and distribution are dependent on severity. American Journal of Respiratory and Critical Care Medicine, 181(4), 315-323. https://doi.org/10.1164/rccm.200907-1151OC  ;not_found
thread_3pI5ws3WgbZyumQnIUQZ5N4q;Hekking, P. P. W., Wener, R. R., Amelink, M., et al. (2015). The prevalence of severe refractory asthma. Journal of Allergy and Clinical Immunology, 135(4), 896-902. https://doi.org/10.1016/j.jaci.2014.08.042  ;not_found
thread_3pI5ws3WgbZyumQnIUQZ5N4q;British Thoracic Society/Scottish Intercollegiate Guidelines Network. (2019). British guideline on the management of asthma. Retrieved from https://www.brit-thoracic.org.uk  ;not_found
thread_3pI5ws3WgbZyumQnIUQZ5N4q;Aaron, S. D., Vandemheen, K. L., Boulet, L. P., et al. (2008). Overdiagnosis of asthma in obese and nonobese adults. CMAJ, 179(11), 1121-1131. https://doi.org/10.1503/cmaj.081332;not_found
thread_MlrB7aj7PX9FywsikH2uNlNW;British Thoracic Society. (2008). BTS/SIGN British guideline on the management of asthma. Thorax, 63(Suppl 4), iv1–iv121. https://doi.org/10.1136/thx.2008.097741;metadata_error
thread_MlrB7aj7PX9FywsikH2uNlNW;Haahtela, T., Tuomisto, L. E., Pietinalho, A., et al. (2006). A 10-year asthma programme in Finland: Major change for the better. Thorax, 61(8), 663–670. https://doi.org/10.1136/thx.2005.055699;valid
thread_MlrB7aj7PX9FywsikH2uNlNW;Abramson, M. J., Bailey, M., Couper, F. J., et al. (2001). Are asthma medications and management related to deaths from asthma? American Journal of Respiratory and Critical Care Medicine, 163(1), 12–18. https://doi.org/10.1164/ajrccm.163.1.2005094;not_found
thread_MlrB7aj7PX9FywsikH2uNlNW;Suissa, S., Ernst, P., Benayoun, S., et al. (2000). Low-dose inhaled corticosteroids and the prevention of death from asthma. New England Journal of Medicine, 343(5), 332–336. https://doi.org/10.1056/NEJM200008033430504;valid
thread_MlrB7aj7PX9FywsikH2uNlNW;Chung, K. F., Wenzel, S. E., Brozek, J. L., et al. (2014). International ERS/ATS guidelines on definition, evaluation, and treatment of severe asthma. European Respiratory Journal, 43(2), 343–373. https://doi.org/10.1183/09031936.00202013;metadata_error
thread_kXpT8ZaTVifu3haeLgStCycy;Lötvall, J., Ekerljung, L., Rönmark, E. P., Westman, M., & Lundbäck, B. (2011). Asthma in adults–is it as common as we think? BMC Pulmonary Medicine, 11(1), 12. https://doi.org/10.1186/1471-2466-11-12  ;not_found
thread_kXpT8ZaTVifu3haeLgStCycy;Aaron, S. D., Vandemheen, K. L., FitzGerald, J. M., Ainslie, M., Gupta, S., LemiÃ¨re, C., ... & Boulet, L. P. (2008). Overdiagnosis of asthma in obese and nonobese adults. Canadian Medical Association Journal, 179(11), 1121-1131. https://doi.org/10.1503/cmaj.081332  ;not_found
thread_kXpT8ZaTVifu3haeLgStCycy;Himes, B. E., & Weitzman, E. R. (2016). Innovations in health information technologies for chronic pulmonary diseases: Asthma and COPD. Academic Pediatrics, 16(4), 376-383. https://doi.org/10.1016/j.acap.2016.01.003  ;not_found
thread_kXpT8ZaTVifu3haeLgStCycy;Fuhlbrigge, A. L., Adams, R. J., Guilbert, T. W., Jackson, D. J., & Martinez, F. D. (2012). The burden of asthma in the United States: level and distribution are dependent on interpretation of the national asthma education and prevention program guidelines. The American Journal of Respiratory and Critical Care Medicine, 186(4), 325-332. https://doi.org/10.1164/rccm.201202-0352PP  ;not_found
thread_kXpT8ZaTVifu3haeLgStCycy;Mosen, D. M., Schatz, M., Magid, D. J., & Camargo, C. A. (2008). The relationship between obesity and asthma severity and control in adults. The Journal of Allergy and Clinical Immunology, 122(3), 507-511. https://doi.org/10.1016/j.jaci.2008.07.009;not_found
thread_8R69XFYLXArSqmm0NE34QXWf;Fanta, C. H., & Fletcher, S. W. (2009). Overprescribing of asthma medications: An emerging concern. *The New England Journal of Medicine, 360*(3), 301-302. https://doi.org/10.1056/NEJMe0809843;not_found
thread_8R69XFYLXArSqmm0NE34QXWf;Haahtela, T., Tuomisto, L. E., Pietinalho, A., & Klaukka, T. (2008). Asthma programme in Finland: A role model for Europe tackling overdiagnosis and overprescription. *European Respiratory Review, 17*(106), 150-159. https://doi.org/10.1183/09059180.00010608;metadata_error
thread_8R69XFYLXArSqmm0NE34QXWf;Cabana, M. D., & Rand, C. S. (2008). Overprescription of inhaled corticosteroids for asthma: A critical review of practice patterns. *Journal of Allergy and Clinical Immunology, 121*(4), 847-856. https://doi.org/10.1016/j.jaci.2008.01.012;metadata_error
thread_8R69XFYLXArSqmm0NE34QXWf;Douglass, J., & Aroni, R. (2009). Overprescription of asthma therapies: A qualitative study of prescribing behavior. *Journal of Asthma, 46*(8), 795-802. https://doi.org/10.3109/02770900903184299;not_found
thread_8R69XFYLXArSqmm0NE34QXWf;Global Initiative for Asthma (GINA). (2008). Asthma management and prevention: Addressing overprescription of medications. *GINA Report*. Retrieved from https://ginasthma.org;not_found
thread_LpWiYQNZ7C3zYaCbvChzKcfx;"Fuhlbrigge, A. L., Adams, R. J., Guilbert, T. W., Grant, E., & Wechsler, M. E. (2010). The burden of asthma in the United States: Level and distribution are dependent on interpretation of ""current asthma"". The American Journal of Respiratory and Critical Care Medicine, 181(4), 315–323. https://doi.org/10.1164/rccm.200907-1072OC";not_found
thread_LpWiYQNZ7C3zYaCbvChzKcfx;Lemanske, R. F., & Busse, W. W. (2010). Asthma: Clinical expression and molecular mechanisms. The Journal of Allergy and Clinical Immunology, 125(2 Suppl 2), S95–S102. https://doi.org/10.1016/j.jaci.2009.10.047;valid
thread_LpWiYQNZ7C3zYaCbvChzKcfx;Schaffer, S. D., & Yoon, S. C. (2009). Overprescription of asthma medications in adults and implications for practice. Journal of the American Academy of Nurse Practitioners, 21(7), 393–399. https://doi.org/10.1111/j.1745-7599.2009.00417.x;metadata_error
thread_LpWiYQNZ7C3zYaCbvChzKcfx;Adams, N., Bestall, J. C., Malouf, R., Lasserson, T. J., & Jones, P. W. (2005). Inhaled corticosteroids for mild to moderate asthma: Systematic review and meta-analysis. The Cochrane Database of Systematic Reviews, (4), CD004913. https://doi.org/10.1002/14651858.CD004913.pub3;not_found
thread_LpWiYQNZ7C3zYaCbvChzKcfx;Suissa, S., Ernst, P., Benayoun, S., Baltzan, M., & Cai, B. (2000). Low-dose inhaled corticosteroids and the prevention of death from asthma. The New England Journal of Medicine, 343(5), 332–336. https://doi.org/10.1056/NEJM200008033430504;valid
thread_MJwAlE71M89V4QtCSrahBaFI;Global Initiative for Asthma. (2008). Global strategy for asthma management and prevention. Retrieved from https://ginasthma.org  ;not_found
thread_MJwAlE71M89V4QtCSrahBaFI;Fuhlbrigge, A. L., Adams, R. J., Guilbert, T. W., Grant, E., & Lozano, P. (2002). The burden of asthma in the United States: Level and distribution are dependent on impairment and risk. *American Journal of Respiratory and Critical Care Medicine, 166*(12), 1490-1494. https://doi.org/10.1164/rccm.200203-081OC  ;not_found
thread_MJwAlE71M89V4QtCSrahBaFI;British Thoracic Society & Scottish Intercollegiate Guidelines Network. (2009). British guideline on the management of asthma: A national clinical guideline. Retrieved from https://www.sign.ac.uk  ;not_found
thread_MJwAlE71M89V4QtCSrahBaFI;Haahtela, T., Tuomisto, L. E., Pietinalho, A., et al. (2006). A 10-year asthma programme in Finland: Major change for the better. *Thorax, 61*(8), 663-670. https://doi.org/10.1136/thx.2005.052272  ;not_found
thread_MJwAlE71M89V4QtCSrahBaFI;Cazzola, M., Matera, M. G., & Rogliani, P. (2007). Monitoring asthma therapy: A review of inhaled corticosteroids. *Expert Opinion on Drug Safety, 6*(5), 547-560. https://doi.org/10.1517/14740338.6.5.547;not_found
thread_L2iKtvnrYiRUl73IPphgQp4i;British Thoracic Society & Scottish Intercollegiate Guidelines Network. (2008). British guideline on the management of asthma: A national clinical guideline. Retrieved from https://www.sign.ac.uk;not_found
thread_L2iKtvnrYiRUl73IPphgQp4i;Haughney, J., Price, D., Kaplan, A., Chrystyn, H., Horne, R., May, N., & Moffat, M. (2008). Achieving asthma control in practice: Understanding the reasons for poor control. Respiratory Medicine, 102(12), 1681-1693. https://doi.org/10.1016/j.rmed.2008.09.022;not_found
thread_L2iKtvnrYiRUl73IPphgQp4i;Gamble, J., Stevenson, M., McClean, E., & Heaney, L. G. (2009). The prevalence of nonadherence in difficult asthma. American Journal of Respiratory and Critical Care Medicine, 180(9), 817-822. https://doi.org/10.1164/rccm.200902-0166OC;not_found
thread_L2iKtvnrYiRUl73IPphgQp4i;Adams, N., Bestall, J. C., Malouf, R., Lasserson, T. J., & Jones, P. W. (2008). Inhaled beclomethasone versus budesonide for chronic asthma. Cochrane Database of Systematic Reviews, 2008(3), CD004560. https://doi.org/10.1002/14651858.CD004560.pub2;not_found
thread_L2iKtvnrYiRUl73IPphgQp4i;Ahmed, R., & Robinson, R. (2008). The epidemiology of asthma drug prescribing patterns in children. Pediatric Pulmonology, 43(4), 335-344. https://doi.org/10.1002/ppul.20777;not_found
thread_SQ3SMwOZKLb3CltZP82dG2SH;Global Initiative for Asthma. (2021). Global strategy for asthma management and prevention. Retrieved from https://ginasthma.org  ;not_found
thread_SQ3SMwOZKLb3CltZP82dG2SH;Hekking, P. P., & Wener, R. R. (2015). Overdiagnosis and overtreatment of asthma in children. *Pediatric Pulmonology*, 50(8), 765â€“773. https://doi.org/10.1002/ppul.23057  ;not_found
thread_SQ3SMwOZKLb3CltZP82dG2SH;Braido, F., Baiardini, I., & Blasi, F. (2009). Adherence, asthma control, and exacerbations: Results from a longitudinal study. *Respiratory Medicine*, 103(2), 273â€“277. https://doi.org/10.1016/j.rmed.2008.08.017  ;not_found
thread_SQ3SMwOZKLb3CltZP82dG2SH;Price, D., Fletcher, M., van der Molen, T., & Williams, D. (2009). Asthma control and management in patients with mild asthma: Insights from epidemiological studies. *Allergy*, 64(12), 1756â€“1764. https://doi.org/10.1111/j.1398-9995.2009.02126.x  ;not_found
thread_SQ3SMwOZKLb3CltZP82dG2SH;British Thoracic Society. (2016). BTS/SIGN British guideline on the management of asthma. *Thorax*, 71(6), 1â€“192. https://doi.org/10.1136/thoraxjnl-2016-209333;not_found
thread_hcQ4G8wtDStvw2pOMYBdsxoB;Cipriani, A., Zhou, X., Del Giovane, C., et al. (2018). Comparative efficacy and tolerability of antidepressants for major depressive disorder in children and adolescents: a network meta-analysis. *The Lancet, 391*(10129), 1357-1366. https://doi.org/10.1016/S0140-6736(18)30280-4;not_found
thread_hcQ4G8wtDStvw2pOMYBdsxoB;Weisz, J. R., McCarty, C. A., & Valeri, S. M. (2006). Effects of psychotherapy for depression in children and adolescents: A meta-analysis. *Psychological Bulletin, 132*(1), 132-149. https://doi.org/10.1037/0033-2909.132.1.132;valid
thread_hcQ4G8wtDStvw2pOMYBdsxoB;Olfson, M., Blanco, C., Wang, S., et al. (2014). National trends in the mental health care of children, adolescents, and adults by office-based physicians. *JAMA Psychiatry, 71*(1), 81-90. https://doi.org/10.1001/jamapsychiatry.2013.3074;valid
thread_hcQ4G8wtDStvw2pOMYBdsxoB;March, J. S., Silva, S. G., & Vitiello, B. (2006). The treatment for adolescents with depression study (TADS): Outcomes over 1 year of naturalistic follow-up. *American Journal of Psychiatry, 163*(7), 1179-1187. https://doi.org/10.1176/ajp.2006.163.7.1179;metadata_error
thread_hcQ4G8wtDStvw2pOMYBdsxoB;Costello, E. J., He, J. P., Sampson, N. A., et al. (2014). Services for adolescents with psychiatric disorders: 12-month data from the National Comorbidity Survey–Adolescent Supplement (NCS-A). *Journal of the American Academy of Child & Adolescent Psychiatry, 53*(8), 890-900. https://doi.org/10.1016/j.jaac.2014.05.014;metadata_error
thread_fSX7j3ByC32YAG88P7XyTpdV;Cipriani, A., Furukawa, T. A., Salanti, G., Chaimani, A., Atkinson, L. Z., Ogawa, Y., ... & Geddes, J. R. (2018). Comparative efficacy and acceptability of 21 antidepressant drugs for the acute treatment of adults with major depressive disorder: a systematic review and network meta-analysis. *The Lancet*, *391*(10128), 1357-1366. https://doi.org/10.1016/S0140-6736(17)32802-7;valid
thread_fSX7j3ByC32YAG88P7XyTpdV;Cuijpers, P., Noma, H., Karyotaki, E., Cipriani, A., & Furukawa, T. A. (2019). Effectiveness and acceptability of cognitive behavior therapy delivery formats in adults with depression: A network meta-analysis. *JAMA Psychiatry*, *76*(7), 700-707. https://doi.org/10.1001/jamapsychiatry.2019.0268;valid
thread_fSX7j3ByC32YAG88P7XyTpdV;March, J. S., Silva, S. G., Petrycki, S., Curry, J., Wells, K., Fairbank, J., ... & Severe, J. (2004). Fluoxetine, cognitive-behavioral therapy, and their combination for adolescents with depression: Treatment for Adolescents With Depression Study (TADS) randomized controlled trial. *JAMA*, *292*(7), 807-820. https://doi.org/10.1001/jama.292.7.807;metadata_error
thread_fSX7j3ByC32YAG88P7XyTpdV;Weisz, J. R., McCarty, C. A., & Valeri, S. M. (2006). Effects of psychotherapy for depression in children and adolescents: A meta-analysis. *Psychological Bulletin*, *132*(1), 132-149. https://doi.org/10.1037/0033-2909.132.1.132;valid
thread_fSX7j3ByC32YAG88P7XyTpdV;Gibbons, R. D., Hur, K., Brown, C. H., Marcus, S. M., Bhaumik, D. K., & Mann, J. J. (2012). Benefits from antidepressants: Synthesis of 6-week patient-level outcomes from double-blind placebo-controlled randomized trials of fluoxetine and venlafaxine. *Archives of General Psychiatry*, *69*(6), 572-579. https://doi.org/10.1001/archgenpsychiatry.2011.2044;valid
thread_y1UgR0TmeTC088GotHxg6rvL;Cipriani, A., Zhou, X., Del Giovane, C., et al. (2018). Comparative efficacy and tolerability of antidepressants for major depressive disorder in children and adolescents: A network meta-analysis. *The Lancet*, 391(10129), 1357-1366. https://doi.org/10.1016/S0140-6736(18)30293-9;metadata_error
thread_y1UgR0TmeTC088GotHxg6rvL;Cuijpers, P., Karyotaki, E., Weitz, E., Andersson, G., Hollon, S. D., & van Straten, A. (2014). The effects of psychotherapies for major depression in adults on remission, recovery and improvement: A meta-analysis. *Journal of Affective Disorders*, 159, 118-126. https://doi.org/10.1016/j.jad.2014.02.028;metadata_error
thread_y1UgR0TmeTC088GotHxg6rvL;March, J., Silva, S., Petrycki, S., et al. (2004). Fluoxetine, cognitive-behavioral therapy, and their combination for adolescents with depression: Treatment for Adolescents With Depression Study (TADS) randomized controlled trial. *JAMA*, 292(7), 807-820. https://doi.org/10.1001/jama.292.7.807;metadata_error
thread_y1UgR0TmeTC088GotHxg6rvL;Weisz, J. R., McCarty, C. A., & Valeri, S. M. (2006). Effects of psychotherapy for depression in children and adolescents: A meta-analysis. *Psychological Bulletin*, 132(1), 132-149. https://doi.org/10.1037/0033-2909.132.1.132;valid
thread_y1UgR0TmeTC088GotHxg6rvL;Gibbons, R. D., Hur, K., Brown, C. H., et al. (2012). Benefits from antidepressants: Synthesis of 6-week patient-level outcomes for antidepressant and placebo in major depressive disorder. *Archives of General Psychiatry*, 69(6), 572-579. https://doi.org/10.1001/archgenpsychiatry.2011.2044;valid
thread_EWYJahZQ2Mo0vGk0TiZNjTqg;Cipriani, A., Zhou, X., Del Giovane, C., et al. (2018). Comparative efficacy and tolerability of antidepressants for major depressive disorder in children and adolescents: A network meta-analysis. *The Lancet*, *391*(10129), 1357-1366. https://doi.org/10.1016/S0140-6736(17)32944-2;not_found
thread_EWYJahZQ2Mo0vGk0TiZNjTqg;Cuijpers, P., Karyotaki, E., Weitz, E., et al. (2014). The effects of psychotherapies for major depression in adults on remission, recovery and improvement: A meta-analysis. *Psychological Medicine*, *44*(17), 345-355. https://doi.org/10.1017/S0033291714000208;metadata_error
thread_EWYJahZQ2Mo0vGk0TiZNjTqg;Olfson, M., Blanco, C., Wang, S., et al. (2014). National trends in the mental health care of children, adolescents, and adults by office-based physicians. *JAMA Psychiatry*, *71*(1), 81-90. https://doi.org/10.1001/jamapsychiatry.2013.3074;valid
thread_EWYJahZQ2Mo0vGk0TiZNjTqg;March, J., Silva, S., Petrycki, S., et al. (2004). Fluoxetine, cognitive-behavioral therapy, and their combination for adolescents with depression: Treatment for Adolescents With Depression Study (TADS) randomized controlled trial. *JAMA*, *292*(7), 807-820. https://doi.org/10.1001/jama.292.7.807;metadata_error
thread_EWYJahZQ2Mo0vGk0TiZNjTqg;Weisz, J. R., McCarty, C. A., & Valeri, S. M. (2006). Effects of psychotherapy for depression in children and adolescents: A meta-analysis. *Psychological Bulletin*, *132*(1), 132-149. https://doi.org/10.1037/0033-2909.132.1.132;valid
thread_gJqL8iv0ChaOCioR9nmrGPXt;Cipriani, A., Zhou, X., Del Giovane, C., et al. (2018). Comparative efficacy and tolerability of antidepressants for major depressive disorder in children and adolescents: A network meta-analysis. *The Lancet*, 391(10128), 1357-1366. https://doi.org/10.1016/S0140-6736(17)32983-3;not_found
thread_gJqL8iv0ChaOCioR9nmrGPXt;March, J., Silva, S., Petrycki, S., et al. (2004). Fluoxetine, cognitive-behavioral therapy, and their combination for adolescents with depression: Treatment for Adolescents with Depression Study (TADS) randomized controlled trial. *JAMA*, 292(7), 807-820. https://doi.org/10.1001/jama.292.7.807;metadata_error
thread_gJqL8iv0ChaOCioR9nmrGPXt;Weisz, J. R., McCarty, C. A., & Valeri, S. M. (2006). Effects of psychotherapy for depression in children and adolescents: A meta-analysis. *Psychological Bulletin*, 132(1), 132-149. https://doi.org/10.1037/0033-2909.132.1.132;valid
thread_gJqL8iv0ChaOCioR9nmrGPXt;Olfson, M., Blanco, C., Wang, S., et al. (2014). National trends in the mental health care of children and adolescents. *New England Journal of Medicine*, 370(9), 855-865. https://doi.org/10.1056/NEJMsa1310515;not_found
thread_gJqL8iv0ChaOCioR9nmrGPXt;Hetrick, S. E., Cox, G. R., Witt, K. G., et al. (2016). Cognitive behavioral therapy for depression in children and adolescents: A meta-analysis. *Psychological Medicine*, 46(11), 2177-2193. https://doi.org/10.1017/S0033291716000743;not_found
thread_fYBWqK169flYiUv8Ky7BAQsp;Cuijpers, P., Karyotaki, E., Weitz, E., Andersson, G., Hollon, S. D., & van Straten, A. (2014). The effects of psychotherapies for major depression in adults on remission, recovery and improvement: A meta‐analysis. Journal of Affective Disorders, 159, 118–126. https://doi.org/10.1016/j.jad.2014.02.028;metadata_error
thread_fYBWqK169flYiUv8Ky7BAQsp;Cipriani, A., Zhou, X., Del Giovane, C., et al. (2018). Comparative efficacy and acceptability of psychotherapies for depression in children and adolescents: A network meta-analysis. The Lancet Psychiatry, 5(7), 597–604. https://doi.org/10.1016/S2215-0366(18)30099-6;not_found
thread_fYBWqK169flYiUv8Ky7BAQsp;Olfson, M., Blanco, C., Wang, S., Laje, G., & Correll, C. U. (2014). National trends in the mental health care of children, adolescents, and adults by office-based physicians. JAMA Psychiatry, 71(1), 81–90. https://doi.org/10.1001/jamapsychiatry.2013.3074;valid
thread_fYBWqK169flYiUv8Ky7BAQsp;March, J. S., Silva, S., Petrycki, S., et al. (2004). Fluoxetine, cognitive-behavioral therapy, and their combination for adolescents with depression: Treatment for Adolescents with Depression Study (TADS) randomized controlled trial. JAMA, 292(7), 807–820. https://doi.org/10.1001/jama.292.7.807;metadata_error
thread_fYBWqK169flYiUv8Ky7BAQsp;Weisz, J. R., McCarty, C. A., & Valeri, S. M. (2006). Effects of psychotherapy for depression in children and adolescents: A meta-analysis. Psychological Bulletin, 132(1), 132–149. https://doi.org/10.1037/0033-2909.132.1.132;valid
thread_PH1lmOZbPQmOpenln2vriBZb;Cuijpers, P., Andersson, G., Donker, T., & van Straten, A. (2011). Psychological treatment of depression: Results of a series of meta-analyses. Nordic Journal of Psychiatry, 65(6), 354-364. https://doi.org/10.3109/08039488.2011.596570;valid
thread_PH1lmOZbPQmOpenln2vriBZb;Cipriani, A., Furukawa, T. A., Salanti, G., Chaimani, A., Atkinson, L. Z., Ogawa, Y., ... & Geddes, J. R. (2018). Comparative efficacy and acceptability of 21 antidepressant drugs for the acute treatment of adults with major depressive disorder: a systematic review and network meta-analysis. The Lancet, 391(10128), 1357-1366. https://doi.org/10.1016/S0140-6736(17)32802-7;valid
thread_PH1lmOZbPQmOpenln2vriBZb;Weisz, J. R., McCarty, C. A., & Valeri, S. M. (2006). Effects of psychotherapy for depression in children and adolescents: A meta-analysis. Psychological Bulletin, 132(1), 132-149. https://doi.org/10.1037/0033-2909.132.1.132;valid
thread_PH1lmOZbPQmOpenln2vriBZb;Olfson, M., Blanco, C., Wang, S., Laje, G., & Correll, C. U. (2014). National trends in the mental health care of children, adolescents, and adults by office-based physicians. JAMA Psychiatry, 71(1), 81-90. https://doi.org/10.1001/jamapsychiatry.2013.3074;valid
thread_PH1lmOZbPQmOpenln2vriBZb;March, J., Silva, S., Petrycki, S., Curry, J., Wells, K., Fairbank, J., ... & Severe, J. (2004). Fluoxetine, cognitive-behavioral therapy, and their combination for adolescents with depression: Treatment efficacy and safety. JAMA, 292(7), 807-820. https://doi.org/10.1001/jama.292.7.807;metadata_error
thread_pqaH5HlC9RvKaZ5k76nunfrV;Cipriani, A., Zhou, X., Del Giovane, C., et al. (2018). Comparative efficacy and acceptability of psychotherapies for depression in children and adolescents: A systematic review and network meta-analysis. *The Lancet Psychiatry, 5*(7), 597-604. https://doi.org/10.1016/S2215-0366(18)30185-5;not_found
thread_pqaH5HlC9RvKaZ5k76nunfrV;Olfson, M., Blanco, C., Wang, S., et al. (2014). National trends in the mental health care of children, adolescents, and adults by office-based physicians. *JAMA Psychiatry, 71*(1), 81-90. https://doi.org/10.1001/jamapsychiatry.2013.3074;valid
thread_pqaH5HlC9RvKaZ5k76nunfrV;Weisz, J. R., McCarty, C. A., & Valeri, S. M. (2006). Effects of psychotherapy for depression in children and adolescents: A meta-analysis. *Psychological Bulletin, 132*(1), 132-149. https://doi.org/10.1037/0033-2909.132.1.132;valid
thread_pqaH5HlC9RvKaZ5k76nunfrV;March, J., Silva, S., Petrycki, S., et al. (2004). Fluoxetine, cognitive-behavioral therapy, and their combination for adolescents with depression: Treatment for Adolescents with Depression Study (TADS) randomized controlled trial. *JAMA, 292*(7), 807-820. https://doi.org/10.1001/jama.292.7.807;metadata_error
thread_pqaH5HlC9RvKaZ5k76nunfrV;Leichsenring, F., & Rabung, S. (2008). Effectiveness of long-term psychodynamic psychotherapy: A meta-analysis. *JAMA, 300*(13), 1551-1565. https://doi.org/10.1001/jama.300.13.1551;valid
thread_0l5D0F04TACln8gIVOzLai9j;Cipriani, A., Zhou, X., Del Giovane, C., et al. (2018). Comparative efficacy and tolerability of antidepressants for major depressive disorder in children and adolescents: A network meta-analysis. *The Lancet Psychiatry, 5*(7), 597-604. https://doi.org/10.1016/S2215-0366(18)30203-7;not_found
thread_0l5D0F04TACln8gIVOzLai9j;Weisz, J. R., McCarty, C. A., & Valeri, S. M. (2006). Effects of psychotherapy for depression in children and adolescents: A meta-analysis. *Psychological Bulletin, 132*(1), 132-149. https://doi.org/10.1037/0033-2909.132.1.132;valid
thread_0l5D0F04TACln8gIVOzLai9j;Kirsch, I., & Saperstein, G. (2014). Do antidepressants work? A review of studies on the effectiveness of antidepressants for the treatment of depression. *Clinical Psychology Review, 34*(4), 311-320. https://doi.org/10.1016/j.cpr.2014.03.006;metadata_error
thread_0l5D0F04TACln8gIVOzLai9j;March, J., Silva, S., Petrycki, S., et al. (2004). Fluoxetine, cognitive-behavioral therapy, and their combination for adolescents with depression: Treatment for Adolescents With Depression Study (TADS) randomized controlled trial. *JAMA, 292*(7), 807-820. https://doi.org/10.1001/jama.292.7.807;metadata_error
thread_0l5D0F04TACln8gIVOzLai9j;Hetrick, S. E., Cox, G. R., Witt, K. G., et al. (2016). Cognitive behavioral therapy (CBT), interpersonal therapy (IPT), and antidepressant medication for depression in children and adolescents. *Cochrane Database of Systematic Reviews, 2016*(8), CD012448. https://doi.org/10.1002/14651858.CD012448;metadata_error
thread_yZspQag4XjtS8s0G7fFrfWWr;Cipriani, A., Zhou, X., Del Giovane, C., et al. (2018). Comparative efficacy and tolerability of antidepressants for major depressive disorder in children and adolescents: A network meta-analysis. *Lancet*, *391*(10129), 1357–1366. https://doi.org/10.1016/S0140-6736(18)30275-2;not_found
thread_yZspQag4XjtS8s0G7fFrfWWr;Weisz, J. R., McCarty, C. A., & Valeri, S. M. (2006). Effects of psychotherapy for depression in children and adolescents: A meta-analysis. *Psychological Bulletin*, *132*(1), 132–149. https://doi.org/10.1037/0033-2909.132.1.132;valid
thread_yZspQag4XjtS8s0G7fFrfWWr;Olfson, M., Blanco, C., Wang, S., et al. (2014). National trends in the mental health care of children, adolescents, and adults by office-based physicians. *JAMA Psychiatry*, *71*(1), 81–90. https://doi.org/10.1001/jamapsychiatry.2013.3074;valid
thread_yZspQag4XjtS8s0G7fFrfWWr;March, J., Silva, S., Petrycki, S., et al. (2004). Fluoxetine, cognitive-behavioral therapy, and their combination for adolescents with depression: Treatment for Adolescents With Depression Study (TADS) randomized controlled trial. *JAMA*, *292*(7), 807–820. https://doi.org/10.1001/jama.292.7.807;metadata_error
thread_yZspQag4XjtS8s0G7fFrfWWr;Cuijpers, P., Andersson, G., Donker, T., & van Straten, A. (2011). Psychological treatment of depression: Results of a series of meta-analyses. *Nordic Journal of Psychiatry*, *65*(6), 354–364. https://doi.org/10.3109/08039488.2011.596570;valid
thread_VRBnTp7wh3r53aSooOJxjoqT;Cipriani, A., Zhou, X., Del Giovane, C., et al. (2018). Comparative efficacy and acceptability of 21 antidepressant drugs for the acute treatment of adults with major depressive disorder: A systematic review and network meta-analysis. *The Lancet*, 391(10128), 1357-1366. https://doi.org/10.1016/S0140-6736(17)32802-7;valid
thread_VRBnTp7wh3r53aSooOJxjoqT;Weisz, J. R., McCarty, C. A., & Valeri, S. M. (2006). Effects of psychotherapy for depression in children and adolescents: A meta-analysis. *Psychological Bulletin*, 132(1), 132-149. https://doi.org/10.1037/0033-2909.132.1.132;valid
thread_VRBnTp7wh3r53aSooOJxjoqT;Olfson, M., Blanco, C., Wang, S., Greenhill, L. L., & Shaffer, D. (2014). National trends in the mental health care of children, adolescents, and adults by office-based physicians. *JAMA Psychiatry*, 71(1), 81-90. https://doi.org/10.1001/jamapsychiatry.2013.3074;valid
thread_VRBnTp7wh3r53aSooOJxjoqT;March, J., Silva, S., Petrycki, S., et al. (2004). Fluoxetine, cognitive-behavioral therapy, and their combination for adolescents with depression: Treatment for Adolescents With Depression Study (TADS) randomized controlled trial. *JAMA*, 292(7), 807-820. https://doi.org/10.1001/jama.292.7.807;metadata_error
thread_VRBnTp7wh3r53aSooOJxjoqT;Kirsch, I., Deacon, B. J., Huedo-Medina, T. B., et al. (2008). Initial severity and antidepressant benefits: A meta-analysis of data submitted to the Food and Drug Administration. *PLOS Medicine*, 5(2), e45. https://doi.org/10.1371/journal.pmed.0050045;valid
thread_OFVTIfCq7eNjjA97ekabMIJc;Cipriani, A., Zhou, X., Del Giovane, C., et al. (2018). Comparative efficacy and acceptability of psychotherapies for depression in children and adolescents: a systematic review and network meta-analysis. *The Lancet Psychiatry, 5*(7), 597–604. https://doi.org/10.1016/S2215-0366(18)30185-5;not_found
thread_OFVTIfCq7eNjjA97ekabMIJc;Kirsch, I. (2019). Placebo effect in the treatment of depression and anxiety. *Frontiers in Psychiatry, 10*, 407. https://doi.org/10.3389/fpsyt.2019.00407;valid
thread_OFVTIfCq7eNjjA97ekabMIJc;Olfson, M., Blanco, C., Wang, S., et al. (2014). National trends in the mental health care of children and adolescents. *The New England Journal of Medicine, 370*(9), 855–865. https://doi.org/10.1056/NEJMsa1310513;not_found
thread_OFVTIfCq7eNjjA97ekabMIJc;Weisz, J. R., McCarty, C. A., & Valeri, S. M. (2006). Effects of psychotherapy for depression in children and adolescents: A meta-analysis. *Psychological Bulletin, 132*(1), 132–149. https://doi.org/10.1037/0033-2909.132.1.132;valid
thread_OFVTIfCq7eNjjA97ekabMIJc;March, J. S., Silva, S., Petrycki, S., et al. (2004). Fluoxetine, cognitive-behavioral therapy, and their combination for adolescents with depression: Treatment for Adolescents With Depression Study (TADS) randomized controlled trial. *JAMA, 292*(7), 807–820. https://doi.org/10.1001/jama.292.7.807;metadata_error
thread_n7YhtH3szLWl54tCkC6I7DEs;Cipriani, A., Zhou, X., Del Giovane, C., Hetrick, S. E., Qin, L., Whittington, C., ... & Geddes, J. R. (2016). Comparative efficacy and tolerability of antidepressants for major depressive disorder in children and adolescents: A network meta-analysis. *The Lancet*, *388*(10047), 881-890. https://doi.org/10.1016/S0140-6736(16)30385-3;valid
thread_n7YhtH3szLWl54tCkC6I7DEs;Cuijpers, P., Karyotaki, E., Weitz, E., Andersson, G., Hollon, S. D., & van Straten, A. (2014). The effects of psychotherapies for major depression in adults on remission, recovery, and improvement: A meta-analysis. *Journal of Affective Disorders*, *159*, 118-126. https://doi.org/10.1016/j.jad.2014.02.026;valid
thread_n7YhtH3szLWl54tCkC6I7DEs;March, J., Silva, S., Petrycki, S., Curry, J., Wells, K., Fairbank, J., ... & Severe, J. (2004). The Treatment for Adolescents With Depression Study (TADS): Long-term effectiveness and safety outcomes. *Archives of General Psychiatry*, *61*(10), 1138-1147. https://doi.org/10.1001/archpsyc.61.10.1138;not_found
thread_n7YhtH3szLWl54tCkC6I7DEs;Weisz, J. R., Kuppens, S., Ng, M. Y., Eckshtain, D., Ugueto, A. M., Vaughn-Coaxum, R., ... & Fordwood, S. R. (2017). What five decades of research tells us about the effects of youth psychological therapy: A meta-analytic review. *American Psychologist*, *72*(2), 79-117. https://doi.org/10.1037/a0040360;valid
thread_n7YhtH3szLWl54tCkC6I7DEs;Hetrick, S. E., McKenzie, J. E., Cox, G. R., Simmons, M. B., & Merry, S. N. (2012). Newer generation antidepressants for depression in children and adolescents: A meta-analysis. *Cochrane Database of Systematic Reviews*, *11*, CD004851. https://doi.org/10.1002/14651858.CD004851.pub3;valid
thread_PolqkQwnniv80FlvZpe5n6x1;Cipriani, A., Zhou, X., Del Giovane, C., et al. (2018). Comparative efficacy and tolerability of antidepressants for major depressive disorder in children and adolescents: A network meta-analysis. *The Lancet, 391*(10129), 1357-1366. https://doi.org/10.1016/S0140-6736(17)32922-8;not_found
thread_PolqkQwnniv80FlvZpe5n6x1;Weisz, J. R., McCarty, C. A., & Valeri, S. M. (2006). Effects of psychotherapy for depression in children and adolescents: A meta-analysis. *Psychological Bulletin, 132*(1), 132-149. https://doi.org/10.1037/0033-2909.132.1.132;valid
thread_PolqkQwnniv80FlvZpe5n6x1;March, J., Silva, S., & Vitiello, B. (2006). The Treatment for Adolescents with Depression Study (TADS): Outcomes over one year of naturalistic follow-up. *American Journal of Psychiatry, 163*(9), 1405-1413. https://doi.org/10.1176/ajp.2006.163.9.1405;not_found
thread_PolqkQwnniv80FlvZpe5n6x1;Olfson, M., Blanco, C., Wang, S., et al. (2014). National trends in the mental health care of children, adolescents, and adults by office-based physicians. *JAMA Psychiatry, 71*(1), 81-90. https://doi.org/10.1001/jamapsychiatry.2013.3074;valid
thread_PolqkQwnniv80FlvZpe5n6x1;Cuijpers, P., Karyotaki, E., Weitz, E., et al. (2016). The effects of psychotherapies for major depression in adults on remission, recovery, and improvement: A meta-analysis. *Journal of Affective Disorders, 210*(1), 267-276. https://doi.org/10.1016/j.jad.2016.12.036;metadata_error
thread_hJ4KDn9FXcsGFbvyl4cPqFZF;Cipriani, A., Zhou, X., Del Giovane, C., et al. (2018). Comparative efficacy and acceptability of psychotherapies for depression in children and adolescents: A systematic review and network meta-analysis. *Lancet Psychiatry, 5*(7), 547-556. https://doi.org/10.1016/S2215-0366(18)30185-5;not_found
thread_hJ4KDn9FXcsGFbvyl4cPqFZF;Weisz, J. R., McCarty, C. A., & Valeri, S. M. (2006). Effects of psychotherapy for depression in children and adolescents: A meta-analysis. *Psychological Bulletin, 132*(1), 132-149. https://doi.org/10.1037/0033-2909.132.1.132;valid
thread_hJ4KDn9FXcsGFbvyl4cPqFZF;Mojtabai, R., & Olfson, M. (2014). National trends in the use of psychotropic medications by children and adolescents. *Journal of the American Academy of Child & Adolescent Psychiatry, 53*(1), 14-25. https://doi.org/10.1016/j.jaac.2013.10.006;metadata_error
thread_hJ4KDn9FXcsGFbvyl4cPqFZF;Hetrick, S. E., Cox, G. R., Witt, K. G., et al. (2016). Cognitive behavioral therapy for depression in children and adolescents: A systematic review and meta-analysis. *Cochrane Database of Systematic Reviews, 2016*(8), CD007297. https://doi.org/10.1002/14651858.CD007297.pub3;metadata_error
thread_hJ4KDn9FXcsGFbvyl4cPqFZF;Lu, C. Y., & Kearney, A. (2018). Antidepressant use among children and adolescents: Epidemiology, prescribing trends, and safety. *Therapeutic Advances in Drug Safety, 9*(4), 199-210. https://doi.org/10.1177/2042098618756266;not_found
thread_tCgMcMPpBfk3q6vKLq7238Lw;Cipriani, A., Furukawa, T. A., Salanti, G., Chaimani, A., Atkinson, L. Z., Ogawa, Y., ... & Geddes, J. R. (2018). Comparative efficacy and acceptability of 21 antidepressant drugs for the acute treatment of adults with major depressive disorder: a systematic review and network meta-analysis. *The Lancet, 391*(10128), 1357-1366. https://doi.org/10.1016/S0140-6736(17)32802-7;valid
thread_tCgMcMPpBfk3q6vKLq7238Lw;Cuijpers, P., Karyotaki, E., Weitz, E., Andersson, G., Hollon, S. D., & van Straten, A. (2014). The effects of psychotherapies for major depression in adults on remission, recovery and improvement: A meta-analysis. *Journal of Affective Disorders, 159*, 118-126. https://doi.org/10.1016/j.jad.2014.02.026;valid
thread_tCgMcMPpBfk3q6vKLq7238Lw;Olfson, M., Blanco, C., Wang, S., Laje, G., & Correll, C. U. (2014). National trends in the mental health care of children, adolescents, and adults by office-based physicians. *JAMA Psychiatry, 71*(1), 81-90. https://doi.org/10.1001/jamapsychiatry.2013.307;not_found
thread_tCgMcMPpBfk3q6vKLq7238Lw;March, J., & Vitiello, B. (2009). Clinical messages from the treatment for adolescents with depression study (TADS). *American Journal of Psychiatry, 166*(10), 1118-1123. https://doi.org/10.1176/appi.ajp.2009.09020186;metadata_error
thread_tCgMcMPpBfk3q6vKLq7238Lw;Weisz, J. R., McCarty, C. A., & Valeri, S. M. (2006). Effects of psychotherapy for depression in children and adolescents: A meta-analysis. *Psychological Bulletin, 132*(1), 132-149. https://doi.org/10.1037/0033-2909.132.1.132;valid
thread_jhIHO7eZfS8fts1G9H7a5mJk;Cipriani, A., Zhou, X., Del Giovane, C., Hetrick, S. E., Qin, L., Whittington, C., ... & Furukawa, T. A. (2016). Comparative efficacy and tolerability of antidepressants for major depressive disorder in children and adolescents: a network meta-analysis. *The Lancet*, *388*(10047), 881-890. https://doi.org/10.1016/S0140-6736(16)30385-3;valid
thread_jhIHO7eZfS8fts1G9H7a5mJk;Weisz, J. R., McCarty, C. A., & Valeri, S. M. (2006). Effects of psychotherapy for depression in children and adolescents: A meta-analysis. *Psychological Bulletin*, *132*(1), 132-149. https://doi.org/10.1037/0033-2909.132.1.132;valid
thread_jhIHO7eZfS8fts1G9H7a5mJk;March, J., Silva, S., Petrycki, S., Curry, J., Wells, K., Fairbank, J., ... & Severe, J. (2004). Fluoxetine, cognitive-behavioral therapy, and their combination for adolescents with depression: Treatment for Adolescents with Depression Study (TADS) randomized controlled trial. *JAMA*, *292*(7), 807-820. https://doi.org/10.1001/jama.292.7.807;metadata_error
thread_jhIHO7eZfS8fts1G9H7a5mJk;Hetrick, S. E., Cox, G. R., Witt, K. G., Bir, J. J., & Merry, S. N. (2016). Cognitive behavioural therapy (CBT), third-wave CBT and interpersonal therapy (IPT) for depression in children and adolescents. *Cochrane Database of Systematic Reviews*, (8), CD012384. https://doi.org/10.1002/14651858.CD012384;metadata_error
thread_jhIHO7eZfS8fts1G9H7a5mJk;Olfson, M., Blanco, C., Wang, S., Laje, G., & Correll, C. U. (2014). National trends in the mental health care of children, adolescents, and adults by office-based physicians. *JAMA Psychiatry*, *71*(1), 81-90. https://doi.org/10.1001/jamapsychiatry.2013.307;not_found
thread_YKzHTkO3ctnqVuWJCR2g0Rqv;Cipriani, A., Furukawa, T. A., Salanti, G., Chaimani, A., Atkinson, L. Z., Ogawa, Y., ... & Geddes, J. R. (2018). Comparative efficacy and acceptability of 21 antidepressant drugs for the acute treatment of adults with major depressive disorder: a systematic review and network meta-analysis. *The Lancet*, *391*(10128), 1357-1366. https://doi.org/10.1016/S0140-6736(17)32802-7;valid
thread_YKzHTkO3ctnqVuWJCR2g0Rqv;Cuijpers, P., Karyotaki, E., Weitz, E., Andersson, G., Hollon, S. D., & van Straten, A. (2014). The effects of psychotherapies for major depression in adults on remission, recovery and improvement: A meta-analysis. *Journal of Affective Disorders*, *159*, 118-126. https://doi.org/10.1016/j.jad.2014.02.028;metadata_error
thread_YKzHTkO3ctnqVuWJCR2g0Rqv;March, J., Silva, S., Petrycki, S., Curry, J., Wells, K., Fairbank, J., ... & Severe, J. (2004). Fluoxetine, cognitive-behavioral therapy, and their combination for adolescents with depression: Treatment for Adolescents With Depression Study (TADS) randomized controlled trial. *JAMA*, *292*(7), 807-820. https://doi.org/10.1001/jama.292.7.807;metadata_error
thread_YKzHTkO3ctnqVuWJCR2g0Rqv;Weisz, J. R., McCarty, C. A., & Valeri, S. M. (2006). Effects of psychotherapy for depression in children and adolescents: A meta-analysis. *Psychological Bulletin*, *132*(1), 132-149. https://doi.org/10.1037/0033-2909.132.1.132;valid
thread_YKzHTkO3ctnqVuWJCR2g0Rqv;Olfson, M., Blanco, C., Wang, S., Laje, G., & Correll, C. U. (2014). National trends in the mental health care of children, adolescents, and adults by office-based physicians. *JAMA Psychiatry*, *71*(1), 81-90. https://doi.org/10.1001/jamapsychiatry.2013.307;not_found
thread_vNjQ7ZbkfwIGGd50eCxILa7x;Cipriani, A., Zhou, X., Del Giovane, C., Hetrick, S. E., Qin, L., Whittington, C., ... & Geddes, J. R. (2016). Comparative efficacy and tolerability of antidepressants for major depressive disorder in children and adolescents: a network meta-analysis. *The Lancet*, *388*(10047), 881-890. https://doi.org/10.1016/S0140-6736(16)30385-3;valid
thread_vNjQ7ZbkfwIGGd50eCxILa7x;Weisz, J. R., McCarty, C. A., & Valeri, S. M. (2006). Effects of psychotherapy for depression in children and adolescents: A meta-analysis. *Psychological Bulletin*, *132*(1), 132–149. https://doi.org/10.1037/0033-2909.132.1.132;valid
thread_vNjQ7ZbkfwIGGd50eCxILa7x;Olfson, M., Blanco, C., Wang, S., Laje, G., & Correll, C. U. (2014). National trends in the mental health care of children, adolescents, and adults by office-based physicians. *JAMA Psychiatry*, *71*(1), 81-90. https://doi.org/10.1001/jamapsychiatry.2013.307;not_found
thread_vNjQ7ZbkfwIGGd50eCxILa7x;Hetrick, S. E., Cox, G. R., Witt, K. G., Bir, J. J., & Merry, S. N. (2016). Cognitive behavioral therapy (CBT), third-wave CBT, and interpersonal therapy (IPT) for depression in children and adolescents: A systematic review and meta-analysis. *Cochrane Database of Systematic Reviews*, (8), CD012384. https://doi.org/10.1002/14651858.CD012384;metadata_error
thread_vNjQ7ZbkfwIGGd50eCxILa7x;Mojtabai, R., & Olfson, M. (2014). National trends in the use of psychotropic medications by adolescents. *Journal of the American Academy of Child & Adolescent Psychiatry*, *53*(1), 14-24.e2. https://doi.org/10.1016/j.jaac.2013.10.006;metadata_error
thread_vERHIhXZyTFom7V3JBkrO7t4;Cipriani, A., Zhou, X., Del Giovane, C., et al. (2018). Comparative efficacy and tolerability of antidepressants for major depressive disorder in children and adolescents: a network meta-analysis. *The Lancet, 391*(10129), 1357-1366. https://doi.org/10.1016/S0140-6736(17)32945-6;not_found
thread_vERHIhXZyTFom7V3JBkrO7t4;Cuijpers, P., Karyotaki, E., Weitz, E., Andersson, G., Hollon, S. D., & van Straten, A. (2014). The effects of psychotherapies for major depression in adults on remission, recovery and improvement: A meta-analysis. *Journal of Affective Disorders, 159*, 118–126. https://doi.org/10.1016/j.jad.2014.02.026;valid
thread_vERHIhXZyTFom7V3JBkrO7t4;March, J., Silva, S., Petrycki, S., et al. (2004). Fluoxetine, cognitive-behavioral therapy, and their combination for adolescents with depression: Treatment for Adolescents with Depression Study (TADS) randomized controlled trial. *JAMA, 292*(7), 807-820. https://doi.org/10.1001/jama.292.7.807;metadata_error
thread_vERHIhXZyTFom7V3JBkrO7t4;Weisz, J. R., McCarty, C. A., & Valeri, S. M. (2006). Effects of psychotherapy for depression in children and adolescents: A meta-analysis. *Psychological Bulletin, 132*(1), 132–149. https://doi.org/10.1037/0033-2909.132.1.132;valid
thread_vERHIhXZyTFom7V3JBkrO7t4;Olfson, M., Blanco, C., Wang, S., et al. (2014). National trends in the mental health care of children, adolescents, and adults by office-based physicians. *JAMA Psychiatry, 71*(1), 81-90. https://doi.org/10.1001/jamapsychiatry.2013.307;not_found
thread_VPAeRH0oZGXohdThJHV5E2DL;Cipriani, A., Zhou, X., Del Giovane, C., et al. (2018). Comparative efficacy and tolerability of antidepressants for major depressive disorder in children and adolescents: a network meta-analysis. *The Lancet, 391*(10129), 1357-1366. https://doi.org/10.1016/S0140-6736(18)30278-2;not_found
thread_VPAeRH0oZGXohdThJHV5E2DL;Cuijpers, P., Karyotaki, E., Weitz, E., Andersson, G., Hollon, S. D., & van Straten, A. (2014). The effects of psychotherapies for major depression in adults on remission, recovery and improvement: A meta-analysis. *Journal of Affective Disorders, 159*, 118-126. https://doi.org/10.1016/j.jad.2014.02.026;valid
thread_VPAeRH0oZGXohdThJHV5E2DL;March, J., Silva, S., Petrycki, S., et al. (2004). Fluoxetine, cognitive-behavioral therapy, and their combination for adolescents with depression: Treatment for Adolescents With Depression Study (TADS) randomized controlled trial. *JAMA, 292*(7), 807-820. https://doi.org/10.1001/jama.292.7.807;metadata_error
thread_VPAeRH0oZGXohdThJHV5E2DL;Weisz, J. R., McCarty, C. A., & Valeri, S. M. (2006). Effects of psychotherapy for depression in children and adolescents: A meta-analysis. *Psychological Bulletin, 132*(1), 132-149. https://doi.org/10.1037/0033-2909.132.1.132;valid
thread_VPAeRH0oZGXohdThJHV5E2DL;Olfson, M., Blanco, C., Wang, S., Laje, G., & Correll, C. U. (2014). National trends in the mental health care of children, adolescents, and adults by office-based physicians. *JAMA Psychiatry, 71*(1), 81-90. https://doi.org/10.1001/jamapsychiatry.2013.307;not_found
thread_bf7jEvaIygSFPAt9qYd1tnZB;Cipriani, A., Zhou, X., Del Giovane, C., Hetrick, S. E., Qin, L., Whittington, C., ... & Furukawa, T. A. (2016). Comparative efficacy and tolerability of antidepressants for major depressive disorder in children and adolescents: a network meta-analysis. *The Lancet, 388*(10047), 881-890. https://doi.org/10.1016/S0140-6736(16)30385-3;valid
thread_bf7jEvaIygSFPAt9qYd1tnZB;Weisz, J. R., McCarty, C. A., & Valeri, S. M. (2006). Effects of psychotherapy for depression in children and adolescents: A meta-analysis. *Psychological Bulletin, 132*(1), 132-149. https://doi.org/10.1037/0033-2909.132.1.132;valid
thread_bf7jEvaIygSFPAt9qYd1tnZB;March, J., Silva, S., Petrycki, S., Curry, J., Wells, K., Fairbank, J., ... & Severe, J. (2004). Fluoxetine, cognitive-behavioral therapy, and their combination for adolescents with depression: Treatment for Adolescents with Depression Study (TADS) randomized controlled trial. *JAMA, 292*(7), 807-820. https://doi.org/10.1001/jama.292.7.807;metadata_error
thread_bf7jEvaIygSFPAt9qYd1tnZB;Garber, J., & Weersing, V. R. (2010). Comorbidity of anxiety and depression in youth: Implications for treatment and prevention. *Clinical Psychology: Science and Practice, 17*(4), 293-306. https://doi.org/10.1111/j.1468-2850.2010.01221.x;valid
thread_bf7jEvaIygSFPAt9qYd1tnZB;Olfson, M., Blanco, C., Wang, S., Greenhill, L. L., & Shaffer, D. (2014). Trends in office-based mental health care of children and adolescents in the United States. *Journal of the American Academy of Child & Adolescent Psychiatry, 53*(1), 14-23.e1. https://doi.org/10.1016/j.jaac.2013.09.020;metadata_error
thread_xRUV191KAHvshqFTPdJWwJZ6;Cipriani, A., Zhou, X., Del Giovane, C., et al. (2016). Comparative efficacy and tolerability of antidepressants for major depressive disorder in children and adolescents: A network meta-analysis. *The Lancet*, *388*(10047), 881-890. https://doi.org/10.1016/S0140-6736(16)30385-3;valid
thread_xRUV191KAHvshqFTPdJWwJZ6;Cuijpers, P., Karyotaki, E., Weitz, E., Andersson, G., Hollon, S. D., & van Straten, A. (2014). The effects of psychotherapies for major depression in adults on remission, recovery and improvement: A meta-analysis. *Journal of Affective Disorders*, *159*, 118-126. https://doi.org/10.1016/j.jad.2014.02.028;metadata_error
thread_xRUV191KAHvshqFTPdJWwJZ6;Lu, C. Y., & Zhang, F. (2019). Antidepressant use and risk of suicide: What is the evidence? *Current Opinion in Psychiatry*, *32*(4), 374-379. https://doi.org/10.1097/YCO.0000000000000519;metadata_error
thread_xRUV191KAHvshqFTPdJWwJZ6;Weisz, J. R., McCarty, C. A., & Valeri, S. M. (2006). Effects of psychotherapy for depression in children and adolescents: A meta-analysis. *Psychological Bulletin*, *132*(1), 132-149. https://doi.org/10.1037/0033-2909.132.1.132;valid
thread_xRUV191KAHvshqFTPdJWwJZ6;Olfson, M., Blanco, C., Wang, S., Laje, G., & Correll, C. U. (2014). National trends in the mental health care of children, adolescents, and adults by office-based physicians. *JAMA Psychiatry*, *71*(1), 81-90. https://doi.org/10.1001/jamapsychiatry.2013.307;not_found
thread_EnTuDh1BrluvivUDQdn2VSkT;Cipriani, A., Furukawa, T. A., Salanti, G., Chaimani, A., Atkinson, L. Z., Ogawa, Y., ... & Geddes, J. R. (2018). Comparative efficacy and acceptability of 21 antidepressant drugs for the acute treatment of adults with major depressive disorder: a systematic review and network meta-analysis. *The Lancet*, *391*(10128), 1357-1366. https://doi.org/10.1016/S0140-6736(17)32802-7;valid
thread_EnTuDh1BrluvivUDQdn2VSkT;Cuijpers, P., Karyotaki, E., Weitz, E., Andersson, G., Hollon, S. D., & van Straten, A. (2014). The effects of psychotherapies for major depression in adults on remission, recovery and improvement: A meta-analysis. *Journal of Affective Disorders*, *159*, 118-126. https://doi.org/10.1016/j.jad.2014.02.028;metadata_error
thread_EnTuDh1BrluvivUDQdn2VSkT;Hetrick, S. E., McKenzie, J. E., Cox, G. R., Simmons, M. B., & Merry, S. N. (2012). Newer generation antidepressants for depression in children and adolescents: a network meta-analysis. *Cochrane Database of Systematic Reviews*, (11), CD004851. https://doi.org/10.1002/14651858.CD004851.pub3;valid
thread_EnTuDh1BrluvivUDQdn2VSkT;March, J., Silva, S., Petrycki, S., Curry, J., Wells, K., Fairbank, J., ... & Treatment for Adolescents with Depression Study (TADS) Team. (2004). Fluoxetine, cognitive-behavioral therapy, and their combination for adolescents with depression: Treatment for Adolescents with Depression Study (TADS) randomized controlled trial. *JAMA*, *292*(7), 807-820. https://doi.org/10.1001/jama.292.7.807;metadata_error
thread_EnTuDh1BrluvivUDQdn2VSkT;Weisz, J. R., McCarty, C. A., & Valeri, S. M. (2006). Effects of psychotherapy for depression in children and adolescents: A meta-analysis. *Psychological Bulletin*, *132*(1), 132-149. https://doi.org/10.1037/0033-2909.132.1.132;valid
thread_VD1gYT4sB3EE0rObXkX4tQTm;Cipriani, A., Zhou, X., Del Giovane, C., et al. (2018). Comparative efficacy and tolerability of antidepressants for major depressive disorder in children and adolescents: A network meta-analysis. *The Lancet, 391*(10129), 1357–1366. https://doi.org/10.1016/S0140-6736(17)32941-1;not_found
thread_VD1gYT4sB3EE0rObXkX4tQTm;Cuijpers, P., Karyotaki, E., Weitz, E., Andersson, G., Hollon, S. D., & van Straten, A. (2014). The effects of psychotherapies for major depression in adults on remission, recovery and improvement: A meta-analysis. *Journal of Affective Disorders, 159*, 118–126. https://doi.org/10.1016/j.jad.2014.02.026;valid
thread_VD1gYT4sB3EE0rObXkX4tQTm;Weisz, J. R., McCarty, C. A., & Valeri, S. M. (2006). Effects of psychotherapy for depression in children and adolescents: A meta-analysis. *Psychological Bulletin, 132*(1), 132–149. https://doi.org/10.1037/0033-2909.132.1.132;valid
thread_VD1gYT4sB3EE0rObXkX4tQTm;Olfson, M., Blanco, C., Wang, S., Laje, G., & Correll, C. U. (2014). National trends in the mental health care of children, adolescents, and adults by office-based physicians. *JAMA Psychiatry, 71*(1), 81–90. https://doi.org/10.1001/jamapsychiatry.2013.3074;valid
thread_VD1gYT4sB3EE0rObXkX4tQTm;March, J., Silva, S., Petrycki, S., et al. (2004). Fluoxetine, cognitive-behavioral therapy, and their combination for adolescents with depression: Treatment for Adolescents With Depression Study (TADS) randomized controlled trial. *JAMA, 292*(7), 807–820. https://doi.org/10.1001/jama.292.7.807;metadata_error
thread_UPgMnxqalfjcEsUtZmWNmh2k;Cipriani, A., Zhou, X., Del Giovane, C., Hetrick, S. E., Qin, L., Whittington, C., ... & Geddes, J. R. (2016). Comparative efficacy and tolerability of antidepressants for major depressive disorder in children and adolescents: A network meta-analysis. *The Lancet*, *388*(10047), 881-890. https://doi.org/10.1016/S0140-6736(16)30385-3;valid
thread_UPgMnxqalfjcEsUtZmWNmh2k;March, J., Silva, S., Petrycki, S., Curry, J., Wells, K., Fairbank, J., ... & Severe, J. (2004). Fluoxetine, cognitive-behavioral therapy, and their combination for adolescents with depression: Treatment for Adolescents With Depression Study (TADS) randomized controlled trial. *JAMA*, *292*(7), 807-820. https://doi.org/10.1001/jama.292.7.807;metadata_error
thread_UPgMnxqalfjcEsUtZmWNmh2k;Weisz, J. R., McCarty, C. A., & Valeri, S. M. (2006). Effects of psychotherapy for depression in children and adolescents: A meta-analysis. *Psychological Bulletin*, *132*(1), 132-149. https://doi.org/10.1037/0033-2909.132.1.132;valid
thread_UPgMnxqalfjcEsUtZmWNmh2k;Olfson, M., Blanco, C., Wang, S., Laje, G., & Correll, C. U. (2014). National trends in the mental health care of children, adolescents, and adults by office-based physicians. *JAMA Psychiatry*, *71*(1), 81-90. https://doi.org/10.1001/jamapsychiatry.2013.3074;valid
thread_UPgMnxqalfjcEsUtZmWNmh2k;Cuijpers, P., Karyotaki, E., Weitz, E., Andersson, G., Hollon, S. D., & van Straten, A. (2014). The effects of psychotherapies for major depression in adults on remission, recovery and improvement: A meta-analysis. *Journal of Affective Disorders*, *159*, 118-126. https://doi.org/10.1016/j.jad.2014.02.028;metadata_error
thread_pN9qHrVry53URzfAiLlzSbdO;Cipriani, A., Zhou, X., Del Giovane, C., et al. (2018). Comparative efficacy and tolerability of antidepressants for major depressive disorder in children and adolescents: A network meta-analysis. *The Lancet, 391*(10129), 1357–1366. https://doi.org/10.1016/S0140-6736(17)32931-5;not_found
thread_pN9qHrVry53URzfAiLlzSbdO;Cuijpers, P., Karyotaki, E., Weitz, E., Andersson, G., Hollon, S. D., & van Straten, A. (2014). The effects of psychotherapies for major depression in adults on remission, recovery and improvement: A meta-analysis. *Journal of Affective Disorders, 159*, 118–126. https://doi.org/10.1016/j.jad.2014.02.026;valid
thread_pN9qHrVry53URzfAiLlzSbdO;March, J., Silva, S., Petrycki, S., Curry, J., Wells, K., Fairbank, J., et al. (2004). Fluoxetine, cognitive-behavioral therapy, and their combination for adolescents with depression: Treatment for Adolescents with Depression Study (TADS) randomized controlled trial. *JAMA, 292*(7), 807–820. https://doi.org/10.1001/jama.292.7.807;metadata_error
thread_pN9qHrVry53URzfAiLlzSbdO;Weisz, J. R., McCarty, C. A., & Valeri, S. M. (2006). Effects of psychotherapy for depression in children and adolescents: A meta-analysis. *Psychological Bulletin, 132*(1), 132–149. https://doi.org/10.1037/0033-2909.132.1.132;valid
thread_pN9qHrVry53URzfAiLlzSbdO;Olfson, M., Blanco, C., Wang, S., Laje, G., & Correll, C. U. (2014). National trends in the mental health care of children, adolescents, and adults by office-based physicians. *JAMA Psychiatry, 71*(1), 81–90. https://doi.org/10.1001/jamapsychiatry.2013.307;not_found
thread_fNsqTbVu7ByYndWZG0b5tEaj;Cipriani, A., Zhou, X., Del Giovane, C., et al. (2018). Comparative efficacy and tolerability of antidepressants for major depressive disorder in children and adolescents: A network meta-analysis. *The Lancet Psychiatry, 5*(7), 581-591. https://doi.org/10.1016/S2215-0366(18)30203-3;not_found
thread_fNsqTbVu7ByYndWZG0b5tEaj;Cuijpers, P., Karyotaki, E., Weitz, E., et al. (2014). The effects of psychotherapies for major depression in adults on remission, recovery and improvement: A meta-analysis. *Journal of Affective Disorders, 159*, 118-126. https://doi.org/10.1016/j.jad.2014.02.026;valid
thread_fNsqTbVu7ByYndWZG0b5tEaj;Olfson, M., Blanco, C., Wang, S., et al. (2014). Trends in office-based mental health care provided by psychiatrists and primary care physicians. *The Journal of Clinical Psychiatry, 75*(3), 247-253. https://doi.org/10.4088/JCP.13m08834;valid
thread_fNsqTbVu7ByYndWZG0b5tEaj;March, J., Silva, S., Petrycki, S., et al. (2004). Fluoxetine, cognitive-behavioral therapy, and their combination for adolescents with depression: Treatment for Adolescents With Depression Study (TADS) randomized controlled trial. *JAMA, 292*(7), 807-820. https://doi.org/10.1001/jama.292.7.807;metadata_error
thread_fNsqTbVu7ByYndWZG0b5tEaj;Weisz, J. R., McCarty, C. A., & Valeri, S. M. (2006). Effects of psychotherapy for depression in children and adolescents: A meta-analysis. *Psychological Bulletin, 132*(1), 132-149. https://doi.org/10.1037/0033-2909.132.1.132;valid
thread_IZaKhVXe3cWjbs5C5o3vntGp;Cipriani, A., Zhou, X., Del Giovane, C., et al. (2018). Comparative efficacy and tolerability of antidepressants for major depressive disorder in children and adolescents: A network meta-analysis. *The Lancet Psychiatry, 5*(7), 477-486. https://doi.org/10.1016/S2215-0366(18)30096-5;not_found
thread_IZaKhVXe3cWjbs5C5o3vntGp;Weisz, J. R., McCarty, C. A., & Valeri, S. M. (2006). Effects of psychotherapy for depression in children and adolescents: A meta-analysis. *Psychological Bulletin, 132*(1), 132-149. https://doi.org/10.1037/0033-2909.132.1.132;valid
thread_IZaKhVXe3cWjbs5C5o3vntGp;Olfson, M., Blanco, C., Wang, S., et al. (2014). National trends in the mental health care of children, adolescents, and adults by office-based physicians. *JAMA Psychiatry, 71*(1), 81-90. https://doi.org/10.1001/jamapsychiatry.2013.3074;valid
thread_IZaKhVXe3cWjbs5C5o3vntGp;March, J., Silva, S., Petrycki, S., et al. (2004). Fluoxetine, cognitive-behavioral therapy, and their combination for adolescents with depression: Treatment for Adolescents with Depression Study (TADS) randomized controlled trial. *JAMA, 292*(7), 807-820. https://doi.org/10.1001/jama.292.7.807;metadata_error
thread_IZaKhVXe3cWjbs5C5o3vntGp;Kirsch, I., Deacon, B. J., Huedo-Medina, T. B., et al. (2008). Initial severity and antidepressant benefits: A meta-analysis of data submitted to the Food and Drug Administration. *PLoS Medicine, 5*(2), e45. https://doi.org/10.1371/journal.pmed.0050045;valid
thread_4rO6D60p2Ew6IOojapabBGlR;Cipriani, A., Zhou, X., Del Giovane, C., Hetrick, S. E., Qin, L., Whittington, C., ... & Geddes, J. R. (2016). Comparative efficacy and tolerability of antidepressants for major depressive disorder in children and adolescents: A network meta-analysis. *The Lancet*, *388*(10047), 881-890. https://doi.org/10.1016/S0140-6736(16)30385-3;valid
thread_4rO6D60p2Ew6IOojapabBGlR;March, J., Silva, S., Petrycki, S., Curry, J., Wells, K., Fairbank, J., ... & Severe, J. (2004). Fluoxetine, cognitive-behavioral therapy, and their combination for adolescents with depression: Treatment for Adolescents With Depression Study (TADS) randomized controlled trial. *JAMA*, *292*(7), 807-820. https://doi.org/10.1001/jama.292.7.807;metadata_error
thread_4rO6D60p2Ew6IOojapabBGlR;Weisz, J. R., McCarty, C. A., & Valeri, S. M. (2006). Effects of psychotherapy for depression in children and adolescents: A meta-analysis. *Psychological Bulletin*, *132*(1), 132-149. https://doi.org/10.1037/0033-2909.132.1.132;valid
thread_4rO6D60p2Ew6IOojapabBGlR;Hetrick, S. E., Cox, G. R., Witt, K. G., Bir, J. J., & Merry, S. N. (2016). Cognitive behavioral therapy (CBT), behavioral therapy (BT), and interpersonal psychotherapy (IPT) for depression in adolescents and children. *Cochrane Database of Systematic Reviews*, (8), CD007770. https://doi.org/10.1002/14651858.CD007770.pub3;not_found
thread_4rO6D60p2Ew6IOojapabBGlR;Olfson, M., Blanco, C., Wang, S., Laje, G., & Correll, C. U. (2014). National trends in the mental health care of children, adolescents, and adults by office-based physicians. *JAMA Psychiatry*, *71*(1), 81-90. https://doi.org/10.1001/jamapsychiatry.2013.307;not_found
thread_5M0VTWznWp3O5T7qMNKqWBt4;Cipriani, A., Barbui, C., Brambilla, P., Furukawa, T. A., & Hotopf, M. (2006). Are antidepressants effective in the acute treatment of child and adolescent depression? A meta-analysis. Journal of Child Psychology and Psychiatry, 47(5), 501-510. https://doi.org/10.1111/j.1469-7610.2005.01553.x;metadata_error
thread_5M0VTWznWp3O5T7qMNKqWBt4;Cuijpers, P., Karyotaki, E., Weitz, E., Andersson, G., Hollon, S. D., & van Straten, A. (2014). The effects of psychotherapies for major depression in adults on remission, recovery, and improvement: A meta-analysis. Journal of Affective Disorders, 159, 118-126. https://doi.org/10.1016/j.jad.2014.02.028;metadata_error
thread_5M0VTWznWp3O5T7qMNKqWBt4;March, J. S., Silva, S., Petrycki, S., Curry, J., Wells, K., Fairbank, J., ... & Severe, J. (2004). Fluoxetine, cognitive-behavioral therapy, and their combination for adolescents with depression: Treatment for Adolescents with Depression Study (TADS) randomized controlled trial. JAMA, 292(7), 807-820. https://doi.org/10.1001/jama.292.7.807;metadata_error
thread_5M0VTWznWp3O5T7qMNKqWBt4;Weisz, J. R., McCarty, C. A., & Valeri, S. M. (2006). Effects of psychotherapy for depression in children and adolescents: A meta-analysis. Psychological Bulletin, 132(1), 132-149. https://doi.org/10.1037/0033-2909.132.1.132;valid
thread_5M0VTWznWp3O5T7qMNKqWBt4;Olfson, M., Blanco, C., Wang, S., Laje, G., & Correll, C. U. (2014). National trends in the mental health care of children, adolescents, and adults by office-based physicians. JAMA Psychiatry, 71(1), 81-90. https://doi.org/10.1001/jamapsychiatry.2013.307;not_found
thread_HjrWDR0xMAdjkGCDXDSTlneS;Cipriani, A., Zhou, X., Del Giovane, C., et al. (2016). Comparative efficacy and tolerability of antidepressants for major depressive disorder in adults: A network meta-analysis. The Lancet, 388(10047), 881-890. https://doi.org/10.1016/S0140-6736(16)30385-7;not_found
thread_HjrWDR0xMAdjkGCDXDSTlneS;Cuijpers, P., Karyotaki, E., Weitz, E., Andersson, G., & Hollon, S. D. (2014). The effects of psychotherapies for major depression in adults on remission, recovery, and improvement: A meta-analysis. Journal of Affective Disorders, 159, 118-126. https://doi.org/10.1016/j.jad.2014.02.028;metadata_error
thread_HjrWDR0xMAdjkGCDXDSTlneS;Weisz, J. R., McCarty, C. A., & Valeri, S. M. (2006). Effects of psychotherapy for depression in children and adolescents: A meta-analysis. Psychological Bulletin, 132(1), 132-149. https://doi.org/10.1037/0033-2909.132.1.132;valid
thread_HjrWDR0xMAdjkGCDXDSTlneS;Fournier, J. C., DeRubeis, R. J., Hollon, S. D., et al. (2010). Antidepressant drug effects and depression severity: A patient-level meta-analysis. JAMA, 303(1), 47-53. https://doi.org/10.1001/jama.2009.1943;valid
thread_HjrWDR0xMAdjkGCDXDSTlneS;Olfson, M., Blanco, C., Wang, S., Laje, G., & Correll, C. U. (2014). National trends in the mental health care of children, adolescents, and adults by office-based physicians. JAMA Psychiatry, 71(1), 81-90. https://doi.org/10.1001/jamapsychiatry.2013.307;not_found
thread_TCmj6vd1aAdQPXwGFKQTd9Id;Cipriani, A., Zhou, X., Del Giovane, C., Hetrick, S. E., Qin, L., Whittington, C., ... & Geddes, J. R. (2016). Comparative efficacy and tolerability of antidepressants for major depressive disorder in children and adolescents: A network meta-analysis. *The Lancet*, *388*(10047), 881-890. https://doi.org/10.1016/S0140-6736(16)30385-3;valid
thread_TCmj6vd1aAdQPXwGFKQTd9Id;Cuijpers, P., Karyotaki, E., Weitz, E., Andersson, G., Hollon, S. D., & van Straten, A. (2014). The effects of psychotherapies for major depression in adults on remission, recovery, and improvement: A meta-analysis. *Journal of Affective Disorders*, *159*, 118-126. https://doi.org/10.1016/j.jad.2014.02.026;valid
thread_TCmj6vd1aAdQPXwGFKQTd9Id;Lu, C. Y., Zhang, F., Lakoma, M. D., Madden, J. M., Rusinak, D., Penfold, R. B., & Soumerai, S. B. (2014). Changes in antidepressant use by young people and suicidal behavior after FDA warnings and media coverage: Quasi-experimental study. *BMJ*, *348*, g3596. https://doi.org/10.1136/bmj.g3596;valid
thread_TCmj6vd1aAdQPXwGFKQTd9Id;Weisz, J. R., Kuppens, S., Ng, M. Y., Eckshtain, D., Ugueto, A. M., Vaughn-Coaxum, R., ... & Fordwood, S. R. (2017). What five decades of research tells us about psychotherapy effectiveness for youth depression: A multilevel meta-analysis. *Psychological Bulletin*, *143*(9), 929-971. https://doi.org/10.1037/bul0000113;metadata_error
thread_TCmj6vd1aAdQPXwGFKQTd9Id;Fournier, J. C., DeRubeis, R. J., Hollon, S. D., Dimidjian, S., Amsterdam, J. D., Shelton, R. C., & Fawcett, J. (2010). Antidepressant drug effects and depression severity: A patient-level meta-analysis. *JAMA*, *303*(1), 47-53. https://doi.org/10.1001/jama.2009.1943;valid
thread_YUrwjnQSWnNPFXCJ30IY67Lg;Cipriani, A., Zhou, X., Del Giovane, C., Hetrick, S. E., Qin, L., Whittington, C., ... & Furukawa, T. A. (2016). Comparative efficacy and tolerability of antidepressants for major depressive disorder in children and adolescents: a network meta-analysis. *The Lancet*, *388*(10047), 881-890. https://doi.org/10.1016/S0140-6736(16)30385-3;valid
thread_YUrwjnQSWnNPFXCJ30IY67Lg;Weisz, J. R., McCarty, C. A., & Valeri, S. M. (2006). Effects of psychotherapy for depression in children and adolescents: A meta-analysis. *Psychological Bulletin*, *132*(1), 132-149. https://doi.org/10.1037/0033-2909.132.1.132;valid
thread_YUrwjnQSWnNPFXCJ30IY67Lg;Olfson, M., Blanco, C., Wang, S., Laje, G., & Correll, C. U. (2014). National trends in the mental health care of children, adolescents, and adults by office-based physicians. *JAMA Psychiatry*, *71*(1), 81-90. https://doi.org/10.1001/jamapsychiatry.2013.3074;valid
thread_YUrwjnQSWnNPFXCJ30IY67Lg;March, J., Silva, S., Petrycki, S., Curry, J., Wells, K., Fairbank, J., ... & Severe, J. (2004). Fluoxetine, cognitive-behavioral therapy, and their combination for adolescents with depression: Treatment for Adolescents With Depression Study (TADS) randomized controlled trial. *JAMA*, *292*(7), 807-820. https://doi.org/10.1001/jama.292.7.807;metadata_error
thread_YUrwjnQSWnNPFXCJ30IY67Lg;Gibbons, R. D., Hur, K., Bhaumik, D. K., & Mann, J. J. (2005). The relationship between antidepressant prescription rates and rate of early adolescent suicide. *The American Journal of Psychiatry*, *162*(9), 1898-1904. https://doi.org/10.1176/appi.ajp.162.9.1898;not_found
thread_iHgg4SnWtlrOR9M0dwvmfFx9;Cipriani, A., Zhou, X., Del Giovane, C., et al. (2018). Comparative efficacy and tolerability of antidepressants for major depressive disorder in children and adolescents: A network meta-analysis. *The Lancet Psychiatry, 5*(7), 553–562. https://doi.org/10.1016/S2215-0366(18)30275-2;not_found
thread_iHgg4SnWtlrOR9M0dwvmfFx9;Cuijpers, P., Karyotaki, E., Weitz, E., et al. (2014). The effects of psychotherapy for adult depression are overestimated: A meta-analysis of study quality and effect size. *Psychological Medicine, 44*(13), 2675–2686. https://doi.org/10.1017/S0033291714000453;not_found
thread_iHgg4SnWtlrOR9M0dwvmfFx9;March, J., Silva, S., Petrycki, S., et al. (2004). Fluoxetine, cognitive-behavioral therapy, and their combination for adolescents with depression: Treatment for Adolescents with Depression Study (TADS) randomized controlled trial. *JAMA, 292*(7), 807–820. https://doi.org/10.1001/jama.292.7.807;metadata_error
thread_iHgg4SnWtlrOR9M0dwvmfFx9;Weisz, J. R., McCarty, C. A., & Valeri, S. M. (2006). Effects of psychotherapy for depression in children and adolescents: A meta-analysis. *Psychological Bulletin, 132*(1), 132–149. https://doi.org/10.1037/0033-2909.132.1.132;valid
thread_iHgg4SnWtlrOR9M0dwvmfFx9;Olfson, M., Blanco, C., Wang, S., et al. (2014). National trends in the mental health care of children, adolescents, and adults by office-based physicians. *JAMA Psychiatry, 71*(1), 81–90. https://doi.org/10.1001/jamapsychiatry.2013.307;not_found
thread_YfgoESGMhnV9mo1iUbLnLhHn;Cipriani, A., Zhou, X., Del Giovane, C., Hetrick, S. E., Qin, L., Whittington, C., ... & Geddes, J. R. (2016). Comparative efficacy and tolerability of antidepressants for major depressive disorder in children and adolescents: A network meta-analysis. *The Lancet*, *388*(10047), 881-890. https://doi.org/10.1016/S0140-6736(16)30385-3;valid
thread_YfgoESGMhnV9mo1iUbLnLhHn;Weisz, J. R., McCarty, C. A., & Valeri, S. M. (2006). Effects of psychotherapy for depression in children and adolescents: A meta-analysis. *Psychological Bulletin*, *132*(1), 132–149. https://doi.org/10.1037/0033-2909.132.1.132;valid
thread_YfgoESGMhnV9mo1iUbLnLhHn;Fournier, J. C., DeRubeis, R. J., Hollon, S. D., Dimidjian, S., Amsterdam, J. D., Shelton, R. C., & Fawcett, J. (2010). Antidepressant drug effects and depression severity: A patient-level meta-analysis. *JAMA*, *303*(1), 47-53. https://doi.org/10.1001/jama.2009.1943;valid
thread_YfgoESGMhnV9mo1iUbLnLhHn;Lu, C. Y., & Roughead, E. E. (2012). New antidepressants in children and adolescents: Evidence from randomized controlled trials. *Frontiers in Psychiatry*, *3*, 22. https://doi.org/10.3389/fpsyt.2012.00022;metadata_error
thread_YfgoESGMhnV9mo1iUbLnLhHn;Cuijpers, P., Karyotaki, E., Weitz, E., Andersson, G., Hollon, S. D., & van Straten, A. (2014). The effects of psychotherapies for major depression in adults on remission, recovery and improvement: A meta-analysis. *Journal of Affective Disorders*, *159*, 118-126. https://doi.org/10.1016/j.jad.2014.02.028;metadata_error
thread_VYipzwLvuS18tIzCxeNCNwWe;Cipriani, A., Zhou, X., Del Giovane, C., Hetrick, S. E., Qin, B., Whittington, C., ... & Geddes, J. R. (2016). Comparative efficacy and tolerability of antidepressants for major depressive disorder in children and adolescents: A network meta-analysis. *The Lancet, 388*(10047), 881-890. https://doi.org/10.1016/S0140-6736(16)30385-3;valid
thread_VYipzwLvuS18tIzCxeNCNwWe;March, J., Silva, S., Petrycki, S., Curry, J., Wells, K., Fairbank, J., ... & Severe, J. (2004). Fluoxetine, cognitive-behavioral therapy, and their combination for adolescents with depression: Treatment for Adolescents With Depression Study (TADS) randomized controlled trial. *JAMA, 292*(7), 807-820. https://doi.org/10.1001/jama.292.7.807;metadata_error
thread_VYipzwLvuS18tIzCxeNCNwWe;Weisz, J. R., McCarty, C. A., & Valeri, S. M. (2006). Effects of psychotherapy for depression in children and adolescents: A meta-analysis. *Psychological Bulletin, 132*(1), 132–149. https://doi.org/10.1037/0033-2909.132.1.132;valid
thread_VYipzwLvuS18tIzCxeNCNwWe;Hetrick, S. E., Cox, G. R., Witt, K. G., Bir, J. J., & Merry, S. N. (2016). Cognitive behavioral therapy (CBT), third‐wave CBT and interpersonal therapy (IPT) based interventions for preventing depression in children and adolescents. *Cochrane Database of Systematic Reviews, 2016*(8), CD003380. https://doi.org/10.1002/14651858.CD003380.pub4;valid
thread_VYipzwLvuS18tIzCxeNCNwWe;Olfson, M., Blanco, C., Wang, S., Laje, G., & Correll, C. U. (2014). National trends in the mental health care of children, adolescents, and adults by office-based physicians. *JAMA Psychiatry, 71*(1), 81-90. https://doi.org/10.1001/jamapsychiatry.2013.307;not_found
thread_hQY5AnFX8oiuCh7LlXPAcdsL;Cuijpers, P., Karyotaki, E., Weitz, E., Andersson, G., Hollon, S. D., & van Straten, A. (2014). The effects of psychotherapies for major depression in adults on remission, recovery and improvement: A meta-analysis. Journal of Affective Disorders, 159, 118–126. https://doi.org/10.1016/j.jad.2014.02.028;metadata_error
thread_hQY5AnFX8oiuCh7LlXPAcdsL;Olfson, M., Blanco, C., Wang, S., Laje, G., & Correll, C. U. (2014). National trends in the mental health care of children, adolescents, and adults by office-based physicians. JAMA Psychiatry, 71(1), 81–90. https://doi.org/10.1001/jamapsychiatry.2013.3074;valid
thread_hQY5AnFX8oiuCh7LlXPAcdsL;Cipriani, A., Zhou, X., Del Giovane, C., et al. (2016). Comparative efficacy and tolerability of antidepressants for major depressive disorder in children and adolescents: A network meta-analysis. The Lancet, 388(10047), 881–890. https://doi.org/10.1016/S0140-6736(16)30385-3;valid
thread_hQY5AnFX8oiuCh7LlXPAcdsL;Weisz, J. R., McCarty, C. A., & Valeri, S. M. (2006). Effects of psychotherapy for depression in children and adolescents: A meta-analysis. Psychological Bulletin, 132(1), 132–149. https://doi.org/10.1037/0033-2909.132.1.132;valid
thread_hQY5AnFX8oiuCh7LlXPAcdsL;March, J. S., Silva, S., Petrycki, S., et al. (2004). Fluoxetine, cognitive-behavioral therapy, and their combination for adolescents with depression: Treatment for Adolescents With Depression Study (TADS) randomized controlled trial. JAMA, 292(7), 807–820. https://doi.org/10.1001/jama.292.7.807;metadata_error
thread_NkjBii08HDoaA6suQlErUvNU;Cuijpers, P., Karyotaki, E., Weitz, E., Andersson, G., Hollon, S. D., & van Straten, A. (2014). The effects of psychotherapies for major depression in adults on remission, recovery and improvement: A meta-analysis. Journal of Affective Disorders, 159, 118-126. https://doi.org/10.1016/j.jad.2014.02.026;valid
thread_NkjBii08HDoaA6suQlErUvNU;Cipriani, A., Zhou, X., Del Giovane, C., Hetrick, S. E., Qin, B., Whittington, C., ... & Furukawa, T. A. (2016). Comparative efficacy and tolerability of antidepressants for major depressive disorder in children and adolescents: A network meta-analysis. The Lancet, 388(10047), 881-890. https://doi.org/10.1016/S0140-6736(16)30385-3;valid
thread_NkjBii08HDoaA6suQlErUvNU;Weisz, J. R., McCarty, C. A., & Valeri, S. M. (2006). Effects of psychotherapy for depression in children and adolescents: A meta-analysis. Psychological Bulletin, 132(1), 132-149. https://doi.org/10.1037/0033-2909.132.1.132;valid
thread_NkjBii08HDoaA6suQlErUvNU;Olfson, M., Blanco, C., Wang, S., Laje, G., & Correll, C. U. (2014). National trends in the mental health care of children, adolescents, and adults by office-based physicians. JAMA Psychiatry, 71(1), 81-90. https://doi.org/10.1001/jamapsychiatry.2013.3074;valid
thread_NkjBii08HDoaA6suQlErUvNU;March, J., Silva, S., Petrycki, S., Curry, J., Wells, K., Fairbank, J., ... & Severe, J. (2004). Fluoxetine, cognitive-behavioral therapy, and their combination for adolescents with depression: Treatment for Adolescents With Depression Study (TADS) randomized controlled trial. JAMA, 292(7), 807-820. https://doi.org/10.1001/jama.292.7.807;metadata_error
thread_oLXNAW8GAZj7j7JsJxSHdshb;Cipriani, A., Zhou, X., Del Giovane, C., Hetrick, S. E., Qin, L., Whittington, C., ... & Furukawa, T. A. (2016). Comparative efficacy and tolerability of antidepressants for major depressive disorder in children and adolescents: a network meta-analysis. *The Lancet*, *388*(10047), 881-890. https://doi.org/10.1016/S0140-6736(16)30385-3;valid
thread_oLXNAW8GAZj7j7JsJxSHdshb;Weisz, J. R., McCarty, C. A., & Valeri, S. M. (2006). Effects of psychotherapy for depression in children and adolescents: A meta-analysis. *Psychological Bulletin*, *132*(1), 132–149. https://doi.org/10.1037/0033-2909.132.1.132;valid
thread_oLXNAW8GAZj7j7JsJxSHdshb;Olfson, M., Blanco, C., Wang, S., Laje, G., & Correll, C. U. (2014). National trends in the mental health care of children, adolescents, and adults by office-based physicians. *JAMA Psychiatry*, *71*(1), 81-90. https://doi.org/10.1001/jamapsychiatry.2013.3074;valid
thread_oLXNAW8GAZj7j7JsJxSHdshb;March, J., Silva, S., Petrycki, S., Curry, J., Wells, K., Fairbank, J., ... & Severe, J. (2004). Fluoxetine, cognitive-behavioral therapy, and their combination for adolescents with depression: Treatment for Adolescents With Depression Study (TADS) randomized controlled trial. *JAMA*, *292*(7), 807–820. https://doi.org/10.1001/jama.292.7.807;metadata_error
thread_oLXNAW8GAZj7j7JsJxSHdshb;Gibbons, R. D., Hur, K., Bhaumik, D. K., & Mann, J. J. (2005). The relationship between antidepressant prescription rates and rate of early adolescent suicide. *American Journal of Psychiatry*, *162*(9), 1898–1904. https://doi.org/10.1176/appi.ajp.162.9.1898;not_found
thread_IeydVB6HJMzvK0BxF8HGfWtu;Cuijpers, P., Andersson, G., Donker, T., & van Straten, A. (2011). Psychological treatment of depression: Results of a series of meta-analyses. Nordic Journal of Psychiatry, 65(6), 354-364. https://doi.org/10.3109/08039488.2011.596570;valid
thread_IeydVB6HJMzvK0BxF8HGfWtu;Cipriani, A., Zhou, X., Del Giovane, C., et al. (2018). Comparative efficacy and acceptability of psychotherapies for depression in children and adolescents: A systematic review and network meta-analysis. The Lancet Psychiatry, 5(7), 597-604. https://doi.org/10.1016/S2215-0366(18)30185-5;not_found
thread_IeydVB6HJMzvK0BxF8HGfWtu;Olfson, M., Blanco, C., Wang, S., Laje, G., & Correll, C. U. (2014). National trends in the mental health care of children, adolescents, and adults by office-based physicians. JAMA Psychiatry, 71(1), 81-90. https://doi.org/10.1001/jamapsychiatry.2013.3074;valid
thread_IeydVB6HJMzvK0BxF8HGfWtu;Weisz, J. R., McCarty, C. A., & Valeri, S. M. (2006). Effects of psychotherapy for depression in children and adolescents: A meta-analysis. Psychological Bulletin, 132(1), 132-149. https://doi.org/10.1037/0033-2909.132.1.132;valid
thread_IeydVB6HJMzvK0BxF8HGfWtu;Davey, C. G., Chanen, A. M., & Hetrick, S. E. (2020). The increased use of antidepressant medication in young people: A call for improved understanding of associated risks. Australian & New Zealand Journal of Psychiatry, 54(1), 99-101. https://doi.org/10.1177/0004867419881161;not_found
thread_EIHQRG7EykOFVXpWwhRimuAs;Cipriani, A., Zhou, X., Del Giovane, C., et al. (2018). Comparative efficacy and tolerability of antidepressants for major depressive disorder in children and adolescents: A network meta-analysis. *The Lancet Psychiatry, 5*(7), 597-604. https://doi.org/10.1016/S2215-0366(18)30203-1;not_found
thread_EIHQRG7EykOFVXpWwhRimuAs;Weisz, J. R., McCarty, C. A., & Valeri, S. M. (2006). Effects of psychotherapy for depression in children and adolescents: A meta-analysis. *Psychological Bulletin, 132*(1), 132-149. https://doi.org/10.1037/0033-2909.132.1.132;valid
thread_EIHQRG7EykOFVXpWwhRimuAs;March, J., Silva, S., Petrycki, S., et al. (2004). Fluoxetine, cognitive-behavioral therapy, and their combination for adolescents with depression: Treatment for Adolescents With Depression Study (TADS) randomized controlled trial. *JAMA, 292*(7), 807-820. https://doi.org/10.1001/jama.292.7.807;metadata_error
thread_EIHQRG7EykOFVXpWwhRimuAs;Olfson, M., Blanco, C., Wang, S., et al. (2014). National trends in the mental health care of children, adolescents, and adults by office-based physicians. *JAMA Psychiatry, 71*(1), 81-90. https://doi.org/10.1001/jamapsychiatry.2013.307;not_found
thread_EIHQRG7EykOFVXpWwhRimuAs;Cuijpers, P., Karyotaki, E., Weitz, E., et al. (2014). The effects of psychotherapies for major depression in adults on remission, recovery and improvement: A meta-analysis. *Journal of Affective Disorders, 159,* 118-126. https://doi.org/10.1016/j.jad.2014.02.026;valid
thread_R6r1ddrrXHZ9Fm2NvRA85fvA;Cipriani, A., Zhou, X., Del Giovane, C., et al. (2016). Comparative efficacy and tolerability of antidepressants for major depressive disorder in children and adolescents: A network meta-analysis. *The Lancet*, *388*(10047), 881-890. https://doi.org/10.1016/S0140-6736(16)30385-3;valid
thread_R6r1ddrrXHZ9Fm2NvRA85fvA;Weisz, J. R., McCarty, C. A., & Valeri, S. M. (2006). Effects of psychotherapy for depression in children and adolescents: A meta-analysis. *Psychological Bulletin*, *132*(1), 132-149. https://doi.org/10.1037/0033-2909.132.1.132;valid
thread_R6r1ddrrXHZ9Fm2NvRA85fvA;March, J., Silva, S., Petrycki, S., et al. (2004). Fluoxetine, cognitive-behavioral therapy, and their combination for adolescents with depression: Treatment for Adolescents with Depression Study (TADS) randomized controlled trial. *JAMA*, *292*(7), 807-820. https://doi.org/10.1001/jama.292.7.807;metadata_error
thread_R6r1ddrrXHZ9Fm2NvRA85fvA;Olfson, M., Blanco, C., Wang, S., et al. (2014). National trends in the mental health care of children, adolescents, and adults by office-based physicians. *JAMA Psychiatry*, *71*(1), 81-90. https://doi.org/10.1001/jamapsychiatry.2013.3074;valid
thread_R6r1ddrrXHZ9Fm2NvRA85fvA;Hetrick, S. E., McKenzie, J. E., Cox, G. R., et al. (2012). Newer generation antidepressants for depressive disorders in children and adolescents. *Cochrane Database of Systematic Reviews*, *11*, CD004851. https://doi.org/10.1002/14651858.CD004851.pub3;valid
thread_x63g6PpQPlCx9FqX1eRISaic;Cipriani, A., Barbui, C., & Geddes, J. R. (2011). Comparing antidepressants in a network meta-analysis. Epidemiology and Psychiatric Sciences, 20(2), 123–125. https://doi.org/10.1017/S2045796011000417;not_found
thread_x63g6PpQPlCx9FqX1eRISaic;Cuijpers, P., Andersson, G., Donker, T., & van Straten, A. (2011). Psychological treatment of depression: Results of a series of meta-analyses. Nordic Journal of Psychiatry, 65(6), 354–364. https://doi.org/10.3109/08039488.2011.596570;valid
thread_x63g6PpQPlCx9FqX1eRISaic;Kirsch, I., & Sapirstein, G. (1998). Listening to Prozac but hearing placebo: A meta-analysis of antidepressant medication. Prevention & Treatment, 1(2), Article 00002a. https://doi.org/10.1037/1522-3736.1.2.12a;not_found
thread_x63g6PpQPlCx9FqX1eRISaic;Hollon, S. D., Thase, M. E., & Markowitz, J. C. (2002). Treatment and prevention of depression. Psychological Science in the Public Interest, 3(2), 39–77. https://doi.org/10.1111/1529-1006.00008;valid
thread_x63g6PpQPlCx9FqX1eRISaic;March, J., Silva, S., Petrycki, S., Curry, J., Wells, K., Fairbank, J., … & Severe, J. (2004). Fluoxetine, cognitive-behavioral therapy, and their combination for adolescents with depression: Treatment for Adolescents with Depression Study (TADS) randomized controlled trial. JAMA, 292(7), 807–820. https://doi.org/10.1001/jama.292.7.807;metadata_error
thread_gndG82W4ApdRU58dV245rLKF;Cipriani, A., Furukawa, T. A., Salanti, G., Chaimani, A., Atkinson, L. Z., Ogawa, Y., ... & Geddes, J. R. (2018). Comparative efficacy and acceptability of 21 antidepressant drugs for the acute treatment of adults with major depressive disorder: a systematic review and network meta-analysis. *The Lancet, 391*(10128), 1357-1366. https://doi.org/10.1016/S0140-6736(17)32802-7;valid
thread_gndG82W4ApdRU58dV245rLKF;Cuijpers, P., Karyotaki, E., Weitz, E., Andersson, G., Hollon, S. D., & van Straten, A. (2014). The effects of psychotherapies for major depression in adults on remission, recovery and improvement: A meta-analysis. *Journal of Affective Disorders, 159*, 118-126. https://doi.org/10.1016/j.jad.2014.02.026;valid
thread_gndG82W4ApdRU58dV245rLKF;March, J. S., Silva, S., Petrycki, S., Curry, J., Wells, K., Fairbank, J., ... & Severe, J. (2004). Fluoxetine, cognitive-behavioral therapy, and their combination for adolescents with depression: Treatment for Adolescents With Depression Study (TADS) randomized controlled trial. *JAMA, 292*(7), 807-820. https://doi.org/10.1001/jama.292.7.807;metadata_error
thread_gndG82W4ApdRU58dV245rLKF;Weisz, J. R., McCarty, C. A., & Valeri, S. M. (2006). Effects of psychotherapy for depression in children and adolescents: A meta-analysis. *Psychological Bulletin, 132*(1), 132-149. https://doi.org/10.1037/0033-2909.132.1.132;valid
thread_gndG82W4ApdRU58dV245rLKF;Olfson, M., Blanco, C., Wang, S., Laje, G., & Correll, C. U. (2014). National trends in the mental health care of children, adolescents, and adults by office-based physicians. *JAMA Psychiatry, 71*(1), 81-90. https://doi.org/10.1001/jamapsychiatry.2013.307;not_found
thread_k0RhodhrHeXIKewXXXbnH9UU;Olfson, M., Blanco, C., Wang, S., Laje, G., & Correll, C. U. (2014). National trends in the mental health care of children, adolescents, and adults by office-based physicians. JAMA Psychiatry, 71(1), 81-90. https://doi.org/10.1001/jamapsychiatry.2013.3074;valid
thread_k0RhodhrHeXIKewXXXbnH9UU;Crystal, S., Olfson, M., Huang, C., Pincus, H., & Gerhard, T. (2009). Broadened use of atypical antipsychotics: Safety, effectiveness, and policy challenges. Health Affairs, 28(5), w770-w781. https://doi.org/10.1377/hlthaff.28.5.w770;valid
thread_k0RhodhrHeXIKewXXXbnH9UU;Comer, J. S., Olfson, M., & Mojtabai, R. (2010). National trends in child and adolescent psychotropic polypharmacy in office-based practice, 1996–2007. Journal of the American Academy of Child & Adolescent Psychiatry, 49(10), 1001-1010. https://doi.org/10.1016/j.jaac.2010.07.007;valid
thread_k0RhodhrHeXIKewXXXbnH9UU;Alexander, G. C., Gallagher, S. A., Mascola, A., Moloney, R. M., & Stafford, R. S. (2011). Increasing off-label use of antipsychotic medications in children and adolescents: A call for improved monitoring. Health Affairs, 30(5), 789-796. https://doi.org/10.1377/hlthaff.2010.1028;not_found
thread_k0RhodhrHeXIKewXXXbnH9UU;McKinney, C., Renk, K., & Smith, T. (2011). A review of the use of antipsychotic medications in children and adolescents. Clinical Psychology Review, 31(7), 1027-1041. https://doi.org/10.1016/j.cpr.2011.05.001;metadata_error
thread_v4vCXlh8bY63oKKyMOgELKXn;Comer, J. S., & Olfson, M. (2010). Trends in child and adolescent psychotropic medication use. *Psychiatric Services, 61*(9), 829–836. https://doi.org/10.1176/ps.2010.61.9.829;not_found
thread_v4vCXlh8bY63oKKyMOgELKXn;Zito, J. M., Safer, D. J., Berg, L. T., et al. (2008). A three-country comparison of psychotropic medication prevalence in youth. *Child and Adolescent Psychiatry and Mental Health, 2*(1), 26. https://doi.org/10.1186/1753-2000-2-26;valid
thread_v4vCXlh8bY63oKKyMOgELKXn;Olfson, M., Blanco, C., Wang, S., et al. (2014). National trends in the mental health care of children, adolescents, and adults by office-based physicians. *JAMA Psychiatry, 71*(1), 81–90. https://doi.org/10.1001/jamapsychiatry.2013.3074;valid
thread_v4vCXlh8bY63oKKyMOgELKXn;Crystal, S., Olfson, M., Huang, C., et al. (2009). Broadened use of atypical antipsychotics: Safety, effectiveness, and policy challenges. *Health Affairs, 28*(5), w770–w781. https://doi.org/10.1377/hlthaff.28.5.w770;valid
thread_v4vCXlh8bY63oKKyMOgELKXn;Alexander, G. C., & Gallagher, S. A. (2010). Trends in antipsychotic use among children and adolescents. *Pharmacoepidemiology and Drug Safety, 19*(3), 234–240. https://doi.org/10.1002/pds.1926;metadata_error
thread_TpTCPvYGUXGOQmTNEFVgypia;Olfson, M., Blanco, C., Wang, S., Laje, G., & Correll, C. U. (2014). National trends in the mental health care of children, adolescents, and adults by office-based physicians. *JAMA Psychiatry, 71*(1), 81–90. https://doi.org/10.1001/jamapsychiatry.2013.3074;valid
thread_TpTCPvYGUXGOQmTNEFVgypia;Comer, J. S., & Olfson, M. (2010). Trends in child and adolescent mental health care: Increasing use of psychotropic medications. *Journal of the American Academy of Child & Adolescent Psychiatry, 49*(12), 1245–1253. https://doi.org/10.1016/j.jaac.2010.08.013;metadata_error
thread_TpTCPvYGUXGOQmTNEFVgypia;Matone, M., Localio, R., Huang, Y. S., DosReis, S., Feudtner, C., & Rubin, D. M. (2012). The relationship between county-level psychiatric hospital bed capacity and child and adolescent mental health service use. *Medical Care, 50*(6), 496–501. https://doi.org/10.1097/MLR.0b013e31824ebd5f;not_found
thread_TpTCPvYGUXGOQmTNEFVgypia;Crystal, S., Olfson, M., Huang, C., Pincus, H., & Gerhard, T. (2009). Broadened use of atypical antipsychotics: Safety, effectiveness, and policy challenges. *Health Affairs, 28*(5), w770–w781. https://doi.org/10.1377/hlthaff.28.5.w770;valid
thread_TpTCPvYGUXGOQmTNEFVgypia;Cooper, W. O., Arbogast, P. G., Ding, H., Hickson, G. B., Fuchs, D. C., & Ray, W. A. (2006). Trends in prescribing of antipsychotic medications for children. *Ambulatory Pediatrics, 6*(2), 79–84. https://doi.org/10.1016/j.ambp.2005.10.002;metadata_error
thread_uGzWOBE4cTUENVWDszQ0ZJZz;Olfson, M., Blanco, C., Wang, S., Laje, G., & Correll, C. U. (2014). National trends in the mental health care of children, adolescents, and adults by office-based physicians. *JAMA Psychiatry*, 71(1), 81-90. https://doi.org/10.1001/jamapsychiatry.2013.3074;valid
thread_uGzWOBE4cTUENVWDszQ0ZJZz;Cooper, W. O., Hickson, G. B., Fuchs, C., & Arbogast, P. G. (2004). New users of antipsychotic medications among children enrolled in TennCare. *Archives of Pediatrics & Adolescent Medicine*, 158(8), 753-759. https://doi.org/10.1001/archpedi.158.8.753;valid
thread_uGzWOBE4cTUENVWDszQ0ZJZz;Crystal, S., Olfson, M., Huang, C., Pincus, H., & Gerhard, T. (2009). Broadened use of atypical antipsychotics: Safety, effectiveness, and policy challenges. *Health Affairs*, 28(5), 770-781. https://doi.org/10.1377/hlthaff.28.5.w770;valid
thread_uGzWOBE4cTUENVWDszQ0ZJZz;Zito, J. M., Derivan, A. T., & Safer, D. J. (2008). Psychotropic medication patterns among youth in foster care: A 50-state analysis. *Journal of Child and Adolescent Psychopharmacology*, 18(2), 217-227. https://doi.org/10.1089/cap.2007.0134;metadata_error
thread_uGzWOBE4cTUENVWDszQ0ZJZz;Comer, J. S., & Olfson, M. (2010). Trends in child and adolescent psychotropic medication use. *Psychiatric Services*, 61(9), 829-833. https://doi.org/10.1176/ps.2010.61.9.829;not_found
thread_qB8sKttYNvGi4Sb6Jz88dVdc;Olfson, M., Blanco, C., Wang, S., Laje, G., & Correll, C. U. (2014). National trends in the mental health care of children, adolescents, and adults by office-based physicians. JAMA Psychiatry, 71(1), 81-90. https://doi.org/10.1001/jamapsychiatry.2013.3074;valid
thread_qB8sKttYNvGi4Sb6Jz88dVdc;Comer, J. S., & Olfson, M. (2010). Trends in child and adolescent psychotherapy and psychotropic medication use across the United States. Journal of the American Academy of Child & Adolescent Psychiatry, 49(9), 858-861. https://doi.org/10.1016/j.jaac.2010.05.017;metadata_error
thread_qB8sKttYNvGi4Sb6Jz88dVdc;Zito, J. M., Safer, D. J., Berg, L. T., et al. (2008). A three-country comparison of psychotropic medication prevalence in youth. Child and Adolescent Psychiatry and Mental Health, 2(1), 26. https://doi.org/10.1186/1753-2000-2-26;valid
thread_qB8sKttYNvGi4Sb6Jz88dVdc;Crystal, S., Olfson, M., Huang, C., Pincus, H. A., & Gerhard, T. (2009). Broadened use of atypical antipsychotics: Safety, effectiveness, and policy challenges. Health Affairs, 28(5), 770-781. https://doi.org/10.1377/hlthaff.28.5.w770;valid
thread_qB8sKttYNvGi4Sb6Jz88dVdc;Cooper, W. O., Hickson, G. B., Fuchs, C., Arbogast, P. G., et al. (2004). New users of antipsychotic medications among children enrolled in TennCare. Archives of Pediatrics & Adolescent Medicine, 158(8), 753-759. https://doi.org/10.1001/archpedi.158.8.753;valid
thread_e9tLCXERnQwGwYOukKZ5rd6N;Olfson, M., Blanco, C., Wang, S., Laje, G., & Correll, C. U. (2014). National trends in the mental health care of children, adolescents, and adults by office-based physicians. *JAMA Psychiatry*, 71(1), 81–90. https://doi.org/10.1001/jamapsychiatry.2013.3074;valid
thread_e9tLCXERnQwGwYOukKZ5rd6N;Comer, J. S., Olfson, M., Mojtabai, R., & Mechanic, D. (2010). National trends in child and adolescent psychotropic polypharmacy in office-based practice, 1996-2007. *Journal of the American Academy of Child & Adolescent Psychiatry*, 49(10), 1001–1010. https://doi.org/10.1016/j.jaac.2010.07.007;valid
thread_e9tLCXERnQwGwYOukKZ5rd6N;Zito, J. M., Safer, D. J., Berg, L. T., Janhsen, K., Fegert, J. M., & Gardner, J. F. (2008). A three-country comparison of psychotropic medication prevalence in youth. *Child and Adolescent Psychiatry and Mental Health*, 2(1), 1–11. https://doi.org/10.1186/1753-2000-2-1;metadata_error
thread_e9tLCXERnQwGwYOukKZ5rd6N;Crystal, S., Olfson, M., Huang, C., Pincus, H., & Gerhard, T. (2009). Broadened use of atypical antipsychotics: Safety, effectiveness, and policy challenges. *Health Affairs*, 28(5), 770–781. https://doi.org/10.1377/hlthaff.28.5.w770;valid
thread_e9tLCXERnQwGwYOukKZ5rd6N;Safer, D. J., & Zito, J. M. (2006). Pharmacoepidemiology of psychiatric disorders in youth. *Journal of Nervous and Mental Disease*, 194(8), 561–567. https://doi.org/10.1097/01.nmd.0000230398.07099.b2;not_found
thread_TrAZ6PNGEUrFoJiNkMxoqh1g;Olfson, M., Blanco, C., Wang, S., Laje, G., & Correll, C. U. (2014). National trends in the mental health care of children, adolescents, and adults by office-based physicians. JAMA Psychiatry, 71(1), 81–90. https://doi.org/10.1001/jamapsychiatry.2013.3074;valid
thread_TrAZ6PNGEUrFoJiNkMxoqh1g;Cooper, W. O., Hickson, G. B., Fuchs, C., Arbogast, P. G., & Ray, W. A. (2004). New users of antipsychotic medications among children enrolled in TennCare. Archives of Pediatrics & Adolescent Medicine, 158(8), 753–759. https://doi.org/10.1001/archpedi.158.8.753;valid
thread_TrAZ6PNGEUrFoJiNkMxoqh1g;Crystal, S., Olfson, M., Huang, C., Pincus, H. A., & Gerhard, T. (2009). Broadened use of atypical antipsychotics: Safety, effectiveness, and policy challenges. Health Affairs, 28(5), w770–w781. https://doi.org/10.1377/hlthaff.28.5.w770;valid
thread_TrAZ6PNGEUrFoJiNkMxoqh1g;Comer, J. S., Olfson, M., & Mojtabai, R. (2010). National trends in child and adolescent psychotropic polypharmacy in office-based practice, 1996–2007. Journal of the American Academy of Child & Adolescent Psychiatry, 49(10), 1001–1010. https://doi.org/10.1016/j.jaac.2010.07.007;valid
thread_TrAZ6PNGEUrFoJiNkMxoqh1g;Zito, J. M., Safer, D. J., de Jong-van den Berg, L. T., Janhsen, K., Fegert, J. M., Gardner, J. F., ... & Vander Stichele, R. H. (2008). A three-country comparison of psychotropic medication prevalence in youth. Child and Adolescent Psychiatry and Mental Health, 2(1), 26. https://doi.org/10.1186/1753-2000-2-26;valid
thread_mIJQpudVaBiz8glC0sVvSZA8;Olfson, M., Blanco, C., Wang, S., Laje, G., & Correll, C. U. (2014). National trends in the mental health care of children, adolescents, and adults by office-based physicians. *JAMA Psychiatry*, *71*(1), 81–90. https://doi.org/10.1001/jamapsychiatry.2013.3074;valid
thread_mIJQpudVaBiz8glC0sVvSZA8;Comer, J. S., Olfson, M., Mojtabai, R., & Blanco, C. (2010). National trends in the use of psychotropic medications by children. *Journal of the American Academy of Child & Adolescent Psychiatry*, *49*(10), 1001–1010. https://doi.org/10.1016/j.jaac.2010.07.007;metadata_error
thread_mIJQpudVaBiz8glC0sVvSZA8;Zito, J. M., Safer, D. J., deMartinez, M., Gardner, J. F., Soeken, K., Boles, M., & Lynch, F. (2003). Psychotropic practice patterns for youth: A 10-year perspective. *Archives of Pediatrics & Adolescent Medicine*, *157*(1), 17–25. https://doi.org/10.1001/archpedi.157.1.17;valid
thread_mIJQpudVaBiz8glC0sVvSZA8;Crystal, S., Olfson, M., Huang, C., Pincus, H. A., & Gerhard, T. (2009). Broadened use of atypical antipsychotics: Safety, effectiveness, and policy challenges. *Health Affairs*, *28*(5), w770–w781. https://doi.org/10.1377/hlthaff.28.5.w770;valid
thread_mIJQpudVaBiz8glC0sVvSZA8;Alexander, G. C., & Zito, J. M. (2009). Pediatric psychotropic drug prescribing trends. *Archives of Pediatrics & Adolescent Medicine*, *163*(1), 14–20. https://doi.org/10.1001/archpediatrics.2008.525;metadata_error
thread_7qZuhVdbukJAG2NC4b5hpyZl;Olfson, M., Blanco, C., Wang, S., Laje, G., & Correll, C. U. (2014). National trends in the mental health care of children, adolescents, and adults by office-based physicians. *JAMA Psychiatry, 71*(1), 81-90. https://doi.org/10.1001/jamapsychiatry.2013.3074;valid
thread_7qZuhVdbukJAG2NC4b5hpyZl;Matone, M., Localio, R., Huang, Y. S., Dosreis, S., Feudtner, C., & Rubin, D. M. (2012). The relationship between county-level psychiatric medication use and child welfare caseloads in the United States. *Children and Youth Services Review, 34*(9), 1806-1808. https://doi.org/10.1016/j.childyouth.2012.05.003;metadata_error
thread_7qZuhVdbukJAG2NC4b5hpyZl;Cooper, W. O., Hickson, G. B., Fuchs, C., Arbogast, P. G., & Ray, W. A. (2004). New users of antipsychotic medications among children enrolled in TennCare. *Archives of Pediatrics & Adolescent Medicine, 158*(8), 753-759. https://doi.org/10.1001/archpedi.158.8.753;valid
thread_7qZuhVdbukJAG2NC4b5hpyZl;Zito, J. M., Safer, D. J., de Jong-van den Berg, L. T., et al. (2008). A three-country comparison of psychotropic medication prevalence in youth. *Child and Adolescent Psychiatry and Mental Health, 2*(1), 26. https://doi.org/10.1186/1753-2000-2-26;valid
thread_7qZuhVdbukJAG2NC4b5hpyZl;Crystal, S., Olfson, M., Huang, C., Pincus, H. A., & Gerhard, T. (2009). Broadened use of atypical antipsychotics: Safety, effectiveness, and policy challenges. *Health Affairs, 28*(5), 770-781. https://doi.org/10.1377/hlthaff.28.5.w770;valid
thread_zBTqs7dEHf7DbVyt30z2JAeC;Olfson, M., Blanco, C., Wang, S., Laje, G., & Correll, C. U. (2014). National trends in the mental health care of children, adolescents, and adults by office-based physicians. *JAMA Psychiatry, 71*(1), 81-90. https://doi.org/10.1001/jamapsychiatry.2013.3074;valid
thread_zBTqs7dEHf7DbVyt30z2JAeC;Cooper, W. O., Hickson, G. B., Fuchs, C., Arbogast, P., & Ray, W. A. (2004). New use of antipsychotic medications among children enrolled in TennCare. *Archives of Pediatrics & Adolescent Medicine, 158*(8), 753-759. https://doi.org/10.1001/archpedi.158.8.753;valid
thread_zBTqs7dEHf7DbVyt30z2JAeC;Crystal, S., Olfson, M., Huang, C., Pincus, H. A., & Gerhard, T. (2009). Broadened use of atypical antipsychotics: Safety, effectiveness, and policy challenges. *Health Affairs, 28*(5), w770-w781. https://doi.org/10.1377/hlthaff.28.5.w770;valid
thread_zBTqs7dEHf7DbVyt30z2JAeC;Comer, J. S., & Olfson, M. (2010). National trends in child and adolescent psychotropic polypharmacy in office-based practice, 1996–2007. *Journal of the American Academy of Child & Adolescent Psychiatry, 49*(10), 1001-1010. https://doi.org/10.1016/j.jaac.2010.07.007;valid
thread_zBTqs7dEHf7DbVyt30z2JAeC;Zito, J. M., Safer, D. J., Berg, L. T., Janicak, P. G., & Mattison, D. R. (2008). Trends in pediatric psychotropic medication use. *Journal of Child and Adolescent Psychopharmacology, 18*(6), 528-536. https://doi.org/10.1089/cap.2008.18.528;not_found
thread_nFY2JTiAXZAEAPs1TdobUvW8;Olfson, M., Blanco, C., Wang, S., Laje, G., & Correll, C. U. (2014). National trends in the mental health care of children, adolescents, and adults by office-based physicians. *JAMA Psychiatry, 71*(1), 81–90. https://doi.org/10.1001/jamapsychiatry.2013.3074;valid
thread_nFY2JTiAXZAEAPs1TdobUvW8;Comer, J. S., & Olfson, M. (2010). Trends in child and adolescent mental health care: Use of psychotropic medications and other treatments. *Psychiatric Services, 61*(9), 885–888. https://doi.org/10.1176/ps.2010.61.9.885;metadata_error
thread_nFY2JTiAXZAEAPs1TdobUvW8;Matone, M., Localio, R., Huang, Y. S., dosReis, S., Feudtner, C., & Rubin, D. M. (2012). The relationship between county-level psychiatric practice patterns and the use of antipsychotics in Medicaid-insured children. *Journal of the American Academy of Child & Adolescent Psychiatry, 51*(12), 1220–1229. https://doi.org/10.1016/j.jaac.2012.09.019;metadata_error
thread_nFY2JTiAXZAEAPs1TdobUvW8;Crystal, S., Olfson, M., Huang, C., Pincus, H., & Gerhard, T. (2009). Broadened use of atypical antipsychotics: Safety, effectiveness, and policy challenges. *Health Affairs, 28*(5), w770–w781. https://doi.org/10.1377/hlthaff.28.5.w770;valid
thread_nFY2JTiAXZAEAPs1TdobUvW8;McKinney, R., & Renk, K. (2011). Atypical antipsychotic medications in the treatment of children and adolescents: Clinical, empirical, and developmental considerations. *Journal of Child and Family Studies, 20*(2), 124–136. https://doi.org/10.1007/s10826-010-9415-9;not_found
thread_9E9U2iZbF80rFBMlqXCB0Sts;Olfson, M., Blanco, C., Wang, S., Laje, G., & Correll, C. U. (2014). National trends in the mental health care of children, adolescents, and adults by office-based physicians. *JAMA Psychiatry, 71*(1), 81-90. https://doi.org/10.1001/jamapsychiatry.2013.3074;valid
thread_9E9U2iZbF80rFBMlqXCB0Sts;Comer, J. S., Olfson, M., & Mojtabai, R. (2010). National trends in child and adolescent psychotropic polypharmacy in office-based practice, 1996–2007. *Journal of the American Academy of Child & Adolescent Psychiatry, 49*(10), 1001-1010. https://doi.org/10.1016/j.jaac.2010.07.007;valid
thread_9E9U2iZbF80rFBMlqXCB0Sts;Crystal, S., Olfson, M., Huang, C., Pincus, H., & Gerhard, T. (2009). Broadened use of atypical antipsychotics: Safety, effectiveness, and policy challenges. *Health Affairs, 28*(5), 770-781. https://doi.org/10.1377/hlthaff.28.5.w770;valid
thread_9E9U2iZbF80rFBMlqXCB0Sts;Cooper, W. O., Arbogast, P. G., Ding, H., Hickson, G. B., Fuchs, D. C., & Ray, W. A. (2006). Trends in prescribing of antipsychotic medications for children. *Ambulatory Pediatrics, 6*(2), 79-84. https://doi.org/10.1016/j.ambp.2005.10.003;metadata_error
thread_9E9U2iZbF80rFBMlqXCB0Sts;Zito, J. M., Safer, D. J., dosReis, S., Gardner, J. F., Boles, M., & Lynch, F. (2000). Trends in the prescribing of psychotropic medications to preschoolers. *JAMA, 283*(8), 1025-1030. https://doi.org/10.1001/jama.283.8.1025;valid
thread_EFGNg84TniSM4DOyME6MwMju;Olfson, M., Blanco, C., Wang, S., Laje, G., & Correll, C. U. (2014). National trends in the mental health care of children, adolescents, and adults by office-based physicians. JAMA Psychiatry, 71(1), 81-90. https://doi.org/10.1001/jamapsychiatry.2013.3074;valid
thread_EFGNg84TniSM4DOyME6MwMju;Comer, J. S., Olfson, M., & Mojtabai, R. (2010). National trends in child and adolescent psychotropic polypharmacy in office-based practice, 1996-2007. Journal of the American Academy of Child & Adolescent Psychiatry, 49(10), 1001-1010. https://doi.org/10.1016/j.jaac.2010.07.007;valid
thread_EFGNg84TniSM4DOyME6MwMju;Alexander, G. C., Gallagher, S. A., Mascola, A., Moloney, R. M., & Stafford, R. S. (2011). Increasing off-label use of antipsychotic medications in the United States, 1995-2008. Pharmacoepidemiology and Drug Safety, 20(2), 177-184. https://doi.org/10.1002/pds.2082;valid
thread_EFGNg84TniSM4DOyME6MwMju;Crystal, S., Olfson, M., Huang, C., Pincus, H. A., & Gerhard, T. (2009). Broadened use of atypical antipsychotics: Safety, effectiveness, and policy challenges. Health Affairs, 28(5), 770-781. https://doi.org/10.1377/hlthaff.28.5.w770;valid
thread_EFGNg84TniSM4DOyME6MwMju;Matone, M., Localio, R., Huang, Y. S., dosReis, S., Feudtner, C., & Rubin, D. M. (2012). The relationship between county-level psychiatric medication use and child welfare referrals. Pediatrics, 130(6), e1767-e1774. https://doi.org/10.1542/peds.2012-0880;metadata_error
thread_kCSNih9hQwGDcK701mIba7ab;Olfson, M., Blanco, C., Wang, S., Laje, G., & Correll, C. U. (2014). National trends in the mental health care of children, adolescents, and adults by office-based physicians. *JAMA Psychiatry, 71*(1), 81-90. https://doi.org/10.1001/jamapsychiatry.2013.3074;valid
thread_kCSNih9hQwGDcK701mIba7ab;Comer, J. S., Olfson, M., & Mojtabai, R. (2010). National trends in child and adolescent psychotropic polypharmacy in office-based practice, 1996–2007. *Journal of the American Academy of Child & Adolescent Psychiatry, 49*(10), 1001-1010. https://doi.org/10.1016/j.jaac.2010.07.007;valid
thread_kCSNih9hQwGDcK701mIba7ab;Crystal, S., Olfson, M., Huang, C., Pincus, H. A., & Gerhard, T. (2009). Broadened use of atypical antipsychotics: Safety, effectiveness, and policy challenges. *Health Affairs, 28*(5), w770-w781. https://doi.org/10.1377/hlthaff.28.5.w770;valid
thread_kCSNih9hQwGDcK701mIba7ab;Zito, J. M., Derivan, A. T., Krady, A., Fegert, J. M., & Safer, D. J. (2008). Off-label psychotropic prescribing for children: History and current status. *Journal of Child and Adolescent Psychopharmacology, 18*(5), 493-507. https://doi.org/10.1089/cap.2008.18503;metadata_error
thread_kCSNih9hQwGDcK701mIba7ab;Government Accountability Office (GAO). (2009). Foster care: HHS could provide additional guidance to states regarding psychotropic medications. Report to congressional requesters. Retrieved from https://www.gao.gov/assets/gao-09-866.pdf;not_found
thread_LCqmp8UVbBsY3weXyoDvuGFl;Olfson, M., Blanco, C., Wang, S., Laje, G., & Correll, C. U. (2014). National trends in the mental health care of children, adolescents, and adults by office-based physicians. JAMA Psychiatry, 71(1), 81-90. https://doi.org/10.1001/jamapsychiatry.2013.3074;valid
thread_LCqmp8UVbBsY3weXyoDvuGFl;Cooper, W. O., Hickson, G. B., Fuchs, C., Arbogast, P., & Ray, W. A. (2004). New users of antipsychotic medications among children enrolled in TennCare. Archives of Pediatrics & Adolescent Medicine, 158(8), 753-759. https://doi.org/10.1001/archpedi.158.8.753;valid
thread_LCqmp8UVbBsY3weXyoDvuGFl;Zito, J. M., Safer, D. J., Gardner, J. F., Sozmen, K., Boles, M., Lynch, F., & Variend, H. (2008). Psychotherapeutic medication patterns for youths with attention-deficit/hyperactivity disorder. Archives of Pediatrics & Adolescent Medicine, 162(3), 263-270. https://doi.org/10.1001/archpediatrics.2007.61;not_found
thread_LCqmp8UVbBsY3weXyoDvuGFl;Crystal, S., Olfson, M., Huang, C., Pincus, H. A., & Gerhard, T. (2009). Broadened use of atypical antipsychotics: Safety, effectiveness, and policy challenges. Health Affairs, 28(5), w770-w781. https://doi.org/10.1377/hlthaff.28.5.w770;valid
thread_LCqmp8UVbBsY3weXyoDvuGFl;Comer, J. S., Olfson, M., & Mojtabai, R. (2010). National trends in child and adolescent psychotropic polypharmacy in office-based practice, 1996-2007. Journal of the American Academy of Child & Adolescent Psychiatry, 49(10), 1001-1010. https://doi.org/10.1016/j.jaac.2010.07.007;valid
thread_eutw2C5Vt0aDWRfpGirOeIjV;Olfson, M., Blanco, C., Wang, S., Laje, G., & Correll, C. U. (2014). National trends in the mental health care of children, adolescents, and adults by office-based physicians. JAMA Psychiatry, 71(1), 81-90. https://doi.org/10.1001/jamapsychiatry.2013.3074;valid
thread_eutw2C5Vt0aDWRfpGirOeIjV;Crystal, S., Olfson, M., Huang, C., Pincus, H. A., & Gerhard, T. (2009). Broadened use of atypical antipsychotics: Safety, effectiveness, and policy challenges. Health Affairs, 28(5), w770-w781. https://doi.org/10.1377/hlthaff.28.5.w770;valid
thread_eutw2C5Vt0aDWRfpGirOeIjV;Comer, J. S., Olfson, M., & Mojtabai, R. (2010). National trends in child and adolescent psychotropic polypharmacy in office-based practice, 1996–2007. Journal of the American Academy of Child & Adolescent Psychiatry, 49(10), 1001-1010. https://doi.org/10.1016/j.jaac.2010.05.009;metadata_error
thread_eutw2C5Vt0aDWRfpGirOeIjV;Zito, J. M., Safer, D. J., de Jong-van den Berg, L. T., Janhsen, K., Fegert, J. M., Gardner, J. F., ... & Doğan, S. (2008). A three-country comparison of psychotropic medication prevalence in youth. Child and Adolescent Psychiatry and Mental Health, 2(1), 1-11. https://doi.org/10.1186/1753-2000-2-12;metadata_error
thread_eutw2C5Vt0aDWRfpGirOeIjV;Martin, A., & Leslie, D. (2003). Trends in psychotropic medication costs for children and adolescents, 1997–2000. Archives of Pediatrics & Adolescent Medicine, 157(10), 997-1004. https://doi.org/10.1001/archpedi.157.10.997;valid
thread_GRvJnJgRJmAL0QRE2cWFZRbk;Olfson, M., Blanco, C., Wang, S., Laje, G., & Correll, C. U. (2014). National trends in the mental health care of children, adolescents, and adults by office-based physicians. *JAMA Psychiatry, 71*(1), 81–90. https://doi.org/10.1001/jamapsychiatry.2013.3074;valid
thread_GRvJnJgRJmAL0QRE2cWFZRbk;Comer, J. S., Olfson, M., & Mojtabai, R. (2010). National trends in child and adolescent psychotropic polypharmacy in office-based practice, 1996–2007. *Journal of the American Academy of Child & Adolescent Psychiatry, 49*(10), 1001–1010. https://doi.org/10.1016/j.jaac.2010.07.007;valid
thread_GRvJnJgRJmAL0QRE2cWFZRbk;Crystal, S., Olfson, M., Huang, C., Pincus, H., & Gerhard, T. (2009). Broadened use of atypical antipsychotics: Safety, effectiveness, and policy challenges. *Health Affairs, 28*(5), 770–781. https://doi.org/10.1377/hlthaff.28.5.w770;valid
thread_GRvJnJgRJmAL0QRE2cWFZRbk;Zito, J. M., Safer, D. J., deMartinez, N., Gardner, J. F., Soeken, K., Boles, M., & Lynch, F. (2008). A three-country comparison of psychotropic medication prevalence in youth. *Child and Adolescent Psychiatry and Mental Health, 2*(1), 1–11. https://doi.org/10.1186/1753-2000-2-1;metadata_error
thread_GRvJnJgRJmAL0QRE2cWFZRbk;Cooper, W. O., Hickson, G. B., Fuchs, C., Arbogast, P. G., & Ray, W. A. (2004). New users of antipsychotic medications among children enrolled in TennCare. *Archives of Pediatrics & Adolescent Medicine, 158*(8), 753–759. https://doi.org/10.1001/archpedi.158.8.753;valid
thread_lhD7dUuu4pYSJl3AoBgtmFTu;Olfson, M., Blanco, C., Wang, S., Laje, G., & Correll, C. U. (2014). National trends in the mental health care of children, adolescents, and adults by office-based physicians. JAMA Psychiatry, 71(1), 81–90. https://doi.org/10.1001/jamapsychiatry.2013.3074;valid
thread_lhD7dUuu4pYSJl3AoBgtmFTu;Cooper, W. O., Arbogast, P. G., Ding, H., Hickson, G. B., Fuchs, D. C., & Ray, W. A. (2006). Trends in prescribing of antipsychotic medications for children. Ambulatory Pediatrics, 6(2), 79–84. https://doi.org/10.1016/j.ambp.2005.10.001;metadata_error
thread_lhD7dUuu4pYSJl3AoBgtmFTu;Alexander, G. C., & Zito, J. M. (2009). Pediatric psychotropic drug prescribing: Trends and challenges. Psychiatric Services, 60(10), 1231–1236. https://doi.org/10.1176/ps.2009.60.10.1231;not_found
thread_lhD7dUuu4pYSJl3AoBgtmFTu;Crystal, S., Olfson, M., Huang, C., Pincus, H. A., & Gerhard, T. (2009). Broadened use of atypical antipsychotics: Safety, effectiveness, and policy challenges. Health Affairs, 28(5), 770–781. https://doi.org/10.1377/hlthaff.28.5.w770;valid
thread_lhD7dUuu4pYSJl3AoBgtmFTu;Zito, J. M., Derivan, A. T., Kratochvil, C. J., Fegert, J. M., & Greenhill, L. L. (2008). Off-label psychopharmacologic prescribing for children: History supports close clinical monitoring. Child and Adolescent Psychiatry and Mental Health, 2(1), 24. https://doi.org/10.1186/1753-2000-2-24;valid
thread_0yxFkcKaSubgk3Y9Tqw34cbD;Olfson, M., Blanco, C., Wang, S., Laje, G., & Correll, C. U. (2014). National trends in the mental health care of children, adolescents, and adults by office-based physicians. JAMA Psychiatry, 71(1), 81-90. https://doi.org/10.1001/jamapsychiatry.2013.3074;valid
thread_0yxFkcKaSubgk3Y9Tqw34cbD;Comer, J. S., Olfson, M., Mojtabai, R., & Blanco, C. (2010). National trends in the antipsychotic treatment of psychiatric outpatients with anxiety disorders. American Journal of Psychiatry, 167(11), 1240-1248. https://doi.org/10.1176/appi.ajp.2010.10040554;not_found
thread_0yxFkcKaSubgk3Y9Tqw34cbD;Crystal, S., Olfson, M., Huang, C., Pincus, H. A., & Gerhard, T. (2009). Broadened use of atypical antipsychotics: Safety, effectiveness, and policy challenges. Health Affairs, 28(5), 770-781. https://doi.org/10.1377/hlthaff.28.5.w770;valid
thread_0yxFkcKaSubgk3Y9Tqw34cbD;Government Accountability Office. (2009). Foster children: HHS guidance could help states improve oversight of psychotropic prescriptions. GAO-09-866T. Retrieved from https://www.gao.gov/products/gao-09-866t;valid
thread_0yxFkcKaSubgk3Y9Tqw34cbD;Zito, J. M., Safer, D. J., deMartinis, M., Gardner, J. F., Magder, L., Soeken, K., ... & Riddle, M. A. (2003). Psychotropic practice patterns for youth: A 10-year perspective. Archives of Pediatrics & Adolescent Medicine, 157(1), 17-25. https://doi.org/10.1001/archpedi.157.1.17;valid
thread_Bu8Oz658zaf2mEf33ka6OouB;Olfson, M., Blanco, C., Wang, S., Laje, G., & Correll, C. U. (2014). National trends in the mental health care of children, adolescents, and adults by office-based physicians. *JAMA Psychiatry, 71*(1), 81-90. https://doi.org/10.1001/jamapsychiatry.2013.3074;valid
thread_Bu8Oz658zaf2mEf33ka6OouB;Zito, J. M., Safer, D. J., deMartini, M., Gardner, J. F., Magder, L., Soeken, K., ... & Riddle, M. A. (2003). Psychotropic practice patterns for youth: A 10-year perspective. *Archives of Pediatrics & Adolescent Medicine, 157*(1), 17-25. https://doi.org/10.1001/archpedi.157.1.17;valid
thread_Bu8Oz658zaf2mEf33ka6OouB;Cooper, W. O., Hickson, G. B., Fuchs, C., Arbogast, P. G., & Ray, W. A. (2004). New users of antipsychotic medications among children enrolled in TennCare. *Archives of Pediatrics & Adolescent Medicine, 158*(8), 753-759. https://doi.org/10.1001/archpedi.158.8.753;valid
thread_Bu8Oz658zaf2mEf33ka6OouB;Crystal, S., Olfson, M., Huang, C., Pincus, H., & Gerhard, T. (2009). Broadened use of atypical antipsychotics: safety, effectiveness, and policy challenges. *Health Affairs, 28*(5), w770-w781. https://doi.org/10.1377/hlthaff.28.5.w770;valid
thread_Bu8Oz658zaf2mEf33ka6OouB;Safer, D. J., Zito, J. M., & DosReis, S. (2003). Concerning trends in pediatric psychotropic polypharmacy. *Journal of Child and Adolescent Psychopharmacology, 13*(2), 223-232. https://doi.org/10.1089/104454603322572679;metadata_error
thread_N1dE5YbTzSqkxFl9G3DXRlBB;Olfson, M., Blanco, C., Wang, S., Laje, G., & Correll, C. U. (2014). National trends in the mental health care of children, adolescents, and adults by office-based physicians. *JAMA Psychiatry, 71*(1), 81-90. https://doi.org/10.1001/jamapsychiatry.2013.3074;valid
thread_N1dE5YbTzSqkxFl9G3DXRlBB;Comer, J. S., & Olfson, M. (2010). Trends in child and adolescent psychotropic medication use. *Psychiatric Clinics of North America, 33*(3), 423-438. https://doi.org/10.1016/j.psc.2010.04.002;metadata_error
thread_N1dE5YbTzSqkxFl9G3DXRlBB;Crystal, S., Olfson, M., Huang, C., Pincus, H., & Gerhard, T. (2009). Broadened use of atypical antipsychotics: Safety, effectiveness, and policy challenges. *Health Affairs, 28*(5), w770-w781. https://doi.org/10.1377/hlthaff.28.5.w770;valid
thread_N1dE5YbTzSqkxFl9G3DXRlBB;Cooper, W. O., Arbogast, P. G., Ding, H., Hickson, G. B., Fuchs, D. C., & Ray, W. A. (2006). Trends in prescribing of antipsychotic medications for US children. *Ambulatory Pediatrics, 6*(2), 79-83. https://doi.org/10.1016/j.ambp.2005.10.004;metadata_error
thread_N1dE5YbTzSqkxFl9G3DXRlBB;Zito, J. M., Safer, D. J., Berg, L. T., Janicak, P. G., & Gardner, J. F. (2008). Atypical antipsychotics in children and adolescents. *Journal of Child and Adolescent Psychopharmacology, 18*(5), 457-472. https://doi.org/10.1089/cap.2008.185;not_found
thread_6zs05nBZffnTsDhw170QfTNJ;Olfson, M., Blanco, C., Wang, S., Laje, G., & Correll, C. U. (2014). National trends in the mental health care of children, adolescents, and adults by office-based physicians. *JAMA Psychiatry, 71*(1), 81-90. https://doi.org/10.1001/jamapsychiatry.2013.3074;valid
thread_6zs05nBZffnTsDhw170QfTNJ;Comer, J. S., & Olfson, M. (2010). Trends in child and adolescent psychotropic polypharmacy in office-based practice. *Psychiatric Services, 61*(9), 916-919. https://doi.org/10.1176/ps.2010.61.9.916;not_found
thread_6zs05nBZffnTsDhw170QfTNJ;Zito, J. M., Derivan, A. T., Kratochvil, C. J., Fegert, J. M., & Greenhill, L. L. (2008). Off-label psychopharmacologic prescribing for children: History supports close clinical monitoring. *Child and Adolescent Psychiatry and Mental Health, 2*(1), 24. https://doi.org/10.1186/1753-2000-2-24;valid
thread_6zs05nBZffnTsDhw170QfTNJ;Crystal, S., Olfson, M., Huang, C., Pincus, H., & Gerhard, T. (2009). Broadened use of atypical antipsychotics: Safety, effectiveness, and policy challenges. *Health Affairs, 28*(5), 770-781. https://doi.org/10.1377/hlthaff.28.5.w770;valid
thread_6zs05nBZffnTsDhw170QfTNJ;Curtis, L. H., Masselink, L. E., Ostbye, T., Hutchison, S., & Dans, P. E. (2008). Use of atypical antipsychotic drugs in children and adolescents. *Psychiatric Services, 59*(2), 175-177. https://doi.org/10.1176/ps.2008.59.2.175;not_found
thread_vBLoRr9OmrPxWUhXp1586N6Z;Olfson, M., Blanco, C., Wang, S., Laje, G., & Correll, C. U. (2014). National trends in the mental health care of children, adolescents, and adults by office-based physicians. *JAMA Psychiatry*, 71(1), 81-90. https://doi.org/10.1001/jamapsychiatry.2013.3074;valid
thread_vBLoRr9OmrPxWUhXp1586N6Z;Zito, J. M., Safer, D. J., de Jong-van den Berg, L. T., Janhsen, K., Fegert, J. M., Gardner, J. F., ... & Dooley, L. M. (2008). A three-country comparison of psychotropic medication prevalence in youth. *Child and Adolescent Psychiatry and Mental Health*, 2(1), 26. https://doi.org/10.1186/1753-2000-2-26;valid
thread_vBLoRr9OmrPxWUhXp1586N6Z;Cooper, W. O., Arbogast, P. G., Ding, H., Hickson, G. B., Fuchs, D. C., & Ray, W. A. (2006). Trends in prescribing of antipsychotic medications for US children. *Ambulatory Pediatrics*, 6(2), 79-84. https://doi.org/10.1016/j.ambp.2005.11.002;valid
thread_vBLoRr9OmrPxWUhXp1586N6Z;Crystal, S., Olfson, M., Huang, C., Pincus, H. A., & Gerhard, T. (2009). Broadened use of atypical antipsychotics: Safety, effectiveness, and policy challenges. *Health Affairs*, 28(5), w770-w781. https://doi.org/10.1377/hlthaff.28.5.w770;valid
thread_vBLoRr9OmrPxWUhXp1586N6Z;Comer, J. S., Olfson, M., & Mojtabai, R. (2010). National trends in child and adolescent psychotropic polypharmacy in office-based practice, 1996–2007. *Journal of the American Academy of Child & Adolescent Psychiatry*, 49(10), 1001-1010. https://doi.org/10.1016/j.jaac.2010.07.007;valid
thread_NNzGCCmC7PPp68Us9qBsV4m7;Olfson, M., Blanco, C., Wang, S., Laje, G., & Correll, C. U. (2014). National trends in the mental health care of children, adolescents, and adults by office-based physicians. *JAMA Psychiatry, 71*(1), 81–90. https://doi.org/10.1001/jamapsychiatry.2013.3074;valid
thread_NNzGCCmC7PPp68Us9qBsV4m7;Comer, J. S., Olfson, M., & Mojtabai, R. (2010). Trends in antipsychotic prescribing in children and adolescents. *Journal of the American Academy of Child & Adolescent Psychiatry, 49*(1), 13–20. https://doi.org/10.1016/j.jaac.2009.09.003;valid
thread_NNzGCCmC7PPp68Us9qBsV4m7;Crystal, S., Olfson, M., Huang, C., Pincus, H. A., & Gerhard, T. (2009). Broadened use of atypical antipsychotics: Safety, effectiveness, and policy challenges. *Health Affairs, 28*(5), w770–w781. https://doi.org/10.1377/hlthaff.28.5.w770;valid
thread_NNzGCCmC7PPp68Us9qBsV4m7;Zito, J. M., Safer, D. J., Berg, L. T., et al. (2008). A three-country comparison of psychotropic medication prevalence in youth. *Child and Adolescent Psychiatry and Mental Health, 2*(1), 26. https://doi.org/10.1186/1753-2000-2-26;valid
thread_NNzGCCmC7PPp68Us9qBsV4m7;Cooper, W. O., Arbogast, P. G., Ding, H., Hickson, G. B., Fuchs, D. C., & Ray, W. A. (2006). Trends in prescribing of antipsychotic medications for US children. *Ambulatory Pediatrics, 6*(2), 79–85. https://doi.org/10.1016/j.ambp.2005.10.002;metadata_error
thread_n4UYARnOSCsp7C7TGsrGPfja;Olfson, M., Blanco, C., Wang, S., Laje, G., & Correll, C. U. (2014). National trends in the mental health care of children, adolescents, and adults by office-based physicians. *JAMA Psychiatry, 71*(1), 81–90. https://doi.org/10.1001/jamapsychiatry.2013.3074;valid
thread_n4UYARnOSCsp7C7TGsrGPfja;Cooper, W. O., Hickson, G. B., Fuchs, C., Arbogast, P. G., & Ray, W. A. (2004). New users of antipsychotic medications among children enrolled in TennCare. *Archives of Pediatrics & Adolescent Medicine, 158*(8), 753–759. https://doi.org/10.1001/archpedi.158.8.753;valid
thread_n4UYARnOSCsp7C7TGsrGPfja;Crystal, S., Olfson, M., Huang, C., Pincus, H., & Gerhard, T. (2009). Broadened use of atypical antipsychotics: Safety, effectiveness, and policy challenges. *Health Affairs, 28*(5), 770–781. https://doi.org/10.1377/hlthaff.28.5.w770;valid
thread_n4UYARnOSCsp7C7TGsrGPfja;Comer, J. S., Olfson, M., & Mojtabai, R. (2010). National trends in the antipsychotic treatment of children and adolescents. *Journal of the American Academy of Child & Adolescent Psychiatry, 49*(1), 13–22. https://doi.org/10.1016/j.jaac.2009.08.001;not_found
thread_n4UYARnOSCsp7C7TGsrGPfja;Constantine, R., Bengtson, M., & Zito, J. M. (2012). Antipsychotic medication use among Medicaid-insured children and adolescents: National trends and quality-of-care measures. *Journal of Child and Adolescent Psychopharmacology, 22*(2), 139–145. https://doi.org/10.1089/cap.2011.0068;not_found
thread_e44cwPuz6TYGjYpZo3zoV3Zb;Olfson, M., Blanco, C., Wang, S., Laje, G., & Correll, C. U. (2014). National trends in the mental health care of children, adolescents, and adults by office-based physicians. *JAMA Psychiatry*, 71(1), 81-90. https://doi.org/10.1001/jamapsychiatry.2013.3074;valid
thread_e44cwPuz6TYGjYpZo3zoV3Zb;Comer, J. S., Olfson, M., & Mojtabai, R. (2010). National trends in child and adolescent psychotropic polypharmacy in office-based practice, 1996-2007. *Journal of the American Academy of Child & Adolescent Psychiatry*, 49(10), 1001-1010. https://doi.org/10.1016/j.jaac.2010.07.007;valid
thread_e44cwPuz6TYGjYpZo3zoV3Zb;Crystal, S., Olfson, M., Huang, C., Pincus, H., & Gerhard, T. (2009). Broadened use of atypical antipsychotics: safety, effectiveness, and policy challenges. *Health Affairs*, 28(5), w770-w781. https://doi.org/10.1377/hlthaff.28.5.w770;valid
thread_e44cwPuz6TYGjYpZo3zoV3Zb;Zito, J. M., Safer, D. J., Gardner, J. F., Soeken, K., Boles, M., & Lynch, F. (2000). Psychotropic practice patterns for youth: A 10-year perspective. *Archives of Pediatrics & Adolescent Medicine*, 154(4), 313-320. https://doi.org/10.1001/archpedi.154.4.313;not_found
thread_e44cwPuz6TYGjYpZo3zoV3Zb;Cooper, W. O., Hickson, G. B., Fuchs, C., Arbogast, P., & Ray, W. A. (2004). New users of antipsychotic medications among children enrolled in TennCare. *Archives of Pediatrics & Adolescent Medicine*, 158(8), 753-759. https://doi.org/10.1001/archpedi.158.8.753;valid
thread_ZTrq3dOdNAn32RLX39LeaS0F;Olfson, M., Blanco, C., Wang, S., Laje, G., & Correll, C. U. (2014). National trends in the mental health care of children, adolescents, and adults by office-based physicians. Journal of the American Academy of Child & Adolescent Psychiatry, 53(9), 947-955. https://doi.org/10.1016/j.jaac.2014.05.002;metadata_error
thread_ZTrq3dOdNAn32RLX39LeaS0F;Comer, J. S., Olfson, M., & Mojtabai, R. (2010). National trends in child and adolescent psychotropic polypharmacy in office-based practice, 1996-2007. Journal of the American Academy of Child & Adolescent Psychiatry, 49(10), 1001-1010. https://doi.org/10.1016/j.jaac.2010.06.014;metadata_error
thread_ZTrq3dOdNAn32RLX39LeaS0F;Alexander, G. C., Gallagher, S. A., Mascola, A., Moloney, R. M., & Stafford, R. S. (2011). Increasing off-label use of antipsychotic medications in children and adolescents: A 10-year analysis. Archives of Pediatrics & Adolescent Medicine, 165(10), 978-985. https://doi.org/10.1001/archpediatrics.2011.107;metadata_error
thread_ZTrq3dOdNAn32RLX39LeaS0F;Crystal, S., Olfson, M., Huang, C., Pincus, H., & Gerhard, T. (2009). Broadened use of atypical antipsychotics: Safety, effectiveness, and policy challenges. Health Affairs, 28(5), w770-w781. https://doi.org/10.1377/hlthaff.28.5.w770;valid
thread_ZTrq3dOdNAn32RLX39LeaS0F;Parens, E., & Johnston, J. (2011). Controversies concerning the diagnosis and treatment of bipolar disorder in children. Child and Adolescent Psychiatry and Mental Health, 5(1), 1-16. https://doi.org/10.1186/1753-2000-5-9;metadata_error
thread_jTYQ7d7REemNV6AAR69ssQUd;Olfson, M., Blanco, C., Wang, S., Laje, G., & Correll, C. U. (2014). National trends in the mental health care of children, adolescents, and adults by office-based physicians. *JAMA Psychiatry*, 71(1), 81–90. https://doi.org/10.1001/jamapsychiatry.2013.3074;valid
thread_jTYQ7d7REemNV6AAR69ssQUd;Comer, J. S., & Olfson, M. (2010). Trends in child and adolescent psychotropic medication use. *Psychiatric Services*, 61(8), 829–832. https://doi.org/10.1176/ps.2010.61.8.829;not_found
thread_jTYQ7d7REemNV6AAR69ssQUd;Zito, J. M., Derivan, A. T., Kratochvil, C. J., Fegert, J., Greenhill, L., & Hoagwood, K. (2008). Off-label psychopharmacologic prescribing for children: History supports close clinical monitoring. *Child and Adolescent Psychiatry and Mental Health*, 2(1), 24. https://doi.org/10.1186/1753-2000-2-24;valid
thread_jTYQ7d7REemNV6AAR69ssQUd;Crystal, S., Olfson, M., Huang, C., Pincus, H., & Gerhard, T. (2009). Broadened use of atypical antipsychotics: Safety, effectiveness, and policy challenges. *Health Affairs*, 28(5), 770–781. https://doi.org/10.1377/hlthaff.28.5.w770;valid
thread_jTYQ7d7REemNV6AAR69ssQUd;Kuehn, B. M. (2010). FDA panel: Antipsychotic drugs carry risks for children. *JAMA*, 303(14), 1351–1353. https://doi.org/10.1001/jama.2010.404;metadata_error
thread_WxhbpUpO5zk1sq5ftFO9FAPi;Olfson, M., Blanco, C., Wang, S., Laje, G., & Correll, C. U. (2014). National trends in the mental health care of children, adolescents, and adults by office-based physicians. *JAMA Psychiatry, 71*(1), 81–90. https://doi.org/10.1001/jamapsychiatry.2013.3074;valid
thread_WxhbpUpO5zk1sq5ftFO9FAPi;Comer, J. S., Olfson, M., & Mojtabai, R. (2010). National trends in the use of psychotropic medications by children. *Journal of the American Academy of Child & Adolescent Psychiatry, 49*(2), 124–138. https://doi.org/10.1097/00004583-201002000-00003;metadata_error
thread_WxhbpUpO5zk1sq5ftFO9FAPi;Crystal, S., Olfson, M., Huang, C., Pincus, H. A., & Gerhard, T. (2009). Broadened use of atypical antipsychotics: Safety, effectiveness, and policy challenges. *Health Affairs, 28*(5), 770–781. https://doi.org/10.1377/hlthaff.28.5.w770;valid
thread_WxhbpUpO5zk1sq5ftFO9FAPi;Zito, J. M., Safer, D. J., de Jong-van den Berg, L. T. W., Janhsen, K., Fegert, J. M., & Gardner, J. F. (2008). A three-country comparison of psychotropic medication prevalence in youth. *Child and Adolescent Psychiatry and Mental Health, 2*(1), 26. https://doi.org/10.1186/1753-2000-2-26;valid
thread_WxhbpUpO5zk1sq5ftFO9FAPi;Safer, D. J., Zito, J. M., & DosReis, S. (2003). Concerning trends in pediatric psychotropic medication. *Journal of Child and Adolescent Psychopharmacology, 13*(3), 233–243. https://doi.org/10.1089/104454603322572679;metadata_error
thread_h1bqgphXcCqfkJhZq6YGsisq;Olfson, M., Blanco, C., Wang, S., Laje, G., & Correll, C. U. (2014). National trends in the mental health care of children, adolescents, and adults by office-based physicians. *JAMA Psychiatry*, 71(1), 81-90. https://doi.org/10.1001/jamapsychiatry.2013.3074;valid
thread_h1bqgphXcCqfkJhZq6YGsisq;Zito, J. M., Safer, D. J., deMartino, M., Gardner, J. F., Magder, L., Soeken, K., ... & Matthews, D. (2003). Psychotropic practice patterns for youth: A 10-year perspective. *Archives of Pediatrics & Adolescent Medicine*, 157(1), 17-25. https://doi.org/10.1001/archpedi.157.1.17;valid
thread_h1bqgphXcCqfkJhZq6YGsisq;Comer, J. S., & Olfson, M. (2010). Trends in child and adolescent psychotropic polypharmacy in office-based practice. *Psychiatric Services*, 61(9), 813-819. https://doi.org/10.1176/ps.2010.61.9.813;not_found
thread_h1bqgphXcCqfkJhZq6YGsisq;Crystal, S., Olfson, M., Huang, C., Pincus, H. A., & Gerhard, T. (2009). Broadened use of atypical antipsychotics: Safety, effectiveness, and policy challenges. *Health Affairs*, 28(5), w770-w781. https://doi.org/10.1377/hlthaff.28.5.w770;valid
thread_h1bqgphXcCqfkJhZq6YGsisq;Wang, P. S., Schneeweiss, S., Avorn, J., Fischer, M. A., Mogun, H., Solomon, D. H., & Brookhart, M. A. (2007). Risk of death in elderly users of conventional vs. atypical antipsychotic medications. *The New England Journal of Medicine*, 356(4), 342-350. https://doi.org/10.1056/NEJMoa052827;metadata_error
thread_En0iGvaUxIiICxcUikViN3l5;Olfson, M., Blanco, C., Wang, S., Laje, G., & Correll, C. U. (2014). National trends in the mental health care of children, adolescents, and adults by office-based physicians. *JAMA Psychiatry, 71*(1), 81-90. https://doi.org/10.1001/jamapsychiatry.2013.4307;not_found
thread_En0iGvaUxIiICxcUikViN3l5;Comer, J. S., Olfson, M., & Mojtabai, R. (2010). National trends in child and adolescent psychotropic polypharmacy in office-based practice, 1996–2007. *Journal of the American Academy of Child & Adolescent Psychiatry, 49*(10), 1001-1010. https://doi.org/10.1016/j.jaac.2010.07.007;valid
thread_En0iGvaUxIiICxcUikViN3l5;Zito, J. M., Safer, D. J., deMartini, M., Gardner, J. F., Magder, L., & Soeken, K. (2008). Trends in the prescribing of psychotropic medications to preschoolers. *JAMA, 283*(8), 1025–1030. https://doi.org/10.1001/jama.283.8.1025;metadata_error
thread_En0iGvaUxIiICxcUikViN3l5;Cooper, W. O., Arbogast, P. G., Ding, H., Hickson, G. B., Fuchs, D. C., & Ray, W. A. (2006). Trends in prescribing of antipsychotic medications for US children. *Ambulatory Pediatrics, 6*(2), 79-84. https://doi.org/10.1016/j.ambp.2005.10.004;metadata_error
thread_En0iGvaUxIiICxcUikViN3l5;Crystal, S., Olfson, M., Huang, C., Pincus, H., & Gerhard, T. (2009). Broadened use of atypical antipsychotics: safety, effectiveness, and policy challenges. *Health Affairs, 28*(5), w770-w781. https://doi.org/10.1377/hlthaff.28.5.w770;valid
thread_W15Uyq2qpomamTkG5DZKYN2F;Olfson, M., Blanco, C., Wang, S., Laje, G., & Correll, C. U. (2014). National trends in the mental health care of children, adolescents, and adults by office-based physicians. *JAMA Psychiatry, 71*(1), 81-90. https://doi.org/10.1001/jamapsychiatry.2013.3074;valid
thread_W15Uyq2qpomamTkG5DZKYN2F;Comer, J. S., Olfson, M., Mojtabai, R., & Mechanic, D. (2010). National trends in child and adolescent psychotropic polypharmacy in office-based practice, 1996–2007. *Journal of the American Academy of Child & Adolescent Psychiatry, 49*(10), 1001-1010. https://doi.org/10.1016/j.jaac.2010.07.007;valid
thread_W15Uyq2qpomamTkG5DZKYN2F;Cooper, W. O., Hickson, G. B., Fuchs, C., Arbogast, P. G., & Ray, W. A. (2004). New users of antipsychotic medications among children enrolled in TennCare. *Archives of Pediatrics & Adolescent Medicine, 158*(8), 753-759. https://doi.org/10.1001/archpedi.158.8.753;valid
thread_W15Uyq2qpomamTkG5DZKYN2F;Crystal, S., Olfson, M., Huang, C., Pincus, H., & Gerhard, T. (2009). Broadened use of atypical antipsychotics: Safety, effectiveness, and policy challenges. *Health Affairs, 28*(5), 770-781. https://doi.org/10.1377/hlthaff.28.5.w770;valid
thread_W15Uyq2qpomamTkG5DZKYN2F;Zito, J. M., Safer, D. J., dosReis, S., Gardner, J. F., Magder, L., Soeken, K., Boles, M., & Lynch, F. (2003). Psychotropic practice patterns for youth: A 10-year perspective. *Archives of Pediatrics & Adolescent Medicine, 157*(1), 17-25. https://doi.org/10.1001/archpedi.157.1.17;valid
thread_YRXsgiDyQyBdnIjF0GihPxMP;Olfson, M., Blanco, C., Wang, S., Laje, G., & Correll, C. U. (2014). National trends in the mental health care of children, adolescents, and adults by office-based physicians. *JAMA Psychiatry*, 71(1), 81-90. https://doi.org/10.1001/jamapsychiatry.2013.3074;valid
thread_YRXsgiDyQyBdnIjF0GihPxMP;Comer, J. S., Olfson, M., & Mojtabai, R. (2010). National trends in child and adolescent psychotropic polypharmacy in office-based practice, 1996–2007. *Journal of the American Academy of Child & Adolescent Psychiatry*, 49(10), 1001-1010. https://doi.org/10.1016/j.jaac.2010.07.007;valid
thread_YRXsgiDyQyBdnIjF0GihPxMP;Zito, J. M., Safer, D. J., de Jong-van den Berg, L. T., Janhsen, K., Fegert, J. M., Gardner, J., ... & Doongaji, D. R. (2008). A three-country comparison of psychotropic medication prevalence in youth. *Child and Adolescent Psychiatry and Mental Health*, 2(1), 26. https://doi.org/10.1186/1753-2000-2-26;valid
thread_YRXsgiDyQyBdnIjF0GihPxMP;Cooper, W. O., Arbogast, P. G., Ding, H., Hickson, G. B., Fuchs, D. C., & Ray, W. A. (2006). Trends in prescribing of antipsychotic medications for US children. *Ambulatory Pediatrics*, 6(2), 79-84. https://doi.org/10.1016/j.ambp.2005.11.002;valid
thread_YRXsgiDyQyBdnIjF0GihPxMP;Patel, N. C., Sanchez, R. J., McKean, S., & Johnsrud, M. T. (2006). Off-label antipsychotic use in children across the United States. *Journal of Child and Adolescent Psychopharmacology*, 16(1-2), 149-156. https://doi.org/10.1089/cap.2006.16.149;not_found
thread_oNUPNgApm5tVdiY0ApozmTkU;Olfson, M., Blanco, C., Wang, S., Laje, G., & Correll, C. U. (2014). National trends in the mental health care of children, adolescents, and adults by office-based physicians. *JAMA Psychiatry, 71*(1), 81–90. https://doi.org/10.1001/jamapsychiatry.2013.3074;valid
thread_oNUPNgApm5tVdiY0ApozmTkU;Cooper, W. O., Hickson, G. B., Fuchs, C., Arbogast, P., & Ray, W. A. (2004). New users of antipsychotic medications among children enrolled in TennCare. *Archives of Pediatrics & Adolescent Medicine, 158*(8), 753–759. https://doi.org/10.1001/archpedi.158.8.753;valid
thread_oNUPNgApm5tVdiY0ApozmTkU;Crystal, S., Olfson, M., Huang, C., Pincus, H., & Gerhard, T. (2009). Broadened use of atypical antipsychotics: safety, effectiveness, and policy challenges. *Health Affairs, 28*(5), w770–w781. https://doi.org/10.1377/hlthaff.28.5.w770;valid
thread_oNUPNgApm5tVdiY0ApozmTkU;Comer, J. S., Olfson, M., & Mojtabai, R. (2010). National trends in child and adolescent psychotropic polypharmacy in office-based practice, 1996–2007. *Journal of the American Academy of Child & Adolescent Psychiatry, 49*(10), 1001–1010. https://doi.org/10.1016/j.jaac.2010.07.007;valid
thread_oNUPNgApm5tVdiY0ApozmTkU;Zito, J. M., Safer, D. J., de Jong-van den Berg, L. T., Gardner, J. F., Boles, M., & Lynch, F. (2008). A three-country comparison of psychotropic medication prevalence in youth. *Child and Adolescent Psychiatry and Mental Health, 2*(1), 26. https://doi.org/10.1186/1753-2000-2-26;valid
thread_9maY38KOyxnKcf8PzbS03AsN;Olfson, M., Blanco, C., Wang, S., Laje, G., & Correll, C. U. (2014). National trends in the mental health care of children, adolescents, and adults by office-based physicians. *JAMA Psychiatry*, 71(1), 81-90. https://doi.org/10.1001/jamapsychiatry.2013.3074;valid
thread_9maY38KOyxnKcf8PzbS03AsN;Comer, J. S., Olfson, M., & Mojtabai, R. (2010). National trends in child and adolescent psychotropic polypharmacy in office-based practice, 1996–2007. *Journal of the American Academy of Child & Adolescent Psychiatry*, 49(10), 1001-1010. https://doi.org/10.1016/j.jaac.2010.06.013;metadata_error
thread_9maY38KOyxnKcf8PzbS03AsN;Alexander, G. C., & Zuvekas, S. H. (2011). Trends in antipsychotic use in children and adolescents: 1996–2001. *Psychiatric Services*, 62(12), 1307-1312. https://doi.org/10.1176/ps.62.12.pss6212_1307;not_found
thread_9maY38KOyxnKcf8PzbS03AsN;Matone, M., Localio, R., Huang, Y. S., dosReis, S., Feudtner, C., & Rubin, D. M. (2012). The relationship between county-level psychiatric hospital bed capacity and child and adolescent psychiatric treatment rates. *Psychiatric Services*, 63(9), 889-895. https://doi.org/10.1176/appi.ps.201100505;metadata_error
thread_9maY38KOyxnKcf8PzbS03AsN;Crystal, S., Olfson, M., Huang, C., Pincus, H., & Gerhard, T. (2009). Broadened use of atypical antipsychotics: Safety, effectiveness, and policy challenges. *Health Affairs*, 28(5), w770-w781. https://doi.org/10.1377/hlthaff.28.5.w770;valid
thread_BgC9Jc9dn3Fw8wb5z9S1m2sV;Olfson, M., Blanco, C., Wang, S., Laje, G., & Correll, C. U. (2014). National trends in the mental health care of children, adolescents, and adults by office-based physicians. *JAMA Psychiatry, 71*(1), 81–90. https://doi.org/10.1001/jamapsychiatry.2013.3074;valid
thread_BgC9Jc9dn3Fw8wb5z9S1m2sV;Crystal, S., Olfson, M., Huang, C., Pincus, H., & Gerhard, T. (2009). Broadened use of atypical antipsychotics: Safety, effectiveness, and policy challenges. *Health Affairs, 28*(5), 770–781. https://doi.org/10.1377/hlthaff.28.5.w770;valid
thread_BgC9Jc9dn3Fw8wb5z9S1m2sV;Comer, J. S., Olfson, M., & Mojtabai, R. (2010). National trends in child and adolescent psychotropic polypharmacy in office-based practice, 1996–2007. *Journal of the American Academy of Child & Adolescent Psychiatry, 49*(10), 1001–1010. https://doi.org/10.1016/j.jaac.2010.07.007;valid
thread_BgC9Jc9dn3Fw8wb5z9S1m2sV;Zito, J. M., Safer, D. J., de Jong-van den Berg, L. T., Janhsen, K., Fegert, J. M., Gardner, J. F., ... & Dörfler, H. (2008). A three-country comparison of psychotropic medication prevalence in youth. *Child and Adolescent Psychiatry and Mental Health, 2*(1), 1-11. https://doi.org/10.1186/1753-2000-2-12;metadata_error
thread_BgC9Jc9dn3Fw8wb5z9S1m2sV;Matone, M., Localio, R., Huang, Y. S., Dosreis, S., Feudtner, C., & Rubin, D. M. (2012). The relationship between county-level psychiatric medication use and child welfare referrals. *Child Abuse & Neglect, 36*(7–8), 511–521. https://doi.org/10.1016/j.chiabu.2012.06.001;metadata_error
thread_mEC9Iunb8Ea9XFw4V4XgBmrM;Olfson, M., Blanco, C., Wang, S., Laje, G., & Correll, C. U. (2014). National trends in the mental health care of children, adolescents, and adults by office-based physicians. JAMA Psychiatry, 71(1), 81–90. https://doi.org/10.1001/jamapsychiatry.2013.3074;valid
thread_mEC9Iunb8Ea9XFw4V4XgBmrM;Zito, J. M., Safer, D. J., de Jong-van den Berg, L. T., Janhsen, K., Fegert, J. M., Gardner, J. F., Glaeske, G., & Valluri, S. C. (2008). A three-country comparison of psychotropic medication prevalence in youth. Child and Adolescent Psychiatry and Mental Health, 2(1), 26. https://doi.org/10.1186/1753-2000-2-26;valid
thread_mEC9Iunb8Ea9XFw4V4XgBmrM;Government Accountability Office. (2011). Foster children: HHS guidance could help states improve oversight of psychotropic prescriptions. Retrieved from https://www.gao.gov/assets/330/323553.pdf;valid
thread_mEC9Iunb8Ea9XFw4V4XgBmrM;Crystal, S., Olfson, M., Huang, C., Pincus, H. A., & Gerhard, T. (2009). Broadened use of atypical antipsychotics: Safety, effectiveness, and policy challenges. Health Affairs, 28(5), w770-w781. https://doi.org/10.1377/hlthaff.28.5.w770;valid
thread_mEC9Iunb8Ea9XFw4V4XgBmrM;Comer, J. S., Olfson, M., Mojtabai, R., & National Institute of Mental Health. (2010). Trends in child and adolescent psychotropic medication prescriptions. Psychiatric Services, 61(9), 817–825. https://doi.org/10.1176/ps.2010.61.9.817;not_found
thread_UVyuwBSUE0OWcu0wMnFRu4gy;Olfson, M., Blanco, C., Wang, S., Laje, G., & Correll, C. U. (2014). National trends in the mental health care of children, adolescents, and adults by office-based physicians. *JAMA Psychiatry, 71*(1), 81–90. https://doi.org/10.1001/jamapsychiatry.2013.3074;valid
thread_UVyuwBSUE0OWcu0wMnFRu4gy;Comer, J. S., Olfson, M., Mojtabai, R., & Blanco, C. (2010). National trends in the antipsychotic treatment of psychiatric outpatients with anxiety disorders. *American Journal of Psychiatry, 167*(12), 1438–1445. https://doi.org/10.1176/appi.ajp.2010.10040571;not_found
thread_UVyuwBSUE0OWcu0wMnFRu4gy;Cooper, W. O., Hickson, G. B., Fuchs, C., Arbogast, P. G., & Ray, W. A. (2004). New users of antipsychotic medications among children enrolled in TennCare. *Archives of Pediatrics & Adolescent Medicine, 158*(8), 753–759. https://doi.org/10.1001/archpedi.158.8.753;valid
thread_UVyuwBSUE0OWcu0wMnFRu4gy;Crystal, S., Olfson, M., Huang, C., Pincus, H. A., & Gerhard, T. (2009). Broadened use of atypical antipsychotics: Safety, effectiveness, and policy challenges. *Health Affairs, 28*(5), 770–781. https://doi.org/10.1377/hlthaff.28.5.w770;valid
thread_UVyuwBSUE0OWcu0wMnFRu4gy;Zito, J. M., Safer, D. J., deMartini, M., Gardner, J. F., Magder, L., Soeken, K., & Boles, M. (2003). Psychotropic practice patterns for youth: A 10-year perspective. *Archives of Pediatrics & Adolescent Medicine, 157*(1), 17–25. https://doi.org/10.1001/archpedi.157.1.17;valid
thread_XEuFPsEmgTuM3kXxD0ZsMptH;Olfson, M., Blanco, C., Wang, S., Laje, G., & Correll, C. U. (2014). National trends in the mental health care of children, adolescents, and adults by office-based physicians. *JAMA Psychiatry, 71*(1), 81-90. https://doi.org/10.1001/jamapsychiatry.2013.3074;valid
thread_XEuFPsEmgTuM3kXxD0ZsMptH;Crystal, S., Olfson, M., Huang, C., Pincus, H., & Gerhard, T. (2009). Broadened use of atypical antipsychotics: Safety, effectiveness, and policy challenges. *Health Affairs, 28*(5), 770-781. https://doi.org/10.1377/hlthaff.28.5.w770;valid
thread_XEuFPsEmgTuM3kXxD0ZsMptH;Comer, J. S., & Olfson, M. (2010). Trends in child and adolescent psychotropic polypharmacy in office-based practice. *Psychiatric Services, 61*(9), 813-819. https://doi.org/10.1176/ps.2010.61.9.813;not_found
thread_XEuFPsEmgTuM3kXxD0ZsMptH;Zito, J. M., Derivan, A. T., Kratochvil, C. J., & Fegert, J. M. (2008). Off-label psychopharmacologic prescribing for children: History supports close clinical monitoring. *Child and Adolescent Psychiatry and Mental Health, 2*(1), 24. https://doi.org/10.1186/1753-2000-2-24;valid
thread_XEuFPsEmgTuM3kXxD0ZsMptH;Cooper, W. O., Callahan, S. T., Shintani, A., & Fuchs, D. C. (2006). Antipsychotic medication use among children enrolled in TennCare. *Archives of Pediatrics & Adolescent Medicine, 160*(2), 211-216. https://doi.org/10.1001/archpedi.160.2.211;metadata_error
thread_DfvzID4jS0lLrXTv5tYcO27A;Olfson, M., Blanco, C., Wang, S., Laje, G., & Correll, C. U. (2014). National trends in the mental health care of children, adolescents, and adults by office-based physicians. JAMA Psychiatry, 71(1), 81–90. https://doi.org/10.1001/jamapsychiatry.2013.3074;valid
thread_DfvzID4jS0lLrXTv5tYcO27A;Cooper, W. O., Hickson, G. B., Fuchs, C., Arbogast, P. G., & Ray, W. A. (2004). New users of antipsychotic medications among children enrolled in TennCare. Archives of Pediatrics & Adolescent Medicine, 158(8), 753–759. https://doi.org/10.1001/archpedi.158.8.753;valid
thread_DfvzID4jS0lLrXTv5tYcO27A;Crystal, S., Olfson, M., Huang, C., Pincus, H., & Gerhard, T. (2009). Broadened use of atypical antipsychotics: Safety, effectiveness, and policy challenges. Health Affairs, 28(5), 770–781. https://doi.org/10.1377/hlthaff.28.5.770;not_found
thread_DfvzID4jS0lLrXTv5tYcO27A;Comer, J. S., Olfson, M., & Mojtabai, R. (2010). National trends in child and adolescent psychotropic polypharmacy in office-based practice, 1996–2007. Journal of the American Academy of Child & Adolescent Psychiatry, 49(10), 1001–1010. https://doi.org/10.1016/j.jaac.2010.07.007;valid
thread_DfvzID4jS0lLrXTv5tYcO27A;Zito, J. M., Safer, D. J., Gardner, J. F., Soeken, K., Boles, M., & Lynch, F. (2000). Psychotropic practice patterns for youth: A 10-year perspective. Archives of Pediatrics & Adolescent Medicine, 154(7), 625–631. https://doi.org/10.1001/archpedi.154.7.625;not_found
thread_d60kIFCNLdC2VaifqxjDvhBq;Cooper, W. O., Hickson, G. B., Fuchs, C., Arbogast, P., & Ray, W. A. (2004). New users of antipsychotic medications among children enrolled in TennCare. *Archives of Pediatrics & Adolescent Medicine, 158*(8), 753–759. https://doi.org/10.1001/archpedi.158.8.753;valid
thread_d60kIFCNLdC2VaifqxjDvhBq;Olfson, M., Blanco, C., Wang, S., Laje, G., & Correll, C. U. (2014). National trends in the mental health care of children, adolescents, and adults by office-based physicians. *JAMA Psychiatry, 71*(1), 81–90. https://doi.org/10.1001/jamapsychiatry.2013.3074;valid
thread_d60kIFCNLdC2VaifqxjDvhBq;Crystal, S., Olfson, M., Huang, C., Pincus, H. A., & Gerhard, T. (2009). Broadened use of atypical antipsychotics: Safety, effectiveness, and policy challenges. *Health Affairs, 28*(5), 770–781. https://doi.org/10.1377/hlthaff.28.5.w770;valid
thread_d60kIFCNLdC2VaifqxjDvhBq;Comer, J. S., Olfson, M., Mojtabai, R., & Blanco, C. (2010). National trends in the antipsychotic treatment of psychiatric outpatients with anxiety disorders. *American Journal of Psychiatry, 167*(10), 1240–1248. https://doi.org/10.1176/appi.ajp.2010.09060898;not_found
thread_d60kIFCNLdC2VaifqxjDvhBq;McKinney, C., & Renk, K. (2011). Atypical antipsychotic medications in the treatment of children and adolescents: Clinical, empirical, and developmental considerations. *Journal of Child and Family Studies, 20*(2), 124–135. https://doi.org/10.1007/s10826-010-9410-9;not_found
thread_OGb3ZMQgCSRWKdJBBr0lHzON;Olfson, M., Blanco, C., Wang, S., Laje, G., & Correll, C. U. (2014). National trends in the mental health care of children, adolescents, and adults by office-based physicians. JAMA Psychiatry, 71(1), 81–90. https://doi.org/10.1001/jamapsychiatry.2013.3074;valid
thread_OGb3ZMQgCSRWKdJBBr0lHzON;Cooper, W. O., Hickson, G. B., Fuchs, C., Arbogast, P., & Ray, W. A. (2004). New users of antipsychotic medications among children enrolled in TennCare. Archives of Pediatrics & Adolescent Medicine, 158(8), 753–759. https://doi.org/10.1001/archpedi.158.8.753;valid
thread_OGb3ZMQgCSRWKdJBBr0lHzON;Matone, M., Localio, R., Huang, Y. S., dosReis, S., Feudtner, C., & Rubin, D. M. (2012). The relationship between county-level psychiatric medication use and Medicaid-enrolled children's mental health service utilization. Journal of Child and Adolescent Psychopharmacology, 22(2), 123–129. https://doi.org/10.1089/cap.2011.0076;metadata_error
thread_OGb3ZMQgCSRWKdJBBr0lHzON;Zito, J. M., Safer, D. J., deMartino, M., Gardner, J. F., Magder, L., Soeken, K., ... & Finnerty, M. T. (2003). A three-country comparison of psychotropic medication prevalence in youth. Child and Adolescent Psychiatry and Mental Health, 42(5), 641–650. https://doi.org/10.1097/00004583-200305000-00008;not_found
thread_OGb3ZMQgCSRWKdJBBr0lHzON;Crystal, S., Olfson, M., Huang, C., Pincus, H., & Gerhard, T. (2009). Broadened use of atypical antipsychotics: Safety, effectiveness, and policy challenges. Health Affairs, 28(5), 770–781. https://doi.org/10.1377/hlthaff.28.5.770;not_found
thread_dDaR9j3ckPOd4NC6u6qB4RQB;Olfson, M., Blanco, C., Wang, S., Laje, G., & Correll, C. U. (2014). National trends in the mental health care of children, adolescents, and adults by office-based physicians. JAMA Psychiatry, 71(1), 81–90. https://doi.org/10.1001/jamapsychiatry.2013.3074;valid
thread_dDaR9j3ckPOd4NC6u6qB4RQB;Crystal, S., Olfson, M., Huang, C., Pincus, H., & Gerhard, T. (2009). Broadened use of atypical antipsychotics: Safety, effectiveness, and policy challenges. Health Affairs, 28(5), 770-781. https://doi.org/10.1377/hlthaff.28.5.w770;valid
thread_dDaR9j3ckPOd4NC6u6qB4RQB;Comer, J. S., & Olfson, M. (2010). Trends in child and adolescent mental health care: Prescription psychotropic drugs and mental health counseling. Psychiatric Services, 61(8), 829–837. https://doi.org/10.1176/ps.2010.61.8.829;not_found
thread_dDaR9j3ckPOd4NC6u6qB4RQB;Government Accountability Office. (2011). Children’s mental health: Concerns remain about appropriate services for children in Medicaid and foster care. GAO-12-270T. Retrieved from https://www.gao.gov;valid
thread_dDaR9j3ckPOd4NC6u6qB4RQB;Mandell, D. S., Morales, K. H., Marcus, S. C., Stahmer, A. C., & Doshi, J. (2008). Psychotropic medication use among Medicaid-enrolled children with autism spectrum disorders. Pediatrics, 121(3), e441–e448. https://doi.org/10.1542/peds.2007-0984;valid
thread_KagAtsyIg2c88RxdYUKN4Cfo;Olfson, M., Blanco, C., Wang, S., Laje, G., & Correll, C. U. (2014). National trends in the mental health care of children, adolescents, and adults by office-based physicians. JAMA Psychiatry, 71(1), 81-90. https://doi.org/10.1001/jamapsychiatry.2013.3074;valid
thread_KagAtsyIg2c88RxdYUKN4Cfo;Comer, J. S., & Olfson, M. (2010). National trends in child and adolescent psychotropic polypharmacy in office-based practice. Psychiatric Services, 61(12), 1241-1247. https://doi.org/10.1176/ps.2010.61.12.1241;not_found
thread_KagAtsyIg2c88RxdYUKN4Cfo;Crystal, S., Olfson, M., Huang, C., Pincus, H., & Gerhard, T. (2009). Broadened use of atypical antipsychotics: Safety, effectiveness, and policy challenges. Health Affairs, 28(5), w770-w781. https://doi.org/10.1377/hlthaff.28.5.w770;valid
thread_KagAtsyIg2c88RxdYUKN4Cfo;Zito, J. M., Safer, D. J., de Jong-van den Berg, L. T. W., et al. (2008). A three-country comparison of psychotropic medication prevalence in youth. Child and Adolescent Psychiatry and Mental Health, 2(1), 26. https://doi.org/10.1186/1753-2000-2-26;valid
thread_KagAtsyIg2c88RxdYUKN4Cfo;Hunkeler, E., Fireman, B., Lee, J., et al. (2005). Trends in use of antipsychotic medications among youths. Psychiatric Services, 56(4), 453-459. https://doi.org/10.1176/appi.ps.56.4.453;not_found
thread_KMzA1fnvvJohSbTYJ3jKtqUS;Olfson, M., Blanco, C., Wang, S., Laje, G., & Correll, C. U. (2014). National trends in the mental health care of children, adolescents, and adults by office-based physicians. *JAMA Psychiatry, 71*(1), 81-90. https://doi.org/10.1001/jamapsychiatry.2013.3074;valid
thread_KMzA1fnvvJohSbTYJ3jKtqUS;Alexander, G. C., Gallagher, S. A., Mascola, A., Moloney, R. M., & Stafford, R. S. (2011). Increasing off-label use of antipsychotic medications in children and adolescents: A national trend analysis. *Archives of Pediatrics & Adolescent Medicine, 165*(3), 224-228. https://doi.org/10.1001/archpediatrics.2010.259;not_found
thread_KMzA1fnvvJohSbTYJ3jKtqUS;Comer, J. S., Olfson, M., & Mojtabai, R. (2010). National trends in child and adolescent psychotropic polypharmacy in office-based practice, 1996–2007. *Journal of the American Academy of Child & Adolescent Psychiatry, 49*(10), 1001-1010. https://doi.org/10.1016/j.jaac.2010.07.007;valid
thread_KMzA1fnvvJohSbTYJ3jKtqUS;Zito, J. M., Safer, D. J., deMartinez, J., Gardner, J. F., & Sozmen, K. (2008). Psychotropic medication patterns among youth in foster care. *Pediatrics, 121*(1), e157-e163. https://doi.org/10.1542/peds.2007-2022;not_found
thread_KMzA1fnvvJohSbTYJ3jKtqUS;Olfson, M., Blanco, C., Wang, S., Laje, G., & Correll, C. U. (2012). Antipsychotic treatment of youth in the United States. *Journal of the American Academy of Child & Adolescent Psychiatry, 51*(9), 934-943. https://doi.org/10.1016/j.jaac.2012.05.007;metadata_error
thread_II30di3RaED2BubAOVsMaMxk;Cajochen, C., Frey, S., Anders, D., Spät, J., & Kräuchi, K. (2011). Evening exposure to a light-emitting diodes (LED)-backlit computer screen affects circadian physiology and cognitive performance. *Journal of Applied Physiology*, *110*(5), 1432-1438. https://doi.org/10.1152/japplphysiol.00165.2011;valid
thread_II30di3RaED2BubAOVsMaMxk;Chang, A. M., Aeschbach, D., Duffy, J. F., & Czeisler, C. A. (2015). Evening use of light-emitting eReaders negatively affects sleep, circadian timing, and next-morning alertness. *Proceedings of the National Academy of Sciences*, *112*(4), 1232-1237. https://doi.org/10.1073/pnas.1418490112;metadata_error
thread_II30di3RaED2BubAOVsMaMxk;Touitou, Y., Touitou, D., & Reinberg, A. (2016). Disruption of adolescents’ circadian clock: The vicious circle of media use, exposure to light at night, sleep loss, and risk behaviors. *Journal of Adolescence*, *52*, 136-146. https://doi.org/10.1016/j.adolescence.2016.08.007;metadata_error
thread_II30di3RaED2BubAOVsMaMxk;Wahl, S., Engelhardt, M., Schaupp, P., Lappe, C., & Ivanov, I. V. (2019). The inner clock—Blue light sets the human rhythm. *Journal of Biophotonics*, *12*(12), e201900102. https://doi.org/10.1002/jbio.201900102;valid
thread_II30di3RaED2BubAOVsMaMxk;Wood, B., Rea, M., Plitnick, B., & Figueiro, M. G. (2013). Light level and duration of exposure determine the impact of self-luminous tablets on melatonin suppression. *Applied Ergonomics*, *44*(2), 237-240. https://doi.org/10.1016/j.apergo.2012.07.008;valid
thread_NSzX2wPznfV6NMUrDedbVom5;Cain, N., & Gradisar, M. (2010). Electronic media use and sleep in school-aged children and adolescents: A review. Sleep Medicine, 11(8), 735–742. https://doi.org/10.1016/j.sleep.2010.02.006;valid
thread_NSzX2wPznfV6NMUrDedbVom5;Chang, A. M., Aeschbach, D., Duffy, J. F., & Czeisler, C. A. (2015). Evening use of light-emitting eReaders negatively affects sleep, circadian timing, and next-morning alertness. Proceedings of the National Academy of Sciences, 112(4), 1232–1237. https://doi.org/10.1073/pnas.1418490112;metadata_error
thread_NSzX2wPznfV6NMUrDedbVom5;Falbe, J., Davison, K. K., Franckle, R. L., Ganter, C., Gortmaker, S. L., Smith, L., & Taveras, E. M. (2015). Sleep duration and obesity in children and adolescents: A meta-analysis. Obesity, 23(2), 247–256. https://doi.org/10.1002/oby.20956;metadata_error
thread_NSzX2wPznfV6NMUrDedbVom5;Touitou, Y., Touitou, D., & Reinberg, A. (2016). Disruption of the circadian system by environmental factors: Effects of electric lighting and electronic devices. Chronobiology International, 33(4), 453–467. https://doi.org/10.3109/07420528.2016.1149190;metadata_error
thread_NSzX2wPznfV6NMUrDedbVom5;van der Lely, S., Frey, S., Garbazza, C., Wirz-Justice, A., Jenni, O. G., Steiner, R., & Schmidt, C. (2015). Blue blocker glasses as a countermeasure for alerting effects of evening light-emitting diode screen exposure in young teenagers. Journal of Adolescence, 45, 55–61. https://doi.org/10.1016/j.adolescence.2015.09.004;metadata_error
thread_3NSmcc8WR0y1BZM7L0TySzDA;Chang, A. M., Aeschbach, D., Duffy, J. F., & Czeisler, C. A. (2015). Evening use of light-emitting eReaders negatively affects sleep, circadian timing, and next-morning alertness. *Proceedings of the National Academy of Sciences, 112*(4), 1232-1237. https://doi.org/10.1073/pnas.1418490112;metadata_error
thread_3NSmcc8WR0y1BZM7L0TySzDA;Cheung, C. H. M., Bedford, R., Saez De Urabain, I. R., Karmiloff-Smith, A., & Smith, T. J. (2017). Daily touchscreen use in infants and toddlers is associated with reduced sleep and delayed sleep onset. *Scientific Reports, 7*(1), 46104. https://doi.org/10.1038/srep46104;valid
thread_3NSmcc8WR0y1BZM7L0TySzDA;Higuchi, S., Motohashi, Y., Liu, Y., & Maeda, A. (2005). Effects of VDT tasks with a bright display on melatonin levels in saliva. *American Journal of Industrial Medicine, 48*(2), 142-147. https://doi.org/10.1002/ajim.20207;metadata_error
thread_3NSmcc8WR0y1BZM7L0TySzDA;Hale, L., & Guan, S. (2015). Screen time and sleep among school-aged children and adolescents: A systematic literature review. *Sleep Medicine Reviews, 21,* 50-58. https://doi.org/10.1016/j.smrv.2014.07.007;valid
thread_3NSmcc8WR0y1BZM7L0TySzDA;Touitou, Y., Touitou, D., & Reinberg, A. (2017). Disruption of the circadian system by environmental factors: Effects of electric lighting and screen exposure. *Chronobiology International, 34*(5), 653-665. https://doi.org/10.1080/07420528.2017.1298670;not_found
thread_OOIZUVFmYgsVpXJn9GV0n8HI;Cain, N., & Gradisar, M. (2010). Electronic media use and sleep in school-aged children and adolescents: A review. Sleep Medicine, 11(8), 735-742. https://doi.org/10.1016/j.sleep.2010.02.006;valid
thread_OOIZUVFmYgsVpXJn9GV0n8HI;Cajochen, C., Frey, S., Anders, D., Späti, J., Bues, M., Pross, A., & Krstic, D. (2011). Evening exposure to a light-emitting diodes (LED)-backlit computer screen affects circadian physiology and cognitive performance. Journal of Applied Physiology, 110(5), 1432-1438. https://doi.org/10.1152/japplphysiol.00165.2011;valid
thread_OOIZUVFmYgsVpXJn9GV0n8HI;Hale, L., & Guan, S. (2015). Screen time and sleep among school-aged children and adolescents: A systematic literature review. Sleep Medicine Reviews, 21, 50-58. https://doi.org/10.1016/j.smrv.2014.07.007;valid
thread_OOIZUVFmYgsVpXJn9GV0n8HI;Touitou, Y., Touitou, D., & Reinberg, A. (2017). Disruption of adolescents' circadian clock: The vicious circle of media use, exposure to light at night, sleep loss, and risk behaviors. Journal of Clinical Sleep Medicine, 13(7), 939-946. https://doi.org/10.5664/jcsm.6706;metadata_error
thread_OOIZUVFmYgsVpXJn9GV0n8HI;van der Lely, S., Frey, S., Garbazza, C., Wirz-Justice, A., Jenni, O. G., Steiner, R., ... & Schmidt, C. (2015). Blue blocker glasses as a countermeasure for alerting effects of evening light-emitting diode screen exposure in male teenagers. Journal of Adolescent Health, 56(1), 113-119. https://doi.org/10.1016/j.jadohealth.2014.08.017;metadata_error
thread_0qnIYB9Vc3Imww0gvtSBuv0G;Cain, N., & Gradisar, M. (2010). Electronic media use and sleep in school-aged children and adolescents: A review. Sleep Medicine, 11(8), 735-742. https://doi.org/10.1016/j.sleep.2010.02.006;valid
thread_0qnIYB9Vc3Imww0gvtSBuv0G;Chang, A. M., Aeschbach, D., Duffy, J. F., & Czeisler, C. A. (2015). Evening use of light-emitting eReaders negatively affects sleep, circadian timing, and next-morning alertness. Proceedings of the National Academy of Sciences, 112(4), 1232-1237. https://doi.org/10.1073/pnas.1418490112;metadata_error
thread_0qnIYB9Vc3Imww0gvtSBuv0G;Keyes, K. M., Maslowsky, J., Hamilton, A., & Schulenberg, J. (2015). The great sleep recession: Changes in sleep duration among US adolescents, 1991–2012. Pediatrics, 135(3), 460-468. https://doi.org/10.1542/peds.2014-2707;valid
thread_0qnIYB9Vc3Imww0gvtSBuv0G;Touitou, Y., Touitou, D., & Reinberg, A. (2016). Disruption of adolescents' circadian clock: The vicious circle of media use, exposure to light at night, sleep loss, and risk behaviors. Journal of Adolescence, 61, 55-59. https://doi.org/10.1016/j.adolescence.2017.08.003;metadata_error
thread_0qnIYB9Vc3Imww0gvtSBuv0G;Wahl, S., Engelhardt, M., Schaupp, P., Lappe, C., & Ivanov, I. V. (2019). The impact of light on melatonin secretion, sleep, and circadian rhythm. Sleep Medicine Reviews, 43, 58-68. https://doi.org/10.1016/j.smrv.2018.10.004;metadata_error
thread_VwAKKXpMhGi6FIOs8KQHHlVz;Cain, N., & Gradisar, M. (2010). Electronic media use and sleep in school-aged children and adolescents: A review. *Sleep Medicine*, *11*(8), 735–742. https://doi.org/10.1016/j.sleep.2010.02.006;valid
thread_VwAKKXpMhGi6FIOs8KQHHlVz;Cajochen, C., Frey, S., Anders, D., Späti, J., Bues, M., Pross, A., & Stefani, O. (2011). Evening exposure to a light-emitting diodes (LED)-backlit computer screen affects circadian physiology and cognitive performance. *Journal of Applied Physiology*, *110*(5), 1432–1438. https://doi.org/10.1152/japplphysiol.00165.2011;valid
thread_VwAKKXpMhGi6FIOs8KQHHlVz;Falbe, J., Davison, K. K., Franckle, R. L., Ganter, C., Gortmaker, S. L., Smith, L., & Taveras, E. M. (2015). Sleep duration, restfulness, and screens in the sleep environment. *Pediatrics*, *135*(2), e367–e375. https://doi.org/10.1542/peds.2014-2306;valid
thread_VwAKKXpMhGi6FIOs8KQHHlVz;Hale, L., & Guan, S. (2015). Screen time and sleep among school-aged children and adolescents: A systematic literature review. *Sleep Medicine Reviews*, *21*, 50–58. https://doi.org/10.1016/j.smrv.2014.07.007;valid
thread_VwAKKXpMhGi6FIOs8KQHHlVz;Levenson, J. C., Shensa, A., Sidani, J. E., Colditz, J. B., & Primack, B. A. (2017). The association between social media use and sleep disturbance among young adults. *Preventive Medicine*, *95*, 36–41. https://doi.org/10.1016/j.ypmed.2016.11.017;metadata_error
thread_VN6mivYpXRdWts9vS5iYOLBV;Gradisar, M., Wolfson, A. R., Harvey, A., Hale, L., Rosenberg, R., & Czeisler, C. A. (2013). The impact of technology on sleep and children’s well-being. Sleep Medicine Clinics, 8(4), 113-125. https://doi.org/10.1016/j.jsmc.2013.10.007;metadata_error
thread_VN6mivYpXRdWts9vS5iYOLBV;Cain, N., & Gradisar, M. (2010). Electronic media use and sleep in school-aged children and adolescents: A review. Sleep Medicine, 11(8), 735-742. https://doi.org/10.1016/j.sleep.2010.02.006;valid
thread_VN6mivYpXRdWts9vS5iYOLBV;Chang, A.-M., Aeschbach, D., Duffy, J. F., & Czeisler, C. A. (2015). Evening use of light-emitting eReaders negatively affects sleep, circadian timing, and next-morning alertness. Proceedings of the National Academy of Sciences, 112(4), 1232-1237. https://doi.org/10.1073/pnas.1418490112;metadata_error
thread_VN6mivYpXRdWts9vS5iYOLBV;van der Lely, S., Frey, S., Garbazza, C., Wirz-Justice, A., Jenni, O. G., Steiner, R., & Schmidt, C. (2015). Blue blocker glasses as a countermeasure for alerting effects of evening light-emitting diode screen exposure in teenagers. Journal of Adolescent Health, 56(1), 113-119. https://doi.org/10.1016/j.jadohealth.2014.08.002;valid
thread_VN6mivYpXRdWts9vS5iYOLBV;Hale, L., & Guan, S. (2015). Screen time and sleep among school-aged children and adolescents: A systematic literature review. Sleep Medicine Reviews, 21, 50-58. https://doi.org/10.1016/j.smrv.2014.07.007;valid
thread_OHSnDoAM0JPKhCMwSVaI5gst;Cajochen, C., Frey, S., Anders, D., Späti, J., Bues, M., Pross, A., & Münch, M. (2011). Evening exposure to a light-emitting diodes (LED)-backlit computer screen affects circadian physiology and cognitive performance. *Journal of Applied Physiology, 110*(5), 1432-1438. https://doi.org/10.1152/japplphysiol.00165.2011;valid
thread_OHSnDoAM0JPKhCMwSVaI5gst;Hagan, J., Shaw, M., & Duncan, M. (2021). Impact of evening screen time on sleep in children and adolescents: A systematic review. *Sleep Health, 7*(2), 117-125. https://doi.org/10.1016/j.jpsychores.2021.09.002;not_found
thread_OHSnDoAM0JPKhCMwSVaI5gst;Chang, A. M., Aeschbach, D., Duffy, J. F., & Czeisler, C. A. (2015). Evening use of light-emitting eReaders negatively affects sleep, circadian timing, and next-morning alertness. *Proceedings of the National Academy of Sciences, 112*(4), 1232-1237. https://doi.org/10.1073/pnas.1418490112;metadata_error
thread_OHSnDoAM0JPKhCMwSVaI5gst;Leung, L., & Griffiths, M. D. (2019). A systematic review of adolescent sleep patterns and screen time: Implications for youth mental health. *International Journal of Environmental Research and Public Health, 16*(10), 1738. https://doi.org/10.3390/ijerph16101738;metadata_error
thread_OHSnDoAM0JPKhCMwSVaI5gst;Falbe, J., Davison, K. K., Franckle, R. L., & Gortmaker, S. L. (2015). Sleep duration and screen time in relation to children’s health behaviors. *Journal of Pediatrics, 167*(4), 911-916. https://doi.org/10.1016/j.jpeds.2015.07.050;metadata_error
thread_55Q2eapjNQdvUidNmfWkdLTS;Cain, N., & Gradisar, M. (2010). Electronic media use and sleep in school-aged children and adolescents: A review. *Sleep Medicine*, *11*(8), 735-742. https://doi.org/10.1016/j.sleep.2010.02.006;valid
thread_55Q2eapjNQdvUidNmfWkdLTS;van den Bulck, J. (2007). Adolescent use of mobile phones for calling and for sending text messages after lights out: Results from a cohort study. *Sleep*, *30*(9), 1220-1223. https://doi.org/10.1093/sleep/30.9.1220;metadata_error
thread_55Q2eapjNQdvUidNmfWkdLTS;Chang, A. M., Aeschbach, D., Duffy, J. F., & Czeisler, C. A. (2015). Evening use of light-emitting eReaders negatively affects sleep, circadian timing, and next-morning alertness. *Proceedings of the National Academy of Sciences*, *112*(4), 1232-1237. https://doi.org/10.1073/pnas.1418490112;metadata_error
thread_55Q2eapjNQdvUidNmfWkdLTS;Hale, L., & Guan, S. (2015). Screen time and sleep among school-aged children and adolescents: A systematic literature review. *Sleep Medicine Reviews*, *21*, 50-58. https://doi.org/10.1016/j.smrv.2014.07.007;valid
thread_55Q2eapjNQdvUidNmfWkdLTS;Touitou, Y., Touitou, D., & Reinberg, A. (2017). Disruption of adolescents' circadian clock: The vicious circle of media use, exposure to light at night, sleep loss, and risk behaviors. *Journal of Clinical Sleep Medicine*, *13*(7), 939-946. https://doi.org/10.5664/jcsm.6694;metadata_error
thread_DALZGY7E1CFVa8WDqCIVWfhv;Cheung, C. H. M., Bedford, R., Saez De Urabain, I. R., Karmiloff-Smith, A., & Smith, T. J. (2017). Daily touchscreen use in infants and toddlers is associated with reduced sleep and delayed sleep onset. *Scientific Reports, 7*(1), 46104. https://doi.org/10.1038/srep46104;valid
thread_DALZGY7E1CFVa8WDqCIVWfhv;Cain, N., & Gradisar, M. (2010). Electronic media use and sleep in school-aged children and adolescents: A review. *Sleep Medicine, 11*(8), 735-742. https://doi.org/10.1016/j.sleep.2010.02.006;valid
thread_DALZGY7E1CFVa8WDqCIVWfhv;Falbe, J., Davison, K. K., Franckle, R. L., & Gortmaker, S. L. (2015). Sleep duration, restfulness, and screens in the sleep environment. *Pediatrics, 135*(2), e367-e375. https://doi.org/10.1542/peds.2014-2306;valid
thread_DALZGY7E1CFVa8WDqCIVWfhv;Chang, A. M., Aeschbach, D., Duffy, J. F., & Czeisler, C. A. (2015). Evening use of light-emitting eReaders negatively affects sleep, circadian timing, and next-morning alertness. *Proceedings of the National Academy of Sciences, 112*(4), 1232-1237. https://doi.org/10.1073/pnas.1418490112;metadata_error
thread_DALZGY7E1CFVa8WDqCIVWfhv;Higuchi, S., Motohashi, Y., Liu, Y., & Maeda, A. (2003). Effects of VDT tasks with a bright display on nocturnal melatonin secretion. *Journal of Applied Physiology, 94*(5), 1773-1776. https://doi.org/10.1152/japplphysiol.00616.2002;valid
thread_chBRSn0DgXrbX7ahWRhUtoCW;Cain, N., & Gradisar, M. (2010). Electronic media use and sleep in school-aged children and adolescents: A review. *Sleep Medicine*, 11(8), 735-742. https://doi.org/10.1016/j.sleep.2010.02.006  ;not_found
thread_chBRSn0DgXrbX7ahWRhUtoCW;van den Bulck, J. (2004). Television viewing, computer game playing, and Internet use and self-reported bedtime and time out of bed in secondary-school children. *Sleep*, 27(1), 101-104. https://doi.org/10.1093/sleep/27.1.101  ;not_found
thread_chBRSn0DgXrbX7ahWRhUtoCW;Higuchi, S., Motohashi, Y., Liu, Y., & Maeda, A. (2005). Effects of VDT tasks with a bright display on melatonin levels in saliva. *American Journal of Industrial Medicine*, 48(2), 142-147. https://doi.org/10.1002/ajim.20207  ;not_found
thread_chBRSn0DgXrbX7ahWRhUtoCW;Cajochen, C., Frey, S., Anders, D., SpÃ¤ti, J., Bues, M., Pross, A., & Stefani, O. (2011). Evening exposure to a light-emitting diodes (LED)-backlit computer screen affects circadian physiology and cognitive performance. *Journal of Applied Physiology*, 110(5), 1432-1438. https://doi.org/10.1152/japplphysiol.00165.2011  ;not_found
thread_chBRSn0DgXrbX7ahWRhUtoCW;Touitou, Y., Touitou, D., & Reinberg, A. (2017). Disruption of adolescents' circadian clock: The vicious circle of media use, exposure to light at night, sleep loss, and risk behaviors. *Journal of Clinical Sleep Medicine*, 13(11), 1199-1209. https://doi.org/10.5664/jcsm.6822;not_found
thread_dBEZDhS1WnUoUz6QPVkfW7ab;Cain, N., & Gradisar, M. (2010). Electronic media use and sleep in school-aged children and adolescents: A review. *Sleep Medicine*, 11(8), 735–742. https://doi.org/10.1016/j.sleep.2010.02.006;valid
thread_dBEZDhS1WnUoUz6QPVkfW7ab;Cajochen, C., Frey, S., Anders, D., Späti, J., Bues, M., Pross, A., ... & Stefani, O. (2011). Evening exposure to a light-emitting diodes (LED)-backlit computer screen affects circadian physiology and cognitive performance. *Journal of Applied Physiology*, 110(5), 1432–1438. https://doi.org/10.1152/japplphysiol.00165.2011;valid
thread_dBEZDhS1WnUoUz6QPVkfW7ab;Higuchi, S., Motohashi, Y., Liu, Y., & Maeda, A. (2003). Effects of VDT tasks with a bright display on melatonin levels in saliva. *American Journal of Industrial Medicine*, 44(6), 691–692. https://doi.org/10.1002/ajim.10286;metadata_error
thread_dBEZDhS1WnUoUz6QPVkfW7ab;Chang, A. M., Aeschbach, D., Duffy, J. F., & Czeisler, C. A. (2015). Evening use of light-emitting eReaders negatively affects sleep, circadian timing, and next-morning alertness. *Proceedings of the National Academy of Sciences*, 112(4), 1232–1237. https://doi.org/10.1073/pnas.1418490112;metadata_error
thread_dBEZDhS1WnUoUz6QPVkfW7ab;Falbe, J., Davison, K. K., Franckle, R. L., Ganter, C., Gortmaker, S. L., Smith, L., & Taveras, E. M. (2015). Sleep duration, restfulness, and screens in the sleep environment. *Pediatrics*, 135(2), e367–e375. https://doi.org/10.1542/peds.2014-2306;valid
thread_gfVfk1UoBjAjEeKcqzatuWvm;Carskadon, M. A. (2011). Sleep in adolescents: The perfect storm. Pediatric Clinics of North America, 58(3), 637-647. https://doi.org/10.1016/j.pcl.2011.03.003;valid
thread_gfVfk1UoBjAjEeKcqzatuWvm;Cajochen, C., Frey, S., Anders, D., Späti, J., Bues, M., Pross, A., & Wirz-Justice, A. (2011). Evening exposure to a light-emitting diodes (LED)-backlit computer screen affects circadian physiology and cognitive performance. Journal of Applied Physiology, 110(5), 1432-1438. https://doi.org/10.1152/japplphysiol.00165.2011;valid
thread_gfVfk1UoBjAjEeKcqzatuWvm;Chang, A. M., Aeschbach, D., Duffy, J. F., & Czeisler, C. A. (2015). Evening use of light-emitting eReaders negatively affects sleep, circadian timing, and next-morning alertness. Proceedings of the National Academy of Sciences, 112(4), 1232-1237. https://doi.org/10.1073/pnas.1418490112;metadata_error
thread_gfVfk1UoBjAjEeKcqzatuWvm;Hale, L., & Guan, S. (2015). Screen time and sleep among school-aged children and adolescents: A systematic literature review. Sleep Medicine Reviews, 21, 50-58. https://doi.org/10.1016/j.smrv.2014.07.007;valid
thread_gfVfk1UoBjAjEeKcqzatuWvm;Touitou, Y., Touitou, D., & Reinberg, A. (2017). Disruption of adolescents' circadian clock due to digital screen exposure: A clinical review. International Journal of Molecular Sciences, 18(4), 920. https://doi.org/10.3390/ijms18040920;not_found
thread_UTB3WrgZPe7Hw3kySlzrEJnm;Cain, N., & Gradisar, M. (2010). Electronic media use and sleep in school-aged children and adolescents: A review. *Sleep Medicine*, 11(8), 735–742. https://doi.org/10.1016/j.sleep.2010.02.006;valid
thread_UTB3WrgZPe7Hw3kySlzrEJnm;Chang, A. M., Aeschbach, D., Duffy, J. F., & Czeisler, C. A. (2015). Evening use of light-emitting eReaders negatively affects sleep, circadian timing, and next-morning alertness. *Proceedings of the National Academy of Sciences*, 112(4), 1232–1237. https://doi.org/10.1073/pnas.1418490112;metadata_error
thread_UTB3WrgZPe7Hw3kySlzrEJnm;Falbe, J., Davison, K. K., Franckle, R. L., Ganter, C., Gortmaker, S. L., Smith, L., & Taveras, E. M. (2015). Sleep duration, restfulness, and screens in the sleep environment. *Pediatrics*, 135(2), e367–e375. https://doi.org/10.1542/peds.2014-2306;valid
thread_UTB3WrgZPe7Hw3kySlzrEJnm;Cheung, C. H. M., Bedford, R., Saez De Urabain, I. R., Karmiloff-Smith, A., & Smith, T. J. (2017). Daily touchscreen use in infants and toddlers is associated with reduced sleep and delayed sleep onset. *Scientific Reports*, 7(1), 46104. https://doi.org/10.1038/srep46104;valid
thread_UTB3WrgZPe7Hw3kySlzrEJnm;Hale, L., & Guan, S. (2015). Screen time and sleep among school-aged children and adolescents: A systematic literature review. *Sleep Medicine Reviews*, 21, 50–58. https://doi.org/10.1016/j.smrv.2014.07.007;valid
thread_MIJKEFntzfEhYdZ5u3GgZLGS;Cain, N., & Gradisar, M. (2010). Electronic media use and sleep in school-aged children and adolescents: A review. Sleep Medicine, 11(8), 735-742. https://doi.org/10.1016/j.sleep.2010.02.006;valid
thread_MIJKEFntzfEhYdZ5u3GgZLGS;Cajochen, C., Frey, S., Anders, D., Späti, J., Bues, M., Pross, A., & Wirz-Justice, A. (2011). Evening exposure to a light-emitting diode (LED)-backlit computer screen affects circadian physiology and cognitive performance. Journal of Applied Physiology, 110(5), 1432-1438. https://doi.org/10.1152/japplphysiol.00165.2011;valid
thread_MIJKEFntzfEhYdZ5u3GgZLGS;Chang, A. M., Aeschbach, D., Duffy, J. F., & Czeisler, C. A. (2015). Evening use of light-emitting eReaders negatively affects sleep, circadian timing, and next-morning alertness. Proceedings of the National Academy of Sciences, 112(4), 1232-1237. https://doi.org/10.1073/pnas.1418490112;metadata_error
thread_MIJKEFntzfEhYdZ5u3GgZLGS;Arora, T., Broglia, E., Thomas, G. N., & Taheri, S. (2014). Associations between specific technologies and adolescent sleep quantity, sleep quality, and parasomnias. Sleep Medicine, 15(2), 240-247. https://doi.org/10.1016/j.sleep.2013.08.799;valid
thread_MIJKEFntzfEhYdZ5u3GgZLGS;Hale, L., & Guan, S. (2015). Screen time and sleep among school-aged children and adolescents: A systematic literature review. Sleep Medicine Reviews, 21, 50-58. https://doi.org/10.1016/j.smrv.2014.07.007;valid
thread_R5gzNTToZwiUnW1gb1QOyFc0;Chang, A. M., Aeschbach, D., Duffy, J. F., & Czeisler, C. A. (2015). Evening use of light-emitting eReaders negatively affects sleep, circadian timing, and next-morning alertness. *Proceedings of the National Academy of Sciences, 112*(4), 1232-1237. https://doi.org/10.1073/pnas.1418490112;metadata_error
thread_R5gzNTToZwiUnW1gb1QOyFc0;Arora, T., Broglia, E., Thomas, G. N., & Taheri, S. (2014). Associations between specific technologies and adolescent sleep quantity, sleep quality, and parasomnias. *Sleep Medicine, 15*(2), 240-247. https://doi.org/10.1016/j.sleep.2013.08.799;valid
thread_R5gzNTToZwiUnW1gb1QOyFc0;Cain, N., & Gradisar, M. (2010). Electronic media use and sleep in school-aged children and adolescents: A review. *Sleep Medicine, 11*(8), 735-742. https://doi.org/10.1016/j.sleep.2010.02.006;valid
thread_R5gzNTToZwiUnW1gb1QOyFc0;Hale, L., & Guan, S. (2015). Screen time and sleep among school-aged children and adolescents: A systematic literature review. *Sleep Medicine Reviews, 21*, 50-58. https://doi.org/10.1016/j.smrv.2014.07.007;valid
thread_R5gzNTToZwiUnW1gb1QOyFc0;van der Lely, S., Frey, S., Garbazza, C., Wirz-Justice, A., Jenni, O. G., Steiner, R., & Wolf, S. (2015). Blue blocker glasses as a countermeasure for alerting effects of evening light-emitting diode screen exposure in young teenagers. *Journal of Adolescent Health, 56*(1), 113-119. https://doi.org/10.1016/j.jadohealth.2014.08.002;valid
thread_BoIxrsQy8f42Xdt2FKRTMdLV;Cajochen, C., Frey, S., Anders, D., Späti, J., Bues, M., Pross, A., ... & Stefani, O. (2011). Evening exposure to a light-emitting diodes (LED)-backlit computer screen affects circadian physiology and cognitive performance. Journal of Applied Physiology, 110(5), 1432-1438. https://doi.org/10.1152/japplphysiol.00165.2011;valid
thread_BoIxrsQy8f42Xdt2FKRTMdLV;Chang, A. M., Aeschbach, D., Duffy, J. F., & Czeisler, C. A. (2015). Evening use of light-emitting eReaders negatively affects sleep, circadian timing, and next-morning alertness. Proceedings of the National Academy of Sciences, 112(4), 1232-1237. https://doi.org/10.1073/pnas.1418490112;metadata_error
thread_BoIxrsQy8f42Xdt2FKRTMdLV;Higuchi, S., Motohashi, Y., Liu, Y., & Maeda, A. (2003). Effects of VDT tasks with a bright display on melatonin levels in saliva. American Journal of Industrial Medicine, 44(6), 666-671. https://doi.org/10.1002/ajim.10286;metadata_error
thread_BoIxrsQy8f42Xdt2FKRTMdLV;Heath, M., Sutherland, C., Bartel, K., Gradisar, M., & Williamson, P. (2014). Pre-sleep technology use and sleep outcomes in adolescents: A meta-analysis. Sleep Medicine, 15(9), 1173-1177. https://doi.org/10.1016/j.sleep.2014.02.005;metadata_error
thread_BoIxrsQy8f42Xdt2FKRTMdLV;van der Lely, S., Frey, S., Garbazza, C., Wirz-Justice, A., Jenni, O. G., Steiner, R., & Schmidt, C. (2015). Blue blocker glasses as a countermeasure for alerting effects of evening light-emitting diode screen exposure in teenagers. Journal of Adolescent Health, 56(1), 113-119. https://doi.org/10.1016/j.jadohealth.2014.08.002;valid
thread_XPMnCsAbxu41nacF6Y4CSUmq;Cain, N., & Gradisar, M. (2010). Electronic media use and sleep in school-aged children and adolescents: A review. Sleep Medicine, 11(8), 735-742. https://doi.org/10.1016/j.sleep.2010.02.006;valid
thread_XPMnCsAbxu41nacF6Y4CSUmq;Hale, L., & Guan, S. (2015). Screen time and sleep among school-aged children and adolescents: A systematic literature review. Sleep Medicine Reviews, 21, 50-58. https://doi.org/10.1016/j.smrv.2014.07.007;valid
thread_XPMnCsAbxu41nacF6Y4CSUmq;Touitou, Y., Touitou, D., & Reinberg, A. (2016). Disruption of the circadian system by environmental factors: Effects of electronic devices, artificial light, and lifestyle. Frontiers in Bioscience, 21, 137–156. https://doi.org/10.2741/4373;metadata_error
thread_XPMnCsAbxu41nacF6Y4CSUmq;Chang, A. M., Aeschbach, D., Duffy, J. F., & Czeisler, C. A. (2015). Evening use of light-emitting eReaders negatively affects sleep, circadian timing, and next-morning alertness. Proceedings of the National Academy of Sciences, 112(4), 1232-1237. https://doi.org/10.1073/pnas.1418490112;metadata_error
thread_XPMnCsAbxu41nacF6Y4CSUmq;Falbe, J., Davison, K. K., Franckle, R. L., & Gortmaker, S. L. (2015). Sleep duration and obesity in children: Effects of screen time and family routines. Pediatrics, 135(2), e367-e375. https://doi.org/10.1542/peds.2014-2306;valid
thread_swtqcrntVCTIH4DLs58QaS1H;Gradisar, M., Wolfson, A. R., Harvey, A. G., Hale, L., Rosenberg, R., & Czeisler, C. A. (2013). The impact of technology on sleep and children’s health. *Sleep Medicine Clinics, 8*(4), 505-512. https://doi.org/10.1016/j.jsmc.2013.04.003;metadata_error
thread_swtqcrntVCTIH4DLs58QaS1H;Cain, N., & Gradisar, M. (2010). Electronic media use and sleep in school-aged children and adolescents: A review. *Sleep Medicine, 11*(8), 735-742. https://doi.org/10.1016/j.sleep.2010.02.006;valid
thread_swtqcrntVCTIH4DLs58QaS1H;Cheung, C. H., Bedford, R., Saez De Urabain, I. R., Karmiloff-Smith, A., & Smith, T. J. (2017). Daily touchscreen use in infants and toddlers is associated with reduced sleep and delayed sleep onset. *Scientific Reports, 7*(1), 46104. https://doi.org/10.1038/srep46104;valid
thread_swtqcrntVCTIH4DLs58QaS1H;Hale, L., & Guan, S. (2015). Screen time and sleep among school-aged children and adolescents: A systematic literature review. *Sleep Medicine Reviews, 21*, 50-58. https://doi.org/10.1016/j.smrv.2014.07.007;valid
thread_swtqcrntVCTIH4DLs58QaS1H;Perrault, A. A., Bayer, L., Peuvrier, M., Afzali, M. H., Métrailler, J., & Schwartz, S. (2019). Blue light exposure accelerates the re-entrainment of circadian rhythms after nighttime shifts in humans. *Scientific Reports, 9*(1), 11003. https://doi.org/10.1038/s41598-019-47478-5;not_found
thread_LI61Rk70rsJyzqEhEMKWPvAJ;Cain, N., & Gradisar, M. (2010). Electronic media use and sleep in school-aged children and adolescents: A review. *Sleep Medicine*, 11(8), 735-742. https://doi.org/10.1016/j.sleep.2010.02.006;valid
thread_LI61Rk70rsJyzqEhEMKWPvAJ;Chang, A. M., Aeschbach, D., Duffy, J. F., & Czeisler, C. A. (2015). Evening use of light-emitting eReaders negatively affects sleep, circadian timing, and next-morning alertness. *Proceedings of the National Academy of Sciences*, 112(4), 1232-1237. https://doi.org/10.1073/pnas.1418490112;metadata_error
thread_LI61Rk70rsJyzqEhEMKWPvAJ;Hale, L., & Guan, S. (2015). Screen time and sleep among school-aged children and adolescents: A systematic literature review. *Sleep Medicine Reviews*, 21, 50-58. https://doi.org/10.1016/j.smrv.2014.07.007;valid
thread_LI61Rk70rsJyzqEhEMKWPvAJ;Touitou, Y., Touitou, D., & Reinberg, A. (2017). Disruption of adolescents' circadian clock: The vicious circle of media use, exposure to light at night, sleep loss, and risk behaviors. *Journal of Physiology-Paris*, 110(4), 467-479. https://doi.org/10.1016/j.jphysparis.2017.05.001;metadata_error
thread_LI61Rk70rsJyzqEhEMKWPvAJ;Falbe, J., Davison, K. K., Franckle, R. L., Ganter, C., Gortmaker, S. L., Smith, L., & Taveras, E. M. (2015). Sleep duration, restfulness, and screens in the sleep environment. *Pediatrics*, 135(2), e367-e375. https://doi.org/10.1542/peds.2014-2306;valid
thread_AYSbOos9uIopZO3SO5cvicZE;Cain, N., & Gradisar, M. (2010). Electronic media use and sleep in school-aged children and adolescents: A review. Sleep Medicine, 11(8), 735-742. https://doi.org/10.1016/j.sleep.2010.02.006;valid
thread_AYSbOos9uIopZO3SO5cvicZE;Cajochen, C., Frey, S., Anders, D., Späti, J., Bues, M., Pross, A., & Stefani, O. (2011). Evening exposure to a light-emitting diodes (LED)-backlit computer screen affects circadian physiology and cognitive performance. Journal of Applied Physiology, 110(5), 1432-1438. https://doi.org/10.1152/japplphysiol.00165.2011;valid
thread_AYSbOos9uIopZO3SO5cvicZE;van der Lely, S., Frey, S., Garbazza, C., Wirz-Justice, A., Jenni, O. G., Steiner, R., & Schmidt, C. (2015). Blue blocker glasses as a countermeasure for alerting effects of evening light-emitting diode screen exposure in male adolescents. Journal of Adolescent Health, 56(1), 113-119. https://doi.org/10.1016/j.jadohealth.2014.08.002;valid
thread_AYSbOos9uIopZO3SO5cvicZE;Touitou, Y., Touitou, D., & Reinberg, A. (2016). Disruption of the circadian system by environmental factors: Effects of electric light and electronic devices. Chronobiology International, 33(4), 520-529. https://doi.org/10.3109/07420528.2016.1170171;not_found
thread_AYSbOos9uIopZO3SO5cvicZE;Chang, A. M., Aeschbach, D., Duffy, J. F., & Czeisler, C. A. (2015). Evening use of light-emitting eReaders negatively affects sleep, circadian timing, and next-morning alertness. Proceedings of the National Academy of Sciences, 112(4), 1232-1237. https://doi.org/10.1073/pnas.1418490112;metadata_error
thread_vx4c8gHx4Q9aPF7sy7YfMXHN;Chang, A. M., Aeschbach, D., Duffy, J. F., & Czeisler, C. A. (2015). Evening use of light-emitting eReaders negatively affects sleep, circadian timing, and next-morning alertness. *Proceedings of the National Academy of Sciences, 112*(4), 1232–1237. https://doi.org/10.1073/pnas.1418490112;metadata_error
thread_vx4c8gHx4Q9aPF7sy7YfMXHN;Cain, N., & Gradisar, M. (2010). Electronic media use and sleep in school-aged children and adolescents: A review. *Sleep Medicine, 11*(8), 735–742. https://doi.org/10.1016/j.sleep.2010.02.006;valid
thread_vx4c8gHx4Q9aPF7sy7YfMXHN;van der Lely, S., Frey, S., Garbazza, C., Wirz-Justice, A., Jenni, O. G., Steiner, R., & Schmidt, C. (2015). Blue blocker glasses as a countermeasure for alerting effects of evening light-emitting diode screen exposure in teenagers. *Journal of Adolescent Health, 56*(1), 113–119. https://doi.org/10.1016/j.jadohealth.2014.08.002;valid
thread_vx4c8gHx4Q9aPF7sy7YfMXHN;Falbe, J., Rosner, B., Willett, W. C., & Gortmaker, S. L. (2016). Adiposity and different types of screen time. *Pediatrics, 138*(5), e20153987. https://doi.org/10.1542/peds.2015-3987;not_found
thread_vx4c8gHx4Q9aPF7sy7YfMXHN;Hale, L., & Guan, S. (2015). Screen time and sleep among school-aged children and adolescents: A systematic literature review. *Sleep Medicine Reviews, 21*, 50–58. https://doi.org/10.1016/j.smrv.2014.07.007;valid
thread_qQ8poqwzbHeC32T10wNIhFu4;Cajochen, C., Frey, S., Anders, D., Späti, J., Bues, M., Pross, A., ... & Wirz-Justice, A. (2011). Evening exposure to a light-emitting diodes (LED)-backlit computer screen affects circadian physiology and cognitive performance. *Journal of Applied Physiology, 110*(5), 1432-1438. https://doi.org/10.1152/japplphysiol.00165.2011;valid
thread_qQ8poqwzbHeC32T10wNIhFu4;Chang, A. M., Aeschbach, D., Duffy, J. F., & Czeisler, C. A. (2015). Evening use of light-emitting eReaders negatively affects sleep, circadian timing, and next-morning alertness. *Proceedings of the National Academy of Sciences, 112*(4), 1232-1237. https://doi.org/10.1073/pnas.1418490112;metadata_error
thread_qQ8poqwzbHeC32T10wNIhFu4;Levenson, J. C., Shensa, A., Sidani, J. E., Colditz, J. B., & Primack, B. A. (2017). The association between social media use and sleep disturbance among young adults. *Preventive Medicine, 85*, 36-41. https://doi.org/10.1016/j.ypmed.2016.11.012;metadata_error
thread_qQ8poqwzbHeC32T10wNIhFu4;Hale, L., & Guan, S. (2015). Screen time and sleep among school-aged children and adolescents: A systematic literature review. *Sleep Medicine Reviews, 21*, 50-58. https://doi.org/10.1016/j.smrv.2014.07.007;valid
thread_qQ8poqwzbHeC32T10wNIhFu4;van der Lely, S., Frey, S., Garbazza, C., Wirz-Justice, A., Jenni, O. G., Steiner, R., ... & Cajochen, C. (2015). Blue blocker glasses as a countermeasure for alerting effects of evening light-emitting diode screen exposure in male teenagers. *Journal of Adolescent Health, 56*(1), 113-119. https://doi.org/10.1016/j.jadohealth.2014.08.002;valid
thread_TxkRUIUExY42y6tQB2oUf3JD;Cain, N., & Gradisar, M. (2010). Electronic media use and sleep in school-aged children and adolescents: A review. Sleep Medicine, 11(8), 735-742. https://doi.org/10.1016/j.sleep.2010.02.006  ;not_found
thread_TxkRUIUExY42y6tQB2oUf3JD;Hale, L., & Guan, S. (2015). Screen time and sleep among school-aged children and adolescents: A systematic literature review. Sleep Medicine Reviews, 21, 50-58. https://doi.org/10.1016/j.smrv.2014.07.007  ;not_found
thread_TxkRUIUExY42y6tQB2oUf3JD;Chang, A. M., Aeschbach, D., Duffy, J. F., & Czeisler, C. A. (2015). Evening use of light-emitting eReaders negatively affects sleep, circadian timing, and next-morning alertness. Proceedings of the National Academy of Sciences, 112(4), 1232-1237. https://doi.org/10.1073/pnas.1418490112  ;not_found
thread_TxkRUIUExY42y6tQB2oUf3JD;Touitou, Y., Touitou, D., & Reinberg, A. (2017). Disruption of adolescents' circadian clock: The vicious circle of media use, exposure to light at night, sleep loss, and risk behaviors. Journal of Physiology and Paris, 110(4), 467-479. https://doi.org/10.1016/j.jphysparis.2017.05.001  ;not_found
thread_TxkRUIUExY42y6tQB2oUf3JD;Falbe, J., Davison, K. K., Franckle, R. L., Ganter, C., Gortmaker, S. L., Smith, L., & Taveras, E. M. (2015). Sleep duration, restfulness, and screens in the sleep environment. Pediatrics, 135(2), e367-e375. https://doi.org/10.1542/peds.2014-2306;not_found
thread_Fz5pYho5D4oTGL4EIKeVg0Lv;Chang, A. M., Aeschbach, D., Duffy, J. F., & Czeisler, C. A. (2015). Evening use of light-emitting eReaders negatively affects sleep, circadian timing, and next-morning alertness. *Proceedings of the National Academy of Sciences, 112*(4), 1232-1237. https://doi.org/10.1073/pnas.1418490112;metadata_error
thread_Fz5pYho5D4oTGL4EIKeVg0Lv;Cajochen, C., Frey, S., Anders, D., Späti, J., Bues, M., Pross, A., … Stefani, O. (2011). Evening exposure to a light-emitting diode (LED)-backlit computer screen affects circadian physiology and cognitive performance. *Journal of Applied Physiology, 110*(5), 1432-1438. https://doi.org/10.1152/japplphysiol.00165.2011;valid
thread_Fz5pYho5D4oTGL4EIKeVg0Lv;Touitou, Y., Touitou, D., & Reinberg, A. (2017). Disruption of the circadian system by environmental factors: Effects of evening exposure to light-emitting diodes on human health, sleep, and cognition. *Chronobiology International, 34*(8), 1081-1094. https://doi.org/10.1080/07420528.2017.1346799;not_found
thread_Fz5pYho5D4oTGL4EIKeVg0Lv;van der Lely, S., Frey, S., Garbazza, C., Wirz-Justice, A., Jenni, O. G., Steiner, R., … Schmidt, C. (2015). Blue blocker glasses as a countermeasure for alerting effects of evening light-emitting diode screen exposure in male adolescents. *Journal of Adolescent Health, 56*(1), 113-119. https://doi.org/10.1016/j.jadohealth.2014.08.002;valid
thread_Fz5pYho5D4oTGL4EIKeVg0Lv;Hale, L., & Guan, S. (2015). Screen time and sleep among school-aged children and adolescents: A systematic literature review. *Sleep Medicine Reviews, 21*, 50-58. https://doi.org/10.1016/j.smrv.2014.07.007;valid
thread_DJ15gmG4fA2n7iQadTVBfOSI;Cain, N., & Gradisar, M. (2010). Electronic media use and sleep in school-aged children and adolescents: A review. *Sleep Medicine*, 11(8), 735–742. https://doi.org/10.1016/j.sleep.2010.02.006;valid
thread_DJ15gmG4fA2n7iQadTVBfOSI;Chang, A. M., Aeschbach, D., Duffy, J. F., & Czeisler, C. A. (2015). Evening use of light-emitting eReaders negatively affects sleep, circadian timing, and next-morning alertness. *Proceedings of the National Academy of Sciences*, 112(4), 1232–1237. https://doi.org/10.1073/pnas.1418490112;metadata_error
thread_DJ15gmG4fA2n7iQadTVBfOSI;Li, S., Jin, X., Wu, S., Jiang, F., Yan, C., & Shen, X. (2007). The impact of media use on sleep patterns and sleep disorders among school-aged children in China. *Sleep*, 30(3), 361–367. https://doi.org/10.1093/sleep/30.3.361;valid
thread_DJ15gmG4fA2n7iQadTVBfOSI;Touitou, Y., Touitou, D., & Reinberg, A. (2017). Disruption of adolescents' circadian clock: The vicious circle of media use, exposure to light at night, sleep loss, and risk behaviors. *Journal of Physiology Paris*, 110(4), 467–479. https://doi.org/10.1016/j.jphysparis.2017.05.001;metadata_error
thread_DJ15gmG4fA2n7iQadTVBfOSI;Hale, L., & Guan, S. (2015). Screen time and sleep among school-aged children and adolescents: A systematic literature review. *Sleep Medicine Reviews*, 21, 50–58. https://doi.org/10.1016/j.smrv.2014.07.007;valid
thread_DfB6rcI1YlQhsP5rdntwYc2s;Cajochen, C., Frey, S., Anders, D., Späti, J., Bues, M., Pross, A., & Wirz-Justice, A. (2011). Evening exposure to a light-emitting diodes (LED)-backlit computer screen affects circadian physiology and cognitive performance. *Journal of Applied Physiology, 110*(5), 1432-1438. https://doi.org/10.1152/japplphysiol.00165.2011;valid
thread_DfB6rcI1YlQhsP5rdntwYc2s;Chang, A. M., Aeschbach, D., Duffy, J. F., & Czeisler, C. A. (2015). Evening use of light-emitting eReaders negatively affects sleep, circadian timing, and next-morning alertness. *Proceedings of the National Academy of Sciences, 112*(4), 1232-1237. https://doi.org/10.1073/pnas.1418490112;metadata_error
thread_DfB6rcI1YlQhsP5rdntwYc2s;Touitou, Y., & Touitou, D. (2016). Illumination and the sleep-wake cycle in children: Exposure to electronic devices in the evening. *Chronobiology International, 33*(3), 334-338. https://doi.org/10.3109/07420528.2016.1149197;not_found
thread_DfB6rcI1YlQhsP5rdntwYc2s;Hale, L., & Guan, S. (2015). Screen time and sleep among school-aged children and adolescents: A systematic literature review. *Sleep Medicine Reviews, 21*, 50-58. https://doi.org/10.1016/j.smrv.2014.07.007;valid
thread_DfB6rcI1YlQhsP5rdntwYc2s;Falbe, J., Rosner, B., Rifas-Shiman, S. L., Ware, C. B., & Taveras, E. M. (2015). Sleep duration and screen time. *Journal of Pediatrics, 167*(4), 925-929. https://doi.org/10.1016/j.jpeds.2015.07.005;metadata_error
thread_UhklWBg6rypqDIn8IjgtCI5o;Cain, N., & Gradisar, M. (2010). Electronic media use and sleep in school-aged children and adolescents: A review. Sleep Medicine, 11(8), 735-742. https://doi.org/10.1016/j.sleep.2010.02.006;valid
thread_UhklWBg6rypqDIn8IjgtCI5o;Chang, A. M., Aeschbach, D., Duffy, J. F., & Czeisler, C. A. (2015). Evening use of light-emitting eReaders negatively affects sleep, circadian timing, and next-morning alertness. Proceedings of the National Academy of Sciences, 112(4), 1232-1237. https://doi.org/10.1073/pnas.1418490112;metadata_error
thread_UhklWBg6rypqDIn8IjgtCI5o;van den Bulck, J. (2004). Television viewing, computer game playing, and internet use and self-reported sleep disturbances in school children. Sleep, 27(1), 101-105. https://doi.org/10.1093/sleep/27.1.101;metadata_error
thread_UhklWBg6rypqDIn8IjgtCI5o;Touitou, Y., Touitou, D., & Reinberg, A. (2016). Disruption of adolescents' circadian clock: The vicious circle of media use, exposure to light at night, sleep loss, and risk behaviors. Journal of Adolescence, 52, 136-149. https://doi.org/10.1016/j.adolescence.2016.07.001;metadata_error
thread_UhklWBg6rypqDIn8IjgtCI5o;Huber, R., Felice Ghilardi, M., Massimini, M., & Tononi, G. (2004). Local sleep and learning. Nature, 430(6995), 78-81. https://doi.org/10.1038/nature02663;valid
thread_uqUIXSKWr9Ke38cRgAYoSHs9;Cain, N., & Gradisar, M. (2010). Electronic media use and sleep in school-aged children and adolescents: A review. *Sleep Medicine*, 11(8), 735-742. https://doi.org/10.1016/j.sleep.2010.02.006;valid
thread_uqUIXSKWr9Ke38cRgAYoSHs9;Chang, A. M., Aeschbach, D., Duffy, J. F., & Czeisler, C. A. (2015). Evening use of light-emitting eReaders negatively affects sleep, circadian timing, and next-morning alertness. *Proceedings of the National Academy of Sciences*, 112(4), 1232-1237. https://doi.org/10.1073/pnas.1418490112;metadata_error
thread_uqUIXSKWr9Ke38cRgAYoSHs9;van der Lely, S., Frey, S., Garbazza, C., Wirz-Justice, A., Jenni, O. G., Steiner, R., & Schmidt, C. (2015). Blue blocker glasses as a countermeasure for alerting effects of evening light-emitting diode screen exposure in male adolescents. *Journal of Adolescent Health*, 56(1), 113-119. https://doi.org/10.1016/j.jadohealth.2014.08.002;valid
thread_uqUIXSKWr9Ke38cRgAYoSHs9;Hale, L., & Guan, S. (2015). Screen time and sleep among school-aged children and adolescents: A systematic literature review. *Sleep Medicine Reviews*, 21, 50-58. https://doi.org/10.1016/j.smrv.2014.07.007;valid
thread_uqUIXSKWr9Ke38cRgAYoSHs9;Touitou, Y., Touitou, D., & Reinberg, A. (2017). Disruption of adolescents’ circadian clock due to digital screen exposure: A clinical review. *Chronobiology International*, 34(10), 1298-1306. https://doi.org/10.1080/07420528.2017.1374358;not_found
thread_DfQ0y7tbI0OKYHqjrhOP9Q18;Chang, A. M., Aeschbach, D., Duffy, J. F., & Czeisler, C. A. (2015). Evening use of light-emitting eReaders negatively affects sleep, circadian timing, and next-morning alertness. *Proceedings of the National Academy of Sciences, 112*(4), 1232-1237. https://doi.org/10.1073/pnas.1418490112;metadata_error
thread_DfQ0y7tbI0OKYHqjrhOP9Q18;Hale, L., & Guan, S. (2015). Screen time and sleep among school-aged children and adolescents: A systematic literature review. *Sleep Medicine Reviews, 21,* 50-58. https://doi.org/10.1016/j.smrv.2014.07.007;valid
thread_DfQ0y7tbI0OKYHqjrhOP9Q18;Touitou, Y., Touitou, D., & Reinberg, A. (2017). Disruption of the circadian system by environmental factors: Effects of electric lighting and screen time on sleep and circadian rhythms. *Sleep Medicine Reviews, 33,* 58-64. https://doi.org/10.1016/j.smrv.2016.06.002;metadata_error
thread_DfQ0y7tbI0OKYHqjrhOP9Q18;Leung, M., & Zhang, J. Q. (2021). The impact of screen time on sleep outcomes: A meta-analysis. *Sleep Medicine, 84,* 266-279. https://doi.org/10.1016/j.sleep.2021.04.021;metadata_error
thread_DfQ0y7tbI0OKYHqjrhOP9Q18;Falbe, J., Davison, K. K., Franckle, R. L., et al. (2015). Sleep duration and screen time in relation to children's health-related behaviors and academic performance. *Journal of School Health, 85*(8), 507-515. https://doi.org/10.1111/josh.12285;metadata_error
thread_vdxavqkFuiQn7iREDEv6wxHA;Cain, N., & Gradisar, M. (2010). Electronic media use and sleep in school-aged children and adolescents: A review. Sleep Medicine, 11(8), 735-742. https://doi.org/10.1016/j.sleep.2010.02.006;valid
thread_vdxavqkFuiQn7iREDEv6wxHA;Chang, A. M., Aeschbach, D., Duffy, J. F., & Czeisler, C. A. (2015). Evening use of light-emitting eReaders negatively affects sleep, circadian timing, and next-morning alertness. Proceedings of the National Academy of Sciences, 112(4), 1232-1237. https://doi.org/10.1073/pnas.1418490112;metadata_error
thread_vdxavqkFuiQn7iREDEv6wxHA;van den Bulck, J. (2004). Television viewing, computer game playing, and internet use and self-reported time to bed and time out of bed in secondary-school children. Sleep, 27(1), 101-104. https://doi.org/10.1093/sleep/27.1.101;metadata_error
thread_vdxavqkFuiQn7iREDEv6wxHA;Falbe, J., Davison, K. K., Franckle, R. L., Ganter, C., Gortmaker, S. L., Smith, L., & Taveras, E. M. (2015). Sleep duration, restfulness, and screens in the sleep environment. Pediatrics, 135(2), e367-e375. https://doi.org/10.1542/peds.2014-2306;valid
thread_vdxavqkFuiQn7iREDEv6wxHA;Touitou, Y., Touitou, D., & Reinberg, A. (2016). Disruption of the circadian system by environmental factors: Effects of electric lighting and screen time on sleep and circadian rhythms. Sleep Medicine Reviews, 28, 54-68. https://doi.org/10.1016/j.smrv.2015.05.005;metadata_error
thread_O1WpcVNpUfrDy9XawDreHFKP;Chang, A. M., Aeschbach, D., Duffy, J. F., & Czeisler, C. A. (2015). Evening use of light-emitting eReaders negatively affects sleep, circadian timing, and next-morning alertness. *Proceedings of the National Academy of Sciences*, 112(4), 1232–1237. https://doi.org/10.1073/pnas.1418490112;metadata_error
thread_O1WpcVNpUfrDy9XawDreHFKP;Hale, L., & Guan, S. (2015). Screen time and sleep among school-aged children and adolescents: A systematic literature review. *Sleep Medicine Reviews*, 21, 50-58. https://doi.org/10.1016/j.smrv.2014.07.007;valid
thread_O1WpcVNpUfrDy9XawDreHFKP;Touitou, Y., Touitou, D., & Reinberg, A. (2017). Disruption of the circadian system by environmental factors: Effects of electric lighting and screen time. *Chronobiology International*, 34(7), 1083-1092. https://doi.org/10.1080/07420528.2017.1366602;not_found
thread_O1WpcVNpUfrDy9XawDreHFKP;van der Lely, S., Frey, S., Garbazza, C., Wirz-Justice, A., Jenni, O. G., Steiner, R., & Schmidt, C. (2015). Blue blocker glasses as a countermeasure for alerting effects of evening light-emitting diode screen exposure in male adolescents. *Journal of Adolescent Health*, 56(1), 113-119. https://doi.org/10.1016/j.jadohealth.2014.08.002;valid
thread_O1WpcVNpUfrDy9XawDreHFKP;Cajochen, C., Frey, S., Anders, D., Späti, J., Bues, M., Pross, A., ... & Stefani, O. (2011). Evening exposure to a light-emitting diodes (LED)-backlit computer screen affects circadian physiology and cognitive performance. *Journal of Applied Physiology*, 110(5), 1432-1438. https://doi.org/10.1152/japplphysiol.00165.2011;valid
thread_NDVSGvVKOdweNC33wVBNgvMu;Cain, N., & Gradisar, M. (2010). Electronic media use and sleep in school-aged children and adolescents: A review. *Sleep Medicine*, 11(8), 735-742. https://doi.org/10.1016/j.sleep.2010.02.006;valid
thread_NDVSGvVKOdweNC33wVBNgvMu;Cajochen, C., Frey, S., Anders, D., Späti, J., Bues, M., Pross, A., ... & Stefani, O. (2011). Evening exposure to a light-emitting diode (LED)-backlit computer screen affects circadian physiology and cognitive performance. *Journal of Applied Physiology*, 110(5), 1432-1438. https://doi.org/10.1152/japplphysiol.00165.2011;valid
thread_NDVSGvVKOdweNC33wVBNgvMu;Chang, A. M., Aeschbach, D., Duffy, J. F., & Czeisler, C. A. (2015). Evening use of light-emitting eReaders negatively affects sleep, circadian timing, and next-morning alertness. *Proceedings of the National Academy of Sciences*, 112(4), 1232-1237. https://doi.org/10.1073/pnas.1418490112;metadata_error
thread_NDVSGvVKOdweNC33wVBNgvMu;Falbe, J., Davison, K. K., Franckle, R. L., Ganter, C., Gortmaker, S. L., Smith, L., & Taveras, E. M. (2015). Sleep duration and obesity in children and adolescents: A meta-analytic review. *Obesity*, 23(4), 705-712. https://doi.org/10.1002/oby.21090;metadata_error
thread_NDVSGvVKOdweNC33wVBNgvMu;Wood, B., Rea, M. S., Plitnick, B., & Figueiro, M. G. (2013). Light level and duration of exposure determine the impact of self-luminous tablets on melatonin suppression. *Applied Ergonomics*, 44(2), 237-240. https://doi.org/10.1016/j.apergo.2012.07.008;valid
thread_zZygOg0d4ctnatlONtWNYWf0;Chang, A. M., Aeschbach, D., Duffy, J. F., & Czeisler, C. A. (2015). Evening use of light-emitting eReaders negatively affects sleep, circadian timing, and next-morning alertness. *Proceedings of the National Academy of Sciences*, *112*(4), 1232-1237. https://doi.org/10.1073/pnas.1418490112;metadata_error
thread_zZygOg0d4ctnatlONtWNYWf0;Wahl, S., Engelhardt, M., Schaupp, P., Lappe, C., & Ivanov, I. V. (2019). The impact of blue light on circadian rhythmicity and sleep. *Frontiers in Neurology*, *10*, 365. https://doi.org/10.3389/fneur.2019.00365;metadata_error
thread_zZygOg0d4ctnatlONtWNYWf0;Falbe, J., Davison, K. K., Franckle, R. L., Ganter, C., Gortmaker, S. L., Smith, L., & Taveras, E. M. (2015). Sleep duration and obesity in children and adolescents: A meta-analysis. *Sleep*, *38*(4), 599-603. https://doi.org/10.5665/sleep.4576;metadata_error
thread_zZygOg0d4ctnatlONtWNYWf0;Rybakova, M., Daugelavičius, R., & Bukelskienė, V. (2020). Effects of screen time on sleep and circadian rhythms in children and adolescents: A review. *International Journal of Environmental Research and Public Health*, *17*(22), 8297. https://doi.org/10.3390/ijerph17228297;metadata_error
thread_zZygOg0d4ctnatlONtWNYWf0;Hale, L., & Guan, S. (2015). Screen time and sleep among school-aged children and adolescents: A systematic literature review. *Sleep Medicine Reviews*, *21*, 50-58. https://doi.org/10.1016/j.smrv.2014.07.007;valid
thread_9hNFPrgxMhryoPw5sLNydJYJ;Chang, A.-M., Aeschbach, D., Duffy, J. F., & Czeisler, C. A. (2015). Evening use of light-emitting eReaders negatively affects sleep, circadian timing, and next-morning alertness. *Proceedings of the National Academy of Sciences*, *112*(4), 1232–1237. https://doi.org/10.1073/pnas.1418490112;metadata_error
thread_9hNFPrgxMhryoPw5sLNydJYJ;Hale, L., & Guan, S. (2015). Screen time and sleep among school-aged children and adolescents: A systematic literature review. *Sleep Medicine Reviews*, *21*, 50–58. https://doi.org/10.1016/j.smrv.2014.07.007;valid
thread_9hNFPrgxMhryoPw5sLNydJYJ;Cain, N., & Gradisar, M. (2010). Electronic media use and sleep in school-aged children and adolescents: A review. *Sleep Medicine*, *11*(8), 735–742. https://doi.org/10.1016/j.sleep.2010.02.006;valid
thread_9hNFPrgxMhryoPw5sLNydJYJ;Cajochen, C., Frey, S., Anders, D., Späti, J., Bues, M., Pross, A., & Wirz-Justice, A. (2011). Evening exposure to a light-emitting diodes (LED)-backlit computer screen affects circadian physiology and cognitive performance. *Journal of Applied Physiology*, *110*(5), 1432–1438. https://doi.org/10.1152/japplphysiol.00165.2011;valid
thread_9hNFPrgxMhryoPw5sLNydJYJ;Falbe, J., Davison, K. K., Franckle, R. L., Ganter, C., Gortmaker, S. L., Smith, L., & Taveras, E. M. (2015). Sleep duration, restfulness, and screens in the sleep environment. *Pediatrics*, *135*(2), e367–e375. https://doi.org/10.1542/peds.2014-2306;valid
thread_7gL6rWRBWoY36XWHeRLp0ty2;Gradisar, M., Wolfson, A. R., Dohnt, H., et al. (2013). The impact of media use on adolescent sleep. Sleep Medicine Clinics, 8(4), 401-418. https://doi.org/10.1016/j.jsmc.2013.07.006;metadata_error
thread_7gL6rWRBWoY36XWHeRLp0ty2;Cajochen, C., Frey, S., Anders, D., et al. (2011). Evening exposure to a light-emitting diodes (LED)-backlit computer screen affects circadian physiology and cognitive performance. Journal of Applied Physiology, 110(5), 1432-1438. https://doi.org/10.1152/japplphysiol.00165.2011;valid
thread_7gL6rWRBWoY36XWHeRLp0ty2;Chang, A. M., Aeschbach, D., Duffy, J. F., & Czeisler, C. A. (2015). Evening use of light-emitting eReaders negatively affects sleep, circadian timing, and next-morning alertness. Proceedings of the National Academy of Sciences, 112(4), 1232-1237. https://doi.org/10.1073/pnas.1418490112;metadata_error
thread_7gL6rWRBWoY36XWHeRLp0ty2;Van den Bulck, J. (2007). Adolescent use of mobile phones for calling and text messaging after lights out: Results from a prospective cohort study with a one-year follow-up. Sleep, 30(9), 1220-1223. https://doi.org/10.1093/sleep/30.9.1220;metadata_error
thread_7gL6rWRBWoY36XWHeRLp0ty2;Touitou, Y., Touitou, D., & Reinberg, A. (2017). Disruption of adolescents' circadian clock by blue light and its consequence on sleep. Frontiers in Endocrinology, 8, 88. https://doi.org/10.3389/fendo.2017.00088;metadata_error
thread_DqO2yHQqkhGKce3Arvxb4b5O;Chang, A. M., Aeschbach, D., Duffy, J. F., & Czeisler, C. A. (2015). Evening use of light-emitting eReaders negatively affects sleep, circadian timing, and next-morning alertness. *Proceedings of the National Academy of Sciences, 112*(4), 1232-1237. https://doi.org/10.1073/pnas.1418490112;metadata_error
thread_DqO2yHQqkhGKce3Arvxb4b5O;Falbe, J., Davison, K. K., Franckle, R. L., & Gortmaker, S. L. (2015). Sleep duration and screen time among children and adolescents: A meta-analysis. *Pediatrics, 135*(4), e1015-e1021. https://doi.org/10.1542/peds.2014-2101;metadata_error
thread_DqO2yHQqkhGKce3Arvxb4b5O;Hale, L., & Guan, S. (2015). Screen time and sleep among school-aged children and adolescents: A systematic literature review. *Sleep Medicine Reviews, 21*, 50-58. https://doi.org/10.1016/j.smrv.2014.07.007;valid
thread_DqO2yHQqkhGKce3Arvxb4b5O;Cajochen, C., Frey, S., Anders, D., Späti, J., Bues, M., Pross, A., ... & Stefani, O. (2011). Evening exposure to a light-emitting diodes (LED)-backlit computer screen affects circadian physiology and cognitive performance. *Journal of Applied Physiology, 110*(5), 1432-1438. https://doi.org/10.1152/japplphysiol.00165.2011;valid
thread_DqO2yHQqkhGKce3Arvxb4b5O;Touitou, Y., Touitou, D., & Reinberg, A. (2017). Disruption of the circadian clock by environmental noise and light: Etiology and possible therapeutic approaches. *Chronobiology International, 34*(5), 552-573. https://doi.org/10.1080/07420528.2017.1295212;not_found
thread_VGikwKQiLbrdmt2LQPUN9uII;Chang, A. M., Aeschbach, D., Duffy, J. F., & Czeisler, C. A. (2015). Evening use of light-emitting eReaders negatively affects sleep, circadian timing, and next-morning alertness. *Proceedings of the National Academy of Sciences, 112*(4), 1232–1237. https://doi.org/10.1073/pnas.1418490112;metadata_error
thread_VGikwKQiLbrdmt2LQPUN9uII;Cain, N., & Gradisar, M. (2010). Electronic media use and sleep in school-aged children and adolescents: A review. *Sleep Medicine, 11*(8), 735–742. https://doi.org/10.1016/j.sleep.2010.02.006;valid
thread_VGikwKQiLbrdmt2LQPUN9uII;van der Lely, S., Frey, S., Garbazza, C., Wirz-Justice, A., Jenni, O. G., Steiner, R., & Schmidt, C. (2015). Blue blocker glasses as a countermeasure for alerting effects of evening light-emitting diode screen exposure in adolescents. *Journal of Adolescent Health, 56*(1), 113–119. https://doi.org/10.1016/j.jadohealth.2014.08.02;not_found
thread_VGikwKQiLbrdmt2LQPUN9uII;Touitou, Y., Touitou, D., & Reinberg, A. (2017). Disruption of adolescents’ circadian clock: The vicious circle of media use, exposure to light at night, sleep loss, and risk behaviors. *Journal of Physiology and Pharmacology, 68*(2), 347–358.;valid
thread_VGikwKQiLbrdmt2LQPUN9uII;Hale, L., & Guan, S. (2015). Screen time and sleep among school-aged children and adolescents: A systematic literature review. *Sleep Medicine Reviews, 21*, 50–58. https://doi.org/10.1016/j.smrv.2014.07.007;valid
thread_0cckDysed6LIFWyTMy1t4Nsp;Cain, N., & Gradisar, M. (2010). Electronic media use and sleep in school-aged children and adolescents: A review. Sleep Medicine, 11(8), 735-742. https://doi.org/10.1016/j.sleep.2010.02.006;valid
thread_0cckDysed6LIFWyTMy1t4Nsp;Chang, A. M., Aeschbach, D., Duffy, J. F., & Czeisler, C. A. (2015). Evening use of light-emitting eReaders negatively affects sleep, circadian timing, and next-morning alertness. Proceedings of the National Academy of Sciences, 112(4), 1232-1237. https://doi.org/10.1073/pnas.1418490112;metadata_error
thread_0cckDysed6LIFWyTMy1t4Nsp;Hale, L., & Guan, S. (2015). Screen time and sleep among school-aged children and adolescents: A systematic literature review. Sleep Medicine Reviews, 21, 50-58. https://doi.org/10.1016/j.smrv.2014.07.007;valid
thread_0cckDysed6LIFWyTMy1t4Nsp;Touitou, Y., Touitou, D., & Reinberg, A. (2017). Disruption of adolescents' circadian clock: The vicious circle of media use, exposure to light at night, sleep loss, and risk behaviors. Journal of Physiology-Paris, 110(4), 467-479. https://doi.org/10.1016/j.jphysparis.2017.05.001;metadata_error
thread_0cckDysed6LIFWyTMy1t4Nsp;van den Bulck, J. (2004). Television viewing, computer game playing, and internet use and self-reported bedtime and rise time in adolescents. Sleep, 27(1), 101-104. https://doi.org/10.1093/sleep/27.1.101;metadata_error
thread_wx0CRbhDfQOKbsOlNwmyHpV4;Cain, N., & Gradisar, M. (2010). Electronic media use and sleep in school-aged children and adolescents: A review. Sleep Medicine, 11(8), 735-742. https://doi.org/10.1016/j.sleep.2010.02.006;valid
thread_wx0CRbhDfQOKbsOlNwmyHpV4;Cajochen, C., Frey, S., Anders, D., Späti, J., Bues, M., Pross, A., & Stefani, O. (2011). Evening exposure to a light-emitting diodes (LED)-backlit computer screen affects circadian physiology and cognitive performance. Journal of Applied Physiology, 110(5), 1432-1438. https://doi.org/10.1152/japplphysiol.00165.2011;valid
thread_wx0CRbhDfQOKbsOlNwmyHpV4;van der Lely, S., Frey, S., Garbazza, C., Wirz-Justice, A., Jenni, O. G., Steiner, R., ... & Schmidt, C. (2015). Blue blocker glasses as a countermeasure for alerting effects of evening light-emitting diode screen exposure in teenagers. Journal of Adolescent Health, 56(1), 113-119. https://doi.org/10.1016/j.jadohealth.2014.08.002;valid
thread_wx0CRbhDfQOKbsOlNwmyHpV4;Chang, A. M., Aeschbach, D., Duffy, J. F., & Czeisler, C. A. (2015). Evening use of light-emitting eReaders negatively affects sleep, circadian timing, and next-morning alertness. Proceedings of the National Academy of Sciences, 112(4), 1232-1237. https://doi.org/10.1073/pnas.1418490112;metadata_error
thread_wx0CRbhDfQOKbsOlNwmyHpV4;Figueiro, M. G., Wood, B., Plitnick, B., & Rea, M. S. (2011). The impact of light from computer screens on melatonin levels in college students. Neuroendocrinology Letters, 32(2), 158-163.;not_found
thread_BC4wCDANvdxLiXcC96PWj4kW;Chang, A.-M., Aeschbach, D., Duffy, J. F., & Czeisler, C. A. (2015). Evening use of light-emitting eReaders negatively affects sleep, circadian timing, and next-morning alertness. *Proceedings of the National Academy of Sciences, 112*(4), 1232-1237. https://doi.org/10.1073/pnas.1418490112;metadata_error
thread_BC4wCDANvdxLiXcC96PWj4kW;Cain, N., & Gradisar, M. (2010). Electronic media use and sleep in school-aged children and adolescents: A review. *Sleep Medicine, 11*(8), 735-742. https://doi.org/10.1016/j.sleep.2010.02.006;valid
thread_BC4wCDANvdxLiXcC96PWj4kW;Hale, L., & Guan, S. (2015). Screen time and sleep among school-aged children and adolescents: A systematic literature review. *Sleep Medicine Reviews, 21,* 50-58. https://doi.org/10.1016/j.smrv.2014.07.007;valid
thread_BC4wCDANvdxLiXcC96PWj4kW;Wood, B., Rea, M. S., Plitnick, B., & Figueiro, M. G. (2013). Light level and duration of exposure determine the impact of self-luminous tablets on melatonin suppression. *Applied Ergonomics, 44*(2), 237-240. https://doi.org/10.1016/j.apergo.2012.07.008;valid
thread_BC4wCDANvdxLiXcC96PWj4kW;van der Lely, S., Frey, S., Garbazza, C., Wirz-Justice, A., Jenni, O. G., Steiner, R., Wolf, S., & Schmidt, C. (2015). Blue blocker glasses as a countermeasure for alerting effects of evening light-emitting diode screen exposure in male adolescents. *Journal of Adolescent Health, 56*(1), 113-119. https://doi.org/10.1016/j.jadohealth.2014.08.002;valid
thread_zkJzCRTRbxb9Q696rVG3ouJw;Chang, A. M., Aeschbach, D., Duffy, J. F., & Czeisler, C. A. (2015). Evening use of light-emitting eReaders negatively affects sleep, circadian timing, and next-morning alertness. *Proceedings of the National Academy of Sciences, 112*(4), 1232–1237. https://doi.org/10.1073/pnas.1418490112;metadata_error
thread_zkJzCRTRbxb9Q696rVG3ouJw;Cain, N., & Gradisar, M. (2010). Electronic media use and sleep in school-aged children and adolescents: A review. *Sleep Medicine, 11*(8), 735–742. https://doi.org/10.1016/j.sleep.2010.02.006;valid
thread_zkJzCRTRbxb9Q696rVG3ouJw;van den Bulck, J. (2004). Television viewing, computer game playing, and Internet use and self-reported time to bed and time out of bed in secondary-school children. *Sleep, 27*(1), 101–104. https://doi.org/10.1093/sleep/27.1.101;metadata_error
thread_zkJzCRTRbxb9Q696rVG3ouJw;Touitou, Y., Touitou, D., & Reinberg, A. (2016). Disruption of adolescents' circadian clock by blue light and its consequences: A theoretical review. *Chronobiology International, 33*(6), 1019–1028. https://doi.org/10.1080/07420528.2016.1193222;not_found
thread_zkJzCRTRbxb9Q696rVG3ouJw;Higuchi, S., Motohashi, Y., Liu, Y., & Maeda, A. (2005). Effects of VDT tasks with a bright display on melatonin levels in saliva. *American Journal of Industrial Medicine, 48*(2), 142–147. https://doi.org/10.1002/ajim.20195;metadata_error
thread_BCa4bovMtmrakORHASvibnvV;Cain, N., & Gradisar, M. (2010). Electronic media use and sleep in school-aged children and adolescents: A review. *Sleep Medicine*, *11*(8), 735-742. https://doi.org/10.1016/j.sleep.2010.02.006;valid
thread_BCa4bovMtmrakORHASvibnvV;Wahlstrom, K. L. (2002). Changing times: Findings from the first longitudinal study of later high school start times. *NASSP Bulletin*, *86*(633), 3-21. https://doi.org/10.1177/019263650208663302;metadata_error
thread_BCa4bovMtmrakORHASvibnvV;Chindamo, S., Buja, A., De Battisti, E., Tarullo, A., Rausa, G., & Baldo, V. (2020). Sleep and new media usage in children: A systematic review. *Sleep Medicine Reviews*, *53*, 101334. https://doi.org/10.1016/j.smrv.2020.101334;metadata_error
thread_BCa4bovMtmrakORHASvibnvV;Touitou, Y., Touitou, D., & Reinberg, A. (2017). Disruption of melatonin secretion due to evening exposure to light-emitting screens: A hazard for human health? *Chronobiology International*, *34*(5), 837-847. https://doi.org/10.1080/07420528.2017.1298670;not_found
thread_BCa4bovMtmrakORHASvibnvV;Hale, L., & Guan, S. (2015). Screen time and sleep among school-aged children and adolescents: A systematic literature review. *Sleep Medicine Reviews*, *21*, 50-58. https://doi.org/10.1016/j.smrv.2014.07.007;valid
thread_7HWiyrMbqyiQqkWuiqGjg8Wz;Chang, A.-M., Aeschbach, D., Duffy, J. F., & Czeisler, C. A. (2015). Evening use of light-emitting eReaders negatively affects sleep, circadian timing, and next-morning alertness. *Proceedings of the National Academy of Sciences, 112*(4), 1232–1237. https://doi.org/10.1073/pnas.1418490112;metadata_error
thread_7HWiyrMbqyiQqkWuiqGjg8Wz;Leung, L., & Zhang, R. (2016). Effects of smartphone use on sleep quality among Chinese university students: A mediating and moderating model. *Computers in Human Behavior, 68*, 39–47. https://doi.org/10.1016/j.chb.2016.11.034;metadata_error
thread_7HWiyrMbqyiQqkWuiqGjg8Wz;Cain, N., & Gradisar, M. (2010). Electronic media use and sleep in school-aged children and adolescents: A review. *Sleep Medicine, 11*(8), 735–742. https://doi.org/10.1016/j.sleep.2010.02.006;valid
thread_7HWiyrMbqyiQqkWuiqGjg8Wz;Vollmer, C., Randler, C., Horzum, M. B., & Ayas, T. (2014). Single parents and their children: Evaluation of the sleep quality and psychological problems of children. *Chronobiology International, 31*(4), 491–496. https://doi.org/10.3109/07420528.2013.877925;not_found
thread_7HWiyrMbqyiQqkWuiqGjg8Wz;Falbe, J., Davidson, K. K., Franckle, R. L., & Gortmaker, S. L. (2015). Sleep duration and obesity in children: A systematic review and meta-analysis. *Public Health Nutrition, 18*(5), 765–773. https://doi.org/10.1017/S1368980014001854;not_found
thread_03aAa2dRj2goXUDl0rR2JuCb;Chang, A. M., Aeschbach, D., Duffy, J. F., & Czeisler, C. A. (2015). Evening use of light-emitting eReaders negatively affects sleep, circadian timing, and next-morning alertness. *Proceedings of the National Academy of Sciences, 112*(4), 1232-1237. https://doi.org/10.1073/pnas.1418490112;metadata_error
thread_03aAa2dRj2goXUDl0rR2JuCb;Leung, L., & Lee, P. S. N. (2012). Impact of Internet literacy, Internet addiction symptoms, and Internet activities on academic performance. *Social Science Computer Review, 30*(4), 403-418. https://doi.org/10.1177/0894439311435217;valid
thread_03aAa2dRj2goXUDl0rR2JuCb;Cain, N., & Gradisar, M. (2010). Electronic media use and sleep in school-aged children and adolescents: A review. *Sleep Medicine, 11*(8), 735-742. https://doi.org/10.1016/j.sleep.2010.02.006;valid
thread_03aAa2dRj2goXUDl0rR2JuCb;Holzman, D. C. (2010). What’s in a color? The unique human health effects of blue light. *Environmental Health Perspectives, 118*(1), A22-A27. https://doi.org/10.1289/ehp.118-a22;valid
thread_03aAa2dRj2goXUDl0rR2JuCb;Vetter, C., Fischer, D., Matera, J. L., & Roenneberg, T. (2015). Aligning work and circadian time in shift workers improves sleep and reduces circadian disruption. *Current Biology, 25*(7), 907-911. https://doi.org/10.1016/j.cub.2015.01.064;valid
