"2025-06-14T18:49:27Z,""thread_h6XAxxacBumE7KdcubURXfba"",""run_Nx7BubzF7unY3o7x5aWtNiL7"",""assistant"",""1. Merikangas, K. R., Nakamura, E. F., & Kessler, R. C. (2009). Epidemiology of mental disorders in children and adolescents. *Dialogues in Clinical Neuroscience, 11*(1), 7–20. https://doi.org/10.31887/DCNS.2009.11.1/krmerikangas  "
2. Costello, E. J., Mustillo, S., Erkanli, A., Keeler, G., & Angold, A. (2003). Prevalence and development of psychiatric disorders in childhood and adolescence. *Archives of General Psychiatry, 60*(8), 837–844. https://doi.org/10.1001/archpsyc.60.8.837  
3. Beesdo, K., Knappe, S., & Pine, D. S. (2009). Anxiety and anxiety disorders in children and adolescents: Developmental issues and implications for DSM-V. *Psychiatric Clinics of North America, 32*(3), 483–524. https://doi.org/10.1016/j.psc.2009.06.002  
4. Lewinsohn, P. M., Rohde, P., Seeley, J. R., & Baldwin, C. L. (2001). Gender differences in suicide attempts from adolescence to young adulthood. *Journal of the American Academy of Child & Adolescent Psychiatry, 40*(4), 427–434. https://doi.org/10.1097/00004583-200104000-00013  
"5. Thapar, A., Collishaw, S., Pine, D. S., & Thapar, A. K. (2012). Depression in adolescence. *The Lancet, 379*(9820), 1056–1067. https://doi.org/10.1016/S0140-6736(11)60871-4  """
"2025-06-14T18:49:39Z,""thread_hJMqlOUOy1Scf1i9ZJKOAFJT"",""run_WSd6o4XQ5e6uHH6e0B84xpax"",""assistant"",""1. Costello, E. J., Egger, H., & Angold, A. (2005). 10-year research update review: The epidemiology of child and adolescent psychiatric disorders: I. Methods and public health burden. *Journal of the American Academy of Child & Adolescent Psychiatry, 44*(10), 972–986. https://doi.org/10.1097/01.chi.0000172552.41596.6f  "
2. Merikangas, K. R., He, J., Burstein, M., Swanson, S. A., Avenevoli, S., Cui, L., Benjet, C., Georgiades, K., & Swendsen, J. (2010). Lifetime prevalence of mental disorders in U.S. adolescents: Results from the National Comorbidity Survey Replication-Adolescent Supplement (NCS-A). *Journal of the American Academy of Child & Adolescent Psychiatry, 49*(10), 980–989. https://doi.org/10.1016/j.jaac.2010.05.017  
"3. Beesdo-Baum, K., Knappe, S., Asselmann, E., Zimmermann, P., Bruckl, T., Höfler, M., & Wittchen, H.-U. (2015). The """"early developmental"""" and """"late developmental"""" pathways to generalized anxiety disorder: A retrospective-longitudinal community study. *Psychological Medicine, 45*(3), 637–648. https://doi.org/10.1017/S0033291714001766  "
4. Lewinsohn, P. M., Rohde, P., Klein, D. N., & Seeley, J. R. (1999). Natural course of adolescent major depressive disorder: I. Continuity into young adulthood. *Journal of the American Academy of Child & Adolescent Psychiatry, 38*(1), 56–63. https://doi.org/10.1097/00004583-199901000-00020  
"5. Bor, W., Dean, A. J., Najman, J., & Hayatbakhsh, R. (2014). Are child and adolescent mental health problems increasing in the 21st century? A systematic review. *Australian & New Zealand Journal of Psychiatry, 48*(7), 606–616. https://doi.org/10.1177/0004867414533834  """
"2025-06-14T18:49:48Z,""thread_osL5nWbZ8LJ4E5Sm5sSuOApm"",""run_ONAKVfuYxh1sy8IROsfJZuum"",""assistant"",""1. Costello, E. J., Mustillo, S., Erkanli, A., Keeler, G., & Angold, A. (2003). Prevalence and development of psychiatric disorders in childhood and adolescence. *Archives of General Psychiatry, 60*(8), 837-844. https://doi.org/10.1001/archpsyc.60.8.837"
2. Merikangas, K. R., He, J., Burstein, M., Swendsen, J., Avenevoli, S., Case, B., Georgiades, K., & Olfson, M. (2010). Lifetime prevalence of mental disorders in U.S. adolescents: Results from the National Comorbidity Survey Replication–Adolescent Supplement (NCS-A). *Journal of the American Academy of Child & Adolescent Psychiatry, 49*(10), 980-989. https://doi.org/10.1016/j.jaac.2010.05.017
3. Essau, C. A., Lewinsohn, P. M., Olaya, B., & Seeley, J. R. (2014). Anxiety disorders in adolescents and psychosocial outcomes at age 30. *Journal of Affective Disorders, 163*, 125-132. https://doi.org/10.1016/j.jad.2013.12.033
4. Salk, R. H., Hyde, J. S., & Abramson, L. Y. (2017). Gender differences in depression in adolescence and young adulthood: A meta-analysis. *Journal of Abnormal Psychology, 126*(3), 335-348. https://doi.org/10.1037/abn0000256
"5. Twenge, J. M., & Nolen-Hoeksema, S. (2002). Age, gender, race, socioeconomic status, and the prevalence of depression in adolescence. *Journal of Abnormal Psychology, 111*(4), 578-588. https://doi.org/10.1037/0021-843X.111.4.578"""
"2025-06-14T18:49:57Z,""thread_zf3b4iUHeMDCU4WV6IYzOh3J"",""run_rTF8Tit4x6I3CHxtQOLP43bk"",""assistant"",""1. Costello, E. J., Mustillo, S., Erkanli, A., Keeler, G., & Angold, A. (2003). Prevalence and development of psychiatric disorders in childhood and adolescence. *Archives of General Psychiatry, 60*(8), 837-844. https://doi.org/10.1001/archpsyc.60.8.837  "
2. Merikangas, K. R., He, J., Burstein, M., Swendsen, J., Avenevoli, S., Case, B., ... & Olfson, M. (2010). Lifetime prevalence of mental disorders in US adolescents: Results from the National Comorbidity Survey Replication–Adolescent Supplement (NCS-A). *Journal of the American Academy of Child & Adolescent Psychiatry, 49*(10), 980-989. https://doi.org/10.1016/j.jaac.2010.05.017  
3. Beesdo-Baum, K., Knappe, S., Asselmann, E., Zimmermann, P., Bruckl, T., Höfler, M., ... & Wittchen, H. U. (2015). The natural course of social anxiety disorder among adolescents and young adults. *Acta Psychiatrica Scandinavica, 131*(6), 458-468. https://doi.org/10.1111/acps.12381  
4. Thapar, A., Collishaw, S., Pine, D. S., & Thapar, A. K. (2012). Depression in adolescence. *The Lancet, 379*(9820), 1056-1067. https://doi.org/10.1016/S0140-6736(11)60871-4  
"5. Nolen-Hoeksema, S. (2001). Gender differences in depression. *Current Directions in Psychological Science, 10*(5), 173-176. https://doi.org/10.1111/1467-8721.00142  """
"2025-06-14T18:50:07Z,""thread_ZNLxavGBDyD1c3ZCiWy4DXkP"",""run_zu528M0h1xhqLF5z2BIPajqz"",""assistant"",""1. Bor, W., Dean, A. J., Najman, J., & Hayatbakhsh, R. (2014). Are child and adolescent mental health problems increasing in the 21st century? A systematic review. *Australian & New Zealand Journal of Psychiatry, 48*(7), 606-616. https://doi.org/10.1177/0004867414533834  "
2. Merikangas, K. R., He, J., Burstein, M., Swendsen, J., Avenevoli, S., Case, B., Georgiades, K., & Olfson, M. (2010). Lifetime prevalence of mental disorders in U.S. adolescents: Results from the National Comorbidity Survey Replication–Adolescent Supplement (NCS-A). *Journal of the American Academy of Child & Adolescent Psychiatry, 49*(10), 980-989. https://doi.org/10.1016/j.jaac.2010.05.017  
3. Twenge, J. M., & Nolen-Hoeksema, S. (2002). Age, gender, race, socioeconomic status, and birth cohort differences on the Children's Depression Inventory: A meta-analysis. *Journal of Abnormal Psychology, 111*(4), 578-588. https://doi.org/10.1037/0021-843X.111.4.578  
4. Essau, C. A., Lewinsohn, P. M., Seeley, J. R., & Sasagawa, S. (2010). Gender differences in anxiety symptoms and anxiety disorders among adolescents: A prospective study. *Journal of Anxiety Disorders, 24*(7), 799-804. https://doi.org/10.1016/j.janxdis.2010.05.001  
"5. Avenevoli, S., Knight, E., Kessler, R. C., & Merikangas, K. R. (2008). Epidemiology of depression in children and adolescents. *Handbook of Depression in Children and Adolescents*, 6, 6-32. https://doi.org/10.1007/978-0-387-78219-9_2  """
"2025-06-14T18:50:16Z,""thread_FGMEwmJcdbFtbfpe7ZuXNu2G"",""run_uynfLNDTdY6zDExVVyZWJvbM"",""assistant"",""1. Costello, E. J., Erkanli, A., & Angold, A. (2006). Is there an epidemic of child or adolescent depression? *Journal of Child Psychology and Psychiatry*, 47(12), 1263-1271. https://doi.org/10.1111/j.1469-7610.2006.01682.x  "
2. Merikangas, K. R., Nakamura, E. F., & Kessler, R. C. (2009). Epidemiology of mental disorders in children and adolescents. *Dialogues in Clinical Neuroscience*, 11(1), 7-20.  
3. Beesdo, K., Knappe, S., & Pine, D. S. (2009). Anxiety and anxiety disorders in children and adolescents: Developmental issues and implications for DSM-V. *Psychiatric Clinics of North America*, 32(3), 483-524. https://doi.org/10.1016/j.psc.2009.06.002  
4. Bor, W., Dean, A. J., Najman, J., & Hayatbakhsh, R. (2014). Are child and adolescent mental health problems increasing in the 21st century? A systematic review. *Australian & New Zealand Journal of Psychiatry*, 48(7), 606-616. https://doi.org/10.1177/0004867414533834  
"5. Twenge, J. M., & Nolen-Hoeksema, S. (2002). Age, gender, race, socioeconomic status, and birth cohort differences on the Children's Depression Inventory: A meta-analysis. *Journal of Abnormal Psychology*, 111(4), 578-588. https://doi.org/10.1037/0021-843X.111.4.578  """
"2025-06-14T18:50:25Z,""thread_UNx0DtfglYHTNWzJwL7ekyRX"",""run_CTokXDPKq5GOxJD4fEuVkRMS"",""assistant"",""1. Merikangas, K. R., He, J., Burstein, M., Swanson, S. A., Avenevoli, S., Cui, L., Benjet, C., Georgiades, K., & Swendsen, J. (2010). Lifetime prevalence of mental disorders in U.S. adolescents: Results from the National Comorbidity Survey Replication–Adolescent Supplement (NCS-A). *Journal of the American Academy of Child & Adolescent Psychiatry, 49*(10), 980–989. https://doi.org/10.1016/j.jaac.2010.05.017  "
2. Beesdo-Baum, K., Knappe, S., & Pine, D. S. (2009). Anxiety and depression in adolescence: A developmental psychopathology perspective. *The Psychiatric Clinics of North America, 32*(3), 483–524. https://doi.org/10.1016/j.psc.2009.06.002  
3. Twenge, J. M., & Nolen-Hoeksema, S. (2002). Age, gender, race, and income differences in depression in a U.S. national sample. *Social Indicators Research, 60*(1-3), 123–140. https://doi.org/10.1023/A:1020777003085  
4. Essau, C. A., Lewinsohn, P. M., Seeley, J. R., & Sasagawa, S. (2010). Gender differences in the developmental course of depression. *Journal of Affective Disorders, 127*(1-3), 185–190. https://doi.org/10.1016/j.jad.2010.05.016  
"5. Costello, E. J., Mustillo, S., Erkanli, A., Keeler, G., & Angold, A. (2003). Prevalence and development of psychiatric disorders in childhood and adolescence. *Archives of General Psychiatry, 60*(8), 837–844. https://doi.org/10.1001/archpsyc.60.8.837  """
"2025-06-14T18:50:33Z,""thread_0aMLCxcuk2C2PD7OHvld7HHk"",""run_ng54zlF2o9l5SXW8JPnmCAo6"",""assistant"",""1. Costello, E. J., Mustillo, S., Erkanli, A., Keeler, G., & Angold, A. (2003). Prevalence and development of psychiatric disorders in childhood and adolescence. *Archives of General Psychiatry, 60*(8), 837-844. https://doi.org/10.1001/archpsyc.60.8.837  "
2. Lewinsohn, P. M., Rohde, P., Seeley, J. R., & Fischer, S. A. (1993). Age and gender differences in depression. *Journal of Abnormal Psychology, 102*(1), 110-120. https://doi.org/10.1037/0021-843X.102.1.110  
3. Kann, L., McManus, T., Harris, W. A., et al. (2018). Youth Risk Behavior Surveillance — United States, 2017. *Morbidity and Mortality Weekly Report, 67*(8), 1-114. https://doi.org/10.15585/mmwr.ss6708a1  
4. Merikangas, K. R., Nakamura, E. F., & Kessler, R. C. (2009). Epidemiology of mental disorders in children and adolescents. *Dialogues in Clinical Neuroscience, 11*(1), 7-20.  
"5. Twenge, J. M., & Nolen-Hoeksema, S. (2002). Age, gender, race, and depression in childhood and adolescence: A meta-analysis. *Journal of Abnormal Psychology, 111*(4), 578-588. https://doi.org/10.1037/0021-843X.111.4.578  """
"2025-06-14T18:50:43Z,""thread_20kKhShbvMswKn4KHypng2mN"",""run_oGPQMTSgJpnQnZdtTdODFk6l"",""assistant"",""1. Beesdo, K., Knappe, S., & Pine, D. S. (2009). Anxiety and anxiety disorders in children and adolescents: Developmental issues and implications for DSM-V. *Psychiatric Clinics of North America, 32*(3), 483–524. https://doi.org/10.1016/j.psc.2009.06.002  "
2. Costello, E. J., Egger, H., & Angold, A. (2005). 10-year research update review: The epidemiology of child and adolescent psychiatric disorders: I. Methods and public health burden. *Journal of the American Academy of Child & Adolescent Psychiatry, 44*(10), 972–986. https://doi.org/10.1097/01.chi.0000172552.41596.6f  
3. Merikangas, K. R., He, J., Burstein, M., Swendsen, J., Avenevoli, S., Case, B., ... & Olfson, M. (2010). Lifetime prevalence of mental disorders in U.S. adolescents: Results from the National Comorbidity Survey Replication–Adolescent Supplement (NCS-A). *Journal of the American Academy of Child & Adolescent Psychiatry, 49*(10), 980–989. https://doi.org/10.1016/j.jaac.2010.05.017  
4. Thapar, A., Collishaw, S., Pine, D. S., & Thapar, A. K. (2012). Depression in adolescence. *The Lancet, 379*(9820), 1056–1067. https://doi.org/10.1016/S0140-6736(11)60871-4  
"5. Van Oort, F. V. A., Greaves‐Lord, K., Ormel, J., Verhulst, F. C., & Huizink, A. C. (2011). Risk indicators of anxiety throughout adolescence: The TRAILS study. *Journal of the American Academy of Child & Adolescent Psychiatry, 50*(8), 762–771. https://doi.org/10.1016/j.jaac.2011.05.006  """
"2025-06-14T18:50:53Z,""thread_bODk6Jl9zF2ds8MRYLL7SXH4"",""run_4OBdePccL7FsIGyCkVT9O8qn"",""assistant"",""1. Costello, E. J., Mustillo, S., Erkanli, A., Keeler, G., & Angold, A. (2003). Prevalence of psychiatric disorders in childhood and adolescence. *Journal of the American Academy of Child & Adolescent Psychiatry, 42*(10), 1203-1211. https://doi.org/10.1097/00004583-200310000-00011  "
2. Merikangas, K. R., He, J. P., Burstein, M., Swanson, S. A., Avenevoli, S., Cui, L., Benjet, C., Georgiades, K., & Swendsen, J. (2010). Lifetime prevalence of mental disorders in U.S. adolescents: Results from the National Comorbidity Survey Replication–Adolescent Supplement (NCS-A). *Journal of the American Academy of Child & Adolescent Psychiatry, 49*(10), 980-989. https://doi.org/10.1016/j.jaac.2010.05.017  
3. Thapar, A., Collishaw, S., Pine, D. S., & Thapar, A. K. (2012). Depression in adolescence. *The Lancet, 379*(9820), 1056-1067. https://doi.org/10.1016/S0140-6736(11)60871-4  
4. Van Oort, F. V. A., van der Ende, J., Wadsworth, M. E., Verhulst, F. C., & Achenbach, T. M. (2011). Cross-national comparison of the link between socioeconomic status and emotional and behavioral problems in youths. *Social Psychiatry and Psychiatric Epidemiology, 46*(2), 167-172. https://doi.org/10.1007/s00127-010-0191-5  
"5. Bor, W., Dean, A. J., Najman, J., & Hayatbakhsh, R. (2014). Are child and adolescent mental health problems increasing in the 21st century? A systematic review. *Australian & New Zealand Journal of Psychiatry, 48*(7), 606-616. https://doi.org/10.1177/0004867414533834  """
"2025-06-14T18:51:03Z,""thread_Ij9dIcCe6MxajNPQaUdrIgwK"",""run_xHhZAts2qi1szlDrVT69hLYw"",""assistant"",""1. Costello, E. J., Mustillo, S., Erkanli, A., Keeler, G., & Angold, A. (2003). Prevalence and development of psychiatric disorders in childhood and adolescence. *Archives of General Psychiatry*, *60*(8), 837-844. https://doi.org/10.1001/archpsyc.60.8.837  "
2. Merikangas, K. R., He, J., Burstein, M., Swanson, S. A., Avenevoli, S., Cui, L., ... & Swendsen, J. (2010). Lifetime prevalence of mental disorders in U.S. adolescents: Results from the National Comorbidity Survey Replication–Adolescent Supplement (NCS-A). *Journal of the American Academy of Child & Adolescent Psychiatry*, *49*(10), 980-989. https://doi.org/10.1016/j.jaac.2010.05.017  
3. Twenge, J. M., & Nolen-Hoeksema, S. (2002). Age, gender, race, socioeconomic status, and birth cohort differences on the Children's Depression Inventory: A meta-analysis. *Journal of Abnormal Psychology*, *111*(4), 578-588. https://doi.org/10.1037/0021-843X.111.4.578  
4. Cyranowski, J. M., Frank, E., Young, E., & Shear, M. K. (2000). Adolescent onset of the gender difference in lifetime rates of major depression: A theoretical model. *Psychological Bulletin*, *126*(5), 701-736. https://doi.org/10.1037/0033-2909.126.5.701  
"5. Beesdo, K., Knappe, S., & Pine, D. S. (2009). Anxiety and anxiety disorders in children and adolescents: Developmental issues and implications for DSM-V. *Psychiatric Clinics of North America*, *32*(3), 483-524. https://doi.org/10.1016/j.psc.2009.06.002  """
"2025-06-14T18:51:13Z,""thread_mO2Rnd1k2wW7K9agYFYoyWnh"",""run_atiICN1HdpfGgPNCsqbRLvyS"",""assistant"",""1. Costello, E. J., Mustillo, S., Erkanli, A., Keeler, G., & Angold, A. (2003). Prevalence of psychiatric disorders in childhood and adolescence. *Journal of the American Academy of Child & Adolescent Psychiatry, 42*(4), 411-418. https://doi.org/10.1097/01.CHI.0000046809.56986.87  "
2. Merikangas, K. R., He, J., Burstein, M., Swendsen, J., Avenevoli, S., Case, B., Georgiades, K., & Olfson, M. (2010). Lifetime prevalence of mental disorders in U.S. adolescents: Results from the National Comorbidity Survey Replication–Adolescent Supplement (NCS-A). *Journal of the American Academy of Child & Adolescent Psychiatry, 49*(10), 980-989. https://doi.org/10.1016/j.jaac.2010.05.017  
3. Twenge, J. M., & Nolen-Hoeksema, S. (2002). Age, gender, race, socioeconomic status, and birth cohort differences on the Children’s Depression Inventory: A meta-analysis. *Journal of Abnormal Psychology, 111*(4), 578-588. https://doi.org/10.1037/0021-843X.111.4.578  
4. Beesdo-Baum, K., Knappe, S., Fehm, L., Höfler, M., Lieb, R., & Wittchen, H.-U. (2010). The natural course of social anxiety disorder among adolescents and young adults. *Acta Psychiatrica Scandinavica, 121*(2), 109-121. https://doi.org/10.1111/j.1600-0447.2009.01425.x  
"5. Lewinsohn, P. M., Rohde, P., Seeley, J. R., & Baldwin, C. L. (2001). Gender differences in suicide attempts from adolescence to young adulthood. *Journal of the American Academy of Child & Adolescent Psychiatry, 40*(4), 427-434. https://doi.org/10.1097/00004583-200104000-00017  """
"2025-06-14T18:51:21Z,""thread_OeMSVeyXhqDQ0iOdYUfXbNlR"",""run_nU6nnddnh3L4rlyGvm6o3GUN"",""assistant"",""1. Beesdo, K., Knappe, S., & Pine, D. S. (2009). Anxiety and anxiety disorders in children and adolescents: Developmental issues and implications for DSM-V. *Psychiatric Clinics of North America, 32*(3), 483–524. https://doi.org/10.1016/j.psc.2009.06.002  "
2. Costello, E. J., Mustillo, S., Erkanli, A., Keeler, G., & Angold, A. (2003). Prevalence and development of psychiatric disorders in childhood and adolescence. *Archives of General Psychiatry, 60*(8), 837–844. https://doi.org/10.1001/archpsyc.60.8.837  
3. Nolen-Hoeksema, S., & Girgus, J. S. (1994). The emergence of gender differences in depression during adolescence. *Psychological Bulletin, 115*(3), 424–443. https://doi.org/10.1037/0033-2909.115.3.424  
4. Merikangas, K. R., He, J., Burstein, M., Swanson, S. A., Avenevoli, S., Cui, L., Benjet, C., Georgiades, K., & Swendsen, J. (2010). Lifetime prevalence of mental disorders in U.S. adolescents: Results from the National Comorbidity Survey Replication–Adolescent Supplement (NCS-A). *Journal of the American Academy of Child & Adolescent Psychiatry, 49*(10), 980–989. https://doi.org/10.1016/j.jaac.2010.05.017  
"5. Kessler, R. C., Avenevoli, S., & Merikangas, K. R. (2001). Mood disorders in children and adolescents: An epidemiologic perspective. *Biological Psychiatry, 49*(12), 1002–1014. https://doi.org/10.1016/S0006-3223(01)01129-5  """
"2025-06-14T18:51:31Z,""thread_mhV4zGGY5gQNuY9I4zZDtGqO"",""run_CUjBNQQOjWkWJ9LFX93nqTW4"",""assistant"",""1. Costello, E. J., Erkanli, A., & Angold, A. (2006). Is there an epidemic of child or adolescent depression? *Journal of Child Psychology and Psychiatry*, 47(12), 1263-1271. https://doi.org/10.1111/j.1469-7610.2006.01682.x  "
2. Merikangas, K. R., He, J., Burstein, M., Swendsen, J., Avenevoli, S., Case, B., Georgiades, K., & Olfson, M. (2010). Lifetime prevalence of mental disorders in U.S. adolescents: Results from the National Comorbidity Survey Replication–Adolescent Supplement (NCS-A). *Journal of the American Academy of Child & Adolescent Psychiatry*, 49(10), 980-989. https://doi.org/10.1016/j.jaac.2010.05.017  
3. Twenge, J. M., & Nolen-Hoeksema, S. (2002). Age, gender, race, socioeconomic status, and birth cohort differences on the Children's Depression Inventory: A meta-analysis. *Journal of Abnormal Psychology*, 111(4), 578-588. https://doi.org/10.1037/0021-843X.111.4.578  
4. Beesdo-Baum, K., Knappe, S., Asselmann, E., Zimmermann, P., & Wittchen, H.-U. (2015). The structure of common mental disorders in adolescents: A cross-sectional study. *Child and Adolescent Psychiatry and Mental Health*, 9(1), 1-13. https://doi.org/10.1186/s13034-015-0058-4  
"5. Thapar, A., Collishaw, S., Pine, D. S., & Thapar, A. K. (2012). Depression in adolescence. *The Lancet*, 379(9820), 1056-1067. https://doi.org/10.1016/S0140-6736(11)60871-4  """
"2025-06-14T18:51:41Z,""thread_uD6Oc2vIpPC5b4K2mBc1nfJc"",""run_PMgUr0JFGfyyY4rDacjNMTIJ"",""assistant"",""1. Costello, E. J., Mustillo, S., Erkanli, A., Keeler, G., & Angold, A. (2003). Prevalence and development of psychiatric disorders in childhood and adolescence. *Archives of General Psychiatry*, *60*(8), 837-844. https://doi.org/10.1001/archpsyc.60.8.837  "
2. Merikangas, K. R., He, J., Brody, D., Fisher, P. W., Bourdon, K., & Koretz, D. S. (2010). Prevalence and treatment of mental disorders among US children in the 2001-2004 NHANES. *Pediatrics*, *125*(1), 75-82. https://doi.org/10.1542/peds.2008-2598  
3. Twenge, J. M., & Nolen-Hoeksema, S. (2002). Age, gender, race, socioeconomic status, and birth cohort differences on the Children's Depression Inventory: A meta-analysis. *Journal of Abnormal Psychology*, *111*(4), 578-588. https://doi.org/10.1037/0021-843X.111.4.578  
4. Lewinsohn, P. M., Hops, H., Roberts, R. E., Seeley, J. R., & Andrews, J. A. (1993). Adolescent psychopathology: I. Prevalence and incidence of depression and other DSM-III-R disorders in high school students. *Journal of Abnormal Psychology*, *102*(1), 133-144. https://doi.org/10.1037/0021-843X.102.1.133  
"5. Essau, C. A., Lewinsohn, P. M., Seeley, J. R., & Sasagawa, S. (2010). Gender differences in the developmental course of depression. *Journal of Affective Disorders*, *127*(1-3), 185-190. https://doi.org/10.1016/j.jad.2010.06.010  """
"2025-06-14T18:51:50Z,""thread_sSzdu8KWUCZIecGRiyuZPzSy"",""run_cCFSrkoFMZf23VCJPsCZtzFW"",""assistant"",""1. Merikangas, K. R., Nakamura, E. F., & Kessler, R. C. (2009). Epidemiology of mental disorders in children and adolescents. *Dialogues in Clinical Neuroscience, 11*(1), 7-20."
2. Costello, E. J., Mustillo, S., Erkanli, A., Keeler, G., & Angold, A. (2003). Prevalence and development of psychiatric disorders in childhood and adolescence. *Archives of General Psychiatry, 60*(8), 837-844. https://doi.org/10.1001/archpsyc.60.8.837
3. Twenge, J. M., & Nolen-Hoeksema, S. (2002). Age, gender, race, socioeconomic status, and the emergence of depressive symptoms in adolescence: A meta-analytic review. *Journal of Abnormal Psychology, 111*(4), 578-588. https://doi.org/10.1037/0021-843X.111.4.578
4. Salk, R. H., Hyde, J. S., & Abramson, L. Y. (2017). Gender differences in depression in representative national samples: Meta-analyses of diagnoses and symptoms. *Psychological Bulletin, 143*(8), 783-822. https://doi.org/10.1037/bul0000102
"5. Avenevoli, S., Swendsen, J., He, J. P., Burstein, M., & Merikangas, K. R. (2015). Major depression in the National Comorbidity Survey–Adolescent Supplement: Prevalence, correlates, and treatment. *Journal of the American Academy of Child & Adolescent Psychiatry, 54*(1), 37-44.e2. https://doi.org/10.1016/j.jaac.2014.10.010"""
"2025-06-14T18:52:00Z,""thread_jd3Ru7UvtbrmwwzxJvbcp3ga"",""run_INL8JVDGR8NCgmCJ6PVVWwUv"",""assistant"",""1. Costello, E. J., Mustillo, S., Erkanli, A., Keeler, G., & Angold, A. (2003). Prevalence and development of psychiatric disorders in childhood and adolescence. Archives of General Psychiatry, 60(8), 837–844. https://doi.org/10.1001/archpsyc.60.8.837  "
2. Merikangas, K. R., He, J., Burstein, M., Swanson, S. A., Avenevoli, S., Cui, L., Benjet, C., Georgiades, K., & Swendsen, J. (2010). Lifetime prevalence of mental disorders in U.S. adolescents: Results from the National Comorbidity Survey Replication–Adolescent Supplement (NCS-A). Journal of the American Academy of Child & Adolescent Psychiatry, 49(10), 980–989. https://doi.org/10.1016/j.jaac.2010.05.017  
3. Salk, R. H., Hyde, J. S., & Abramson, L. Y. (2017). Gender differences in depression in representative national samples: Meta-analyses of diagnoses and symptoms. Psychological Bulletin, 143(8), 783–822. https://doi.org/10.1037/bul0000102  
4. Twenge, J. M., & Nolen-Hoeksema, S. (2002). Age, gender, race, socioeconomic status, and the emergence of depressive symptoms in adolescence. Journal of Clinical Psychology, 58(11), 1301–1312. https://doi.org/10.1002/jclp.10074  
"5. Beesdo-Baum, K., Knappe, S., Asselmann, E., Zimmermann, P., Höfler, M., Lieb, R., & Wittchen, H. U. (2015). The structure of common mental disorders in adolescents: A latent class analysis. Journal of Child Psychology and Psychiatry, 56(7), 791–800. https://doi.org/10.1111/jcpp.12329  """
"2025-06-14T18:52:09Z,""thread_rCsckTuskUTKBQfQpr9rwnsi"",""run_OmtaBnGVIrDYvpUDBc4ZvpWo"",""assistant"",""1. Costello, E. J., Mustillo, S., Erkanli, A., Keeler, G., & Angold, A. (2003). Prevalence and development of psychiatric disorders in childhood and adolescence. *Archives of General Psychiatry, 60*(8), 837-844. https://doi.org/10.1001/archpsyc.60.8.837  "
2. Merikangas, K. R., He, J., Burstein, M., Swanson, S. A., Avenevoli, S., Cui, L., Benjet, C., Georgiades, K., & Swendsen, J. (2010). Lifetime prevalence of mental disorders in U.S. adolescents: Results from the National Comorbidity Survey Replication–Adolescent Supplement (NCS-A). *Journal of the American Academy of Child & Adolescent Psychiatry, 49*(10), 980-989. https://doi.org/10.1016/j.jaac.2010.05.017  
3. Twenge, J. M., & Nolen-Hoeksema, S. (2002). Age, gender, race, socioeconomic status, and the prevalence of depression in adolescence. *Journal of Abnormal Psychology, 111*(4), 578-588. https://doi.org/10.1037//0021-843x.111.4.578  
4. Beesdo, K., Knappe, S., & Pine, D. S. (2009). Anxiety and anxiety disorders in children and adolescents: Developmental issues and implications for DSM-V. *Psychiatric Clinics of North America, 32*(3), 483-524. https://doi.org/10.1016/j.psc.2009.06.002  
"5. Angold, A., Erkanli, A., Farmer, E. M., Fairbank, J. A., & Burns, B. J. (2002). Psychiatric disorder, impairment, and service use in rural African American and White youth. *Archives of General Psychiatry, 59*(10), 893-901. https://doi.org/10.1001/archpsyc.59.10.893  """
"2025-06-14T18:52:17Z,""thread_1QMBi8PoMcq4LFA3Rgvd2kwK"",""run_ELDWmWwOE9Er6n4S2WAgBTwd"",""assistant"",""1. Costello, E. J., Mustillo, S., Erkanli, A., Keeler, G., & Angold, A. (2003). Prevalence and development of psychiatric disorders in childhood and adolescence. *Archives of General Psychiatry*, *60*(8), 837-844. https://doi.org/10.1001/archpsyc.60.8.837  "
2. Merikangas, K. R., He, J., Burstein, M., Swanson, S. A., Avenevoli, S., Cui, L., Benjet, C., Georgiades, K., & Swendsen, J. (2010). Lifetime prevalence of mental disorders in US adolescents: Results from the National Comorbidity Survey Replication–Adolescent Supplement (NCS-A). *Journal of the American Academy of Child & Adolescent Psychiatry*, *49*(10), 980-989. https://doi.org/10.1016/j.jaac.2010.05.017  
3. Twenge, J. M., & Nolen-Hoeksema, S. (2002). Age, gender, race, socioeconomic status, and the emergence of depressive symptoms in adolescence: A meta-analysis. *Journal of Clinical Child and Adolescent Psychology*, *31*(3), 299-312. https://doi.org/10.1207/S15374424JCCP3103_2  
4. Essau, C. A., Lewinsohn, P. M., Seeley, J. R., & Sasagawa, M. (2010). Gender differences in the developmental course of depression. *Journal of Affective Disorders*, *127*(1-3), 185-190. https://doi.org/10.1016/j.jad.2010.06.016  
"5. Salk, R. H., Hyde, J. S., & Abramson, L. Y. (2017). Gender differences in depression in representative national samples: Meta-analyses of diagnoses and symptoms. *Psychological Bulletin*, *143*(8), 783-822. https://doi.org/10.1037/bul0000102  """
"2025-06-14T18:52:26Z,""thread_FxmtjUVq4OmwoB2zMMolYCaS"",""run_8XMupohzo0k3P6LIHvPEdRiD"",""assistant"",""1. Costello, E. J., Mustillo, S., Erkanli, A., Keeler, G., & Angold, A. (2003). Prevalence and development of psychiatric disorders in childhood and adolescence. Archives of General Psychiatry, 60(8), 837–844. https://doi.org/10.1001/archpsyc.60.8.837  "
2. Merikangas, K. R., Nakamura, E. F., & Kessler, R. C. (2009). Epidemiology of mental disorders in children and adolescents. Dialogues in Clinical Neuroscience, 11(1), 7–20.  
3. Beesdo, K., Knappe, S., & Pine, D. S. (2009). Anxiety and anxiety disorders in children and adolescents: Developmental issues and implications for DSM-V. Psychiatric Clinics of North America, 32(3), 483–524. https://doi.org/10.1016/j.psc.2009.06.002  
4. Twenge, J. M., & Nolen-Hoeksema, S. (2002). Age, gender, race, socioeconomic status, and the emergence of depressive symptoms in adolescence. Journal of Clinical Psychology, 58(12), 1497–1513. https://doi.org/10.1002/jclp.10061  
"5. Angst, J., & Dobler-Mikola, A. (1985). The epidemiology of depressive disorders. European Archives of Psychiatry and Neurological Sciences, 235(2), 65–75. https://doi.org/10.1007/BF00372944  """
"2025-06-14T18:52:35Z,""thread_e3upwiTvkoVlU4bbq7B79F7X"",""run_UN0JEBj6RYCVT9pJooatmRZQ"",""assistant"",""1. Costello, E. J., Mustillo, S., Erkanli, A., Keeler, G., & Angold, A. (2003). Prevalence of psychiatric disorders in childhood and adolescence. *Journal of the American Academy of Child & Adolescent Psychiatry, 42*(8), 971–979. https://doi.org/10.1097/01.CHI.0000046873.27264.AE  "
2. Merikangas, K. R., He, J., Burstein, M., Swanson, S. A., Avenevoli, S., Cui, L., Benjet, C., Georgiades, K., & Swendsen, J. (2010). Lifetime prevalence of mental disorders in U.S. adolescents: Results from the National Comorbidity Survey Replication-Adolescent Supplement (NCS-A). *Journal of the American Academy of Child & Adolescent Psychiatry, 49*(10), 980–989. https://doi.org/10.1016/j.jaac.2010.05.017  
3. Twenge, J. M., & Nolen-Hoeksema, S. (2002). Age, gender, race, socioeconomic status, and depressive symptoms in adolescence: A meta-analysis. *Journal of Clinical Child & Adolescent Psychology, 31*(3), 311–317. https://doi.org/10.1207/S15374424JCCP3103_3  
4. Avenevoli, S., Knight, E., Kessler, R. C., & Merikangas, K. R. (2008). Epidemiology of depression in children and adolescents. In J. Abela & B. L. Hankin (Eds.), *Handbook of depression in children and adolescents* (pp. 6–32). Guilford Press.  
"5. Van Oort, F. V. A., Greaves-Lord, K., Ormel, J., Verhulst, F. C., & Huizink, A. C. (2011). The developmental course of anxiety symptoms during adolescence: The TRAILS study. *Journal of Child Psychology and Psychiatry, 52*(4), 461–469. https://doi.org/10.1111/j.1469-7610.2010.02303.x  """
"2025-06-14T18:52:45Z,""thread_qLeT4qhL8fAXeX3p9XbnCNKw"",""run_gEUFsJEetlzSm279JVLIW4ez"",""assistant"",""1. Costello, E. J., Mustillo, S., Erkanli, A., Keeler, G., & Angold, A. (2003). Prevalence of psychiatric disorders in childhood and adolescence. *Journal of the American Academy of Child & Adolescent Psychiatry, 42*(10), 1203–1211. https://doi.org/10.1097/00004583-200310000-00011  "
2. Merikangas, K. R., He, J., Burstein, M., Swendsen, J., Avenevoli, S., Case, B., ... & Olfson, M. (2010). Lifetime prevalence of mental disorders in U.S. adolescents: Results from the National Comorbidity Survey Replication–Adolescent Supplement (NCS-A). *Journal of the American Academy of Child & Adolescent Psychiatry, 49*(10), 980–989. https://doi.org/10.1016/j.jaac.2010.05.017  
3. Viner, R. M., Ross, D., Hardy, R., Kuh, D., Power, C., Johnson, A., ... & Wellings, K. (2012). Life course epidemiology: Recognizing the importance of adolescence. *Journal of Epidemiology & Community Health, 66*(8), 713–715. https://doi.org/10.1136/jech-2011-200727  
4. Ghandour, R. M., Sherman, L. J., Vladutiu, C. J., Ali, M. M., Lynch, S. E., Bitsko, R. H., & Blumberg, S. J. (2019). Prevalence and treatment of depression, anxiety, and conduct problems in US children. *The Journal of Pediatrics, 206*, 256–267.e3. https://doi.org/10.1016/j.jpeds.2018.09.021  
"5. Bor, W., Dean, A. J., Najman, J., & Hayatbakhsh, R. (2014). Are child and adolescent mental health problems increasing in the 21st century? A systematic review. *Australian & New Zealand Journal of Psychiatry, 48*(7), 606–616. https://doi.org/10.1177/0004867414533834  """
"2025-06-14T18:52:54Z,""thread_hYGNkmRoq3WMZDyNcZSdJI5C"",""run_ukBRi6MQ3eEsrGmofCSgFQA3"",""assistant"",""1. Costello, E. J., Mustillo, S., Erkanli, A., Keeler, G., & Angold, A. (2003). Prevalence and development of psychiatric disorders in childhood and adolescence. Archives of General Psychiatry, 60(8), 837-844. https://doi.org/10.1001/archpsyc.60.8.837  "
2. Merikangas, K. R., Nakamura, E. F., & Kessler, R. C. (2009). Epidemiology of mental disorders in children and adolescents. Dialogues in Clinical Neuroscience, 11(1), 7-20. https://doi.org/10.31887/DCNS.2009.11.1/krmerikangas  
3. Twenge, J. M., & Nolen-Hoeksema, S. (2002). Age, gender, race, socioeconomic status, and depression in adolescence: A meta-analytic review. Clinical Psychology Review, 22(2), 151-183. https://doi.org/10.1016/S0272-7358(01)00057-1  
4. Avenevoli, S., Knight, E., Kessler, R. C., & Merikangas, K. R. (2008). Epidemiology of depression in children and adolescents. In D. Shaffer, B. L. Waslick, & F. C. Althoff (Eds.), The Handbook of Child and Adolescent Psychiatry (pp. 1-16). Wiley-Blackwell. https://doi.org/10.1002/9780470757703.ch5  
"5. Essau, C. A., Lewinsohn, P. M., Seeley, J. R., & Sasagawa, S. (2010). Gender differences in the developmental course of depression. Journal of Affective Disorders, 127(1-3), 185-190. https://doi.org/10.1016/j.jad.2010.06.013  """
"2025-06-14T18:53:03Z,""thread_MP8XDqMClrOnPGqE1V1AxFC0"",""run_HHuWD0DWHYQMY2H24TX2ZHdU"",""assistant"",""1. Costello, E. J., Mustillo, S., Erkanli, A., Keeler, G., & Angold, A. (2003). Prevalence and development of psychiatric disorders in childhood and adolescence. Archives of General Psychiatry, 60(8), 837-844. https://doi.org/10.1001/archpsyc.60.8.837  "
2. Merikangas, K. R., He, J., Brody, D., Fisher, P. W., Bourdon, K., & Koretz, D. S. (2010). Prevalence and treatment of mental disorders among US children in the 2001-2004 NHANES. Pediatrics, 125(1), 75-81. https://doi.org/10.1542/peds.2008-2598  
3. Twenge, J. M., & Nolen-Hoeksema, S. (2002). Age, gender, race, socioeconomic status, and birth cohort differences on the Children's Depression Inventory: A meta-analysis. Journal of Abnormal Psychology, 111(4), 578–588. https://doi.org/10.1037/0021-843X.111.4.578  
4. Bor, W., Dean, A. J., Najman, J., & Hayatbakhsh, R. (2014). Are child and adolescent mental health problems increasing in the 21st century? A systematic review. Australian & New Zealand Journal of Psychiatry, 48(7), 606-616. https://doi.org/10.1177/0004867414533834  
"5. Thapar, A., Collishaw, S., Pine, D. S., & Thapar, A. K. (2012). Depression in adolescence. The Lancet, 379(9820), 1056-1067. https://doi.org/10.1016/S0140-6736(11)60871-4  """
"2025-06-14T18:53:13Z,""thread_KGfD3pXtJmSZ9w3ulbANR4uM"",""run_kePKYC3AiiqCmaSObcfSdUGW"",""assistant"",""1. Costello, E. J., Mustillo, S., Erkanli, A., Keeler, G., & Angold, A. (2003). Prevalence and development of psychiatric disorders in childhood and adolescence. *Archives of General Psychiatry*, 60(8), 837-844. https://doi.org/10.1001/archpsyc.60.8.837  "
2. Merikangas, K. R., He, J., Burstein, M., Swanson, S. A., Avenevoli, S., Cui, L., Benjet, C., Georgiades, K., & Swendsen, J. (2010). Lifetime prevalence of mental disorders in U.S. adolescents: Results from the National Comorbidity Survey Replication–Adolescent Supplement (NCS-A). *Journal of the American Academy of Child & Adolescent Psychiatry*, 49(10), 980-989. https://doi.org/10.1016/j.jaac.2010.05.017  
3. Twenge, J. M., & Nolen-Hoeksema, S. (2002). Age, gender, race, socioeconomic status, and the emergence of depression in adolescence. *Journal of Adolescence*, 25(4), 511-526. https://doi.org/10.1006/jado.2002.0491  
4. Avenevoli, S., Knight, E., Kessler, R. C., & Merikangas, K. R. (2008). Epidemiology of depression in children and adolescents. In C. M. Mazure & G. P. Keita (Eds.), *Understanding depression in women: Applying empirical research to practice and policy* (pp. 53-72). American Psychological Association. https://doi.org/10.1037/11760-003  
"5. Thapar, A., Collishaw, S., Pine, D. S., & Thapar, A. K. (2012). Depression in adolescence. *The Lancet*, 379(9820), 1056-1067. https://doi.org/10.1016/S0140-6736(11)60871-4  """
"2025-06-14T18:53:22Z,""thread_K4c86NoIfxxzcElwA64Z1Cql"",""run_6k04unBsJznRkO0RKgTUUKsh"",""assistant"",""1. Costello, E. J., Egger, H., & Angold, A. (2005). 10-year research update review: The epidemiology of child and adolescent psychiatric disorders: I. Methods and public health burden. *Journal of the American Academy of Child & Adolescent Psychiatry, 44*(10), 972-986. https://doi.org/10.1097/01.chi.0000172552.41596.6f  "
2. Merikangas, K. R., Nakamura, E. F., & Kessler, R. C. (2009). Epidemiology of mental disorders in children and adolescents. *Dialogues in Clinical Neuroscience, 11*(1), 7-20. https://doi.org/10.31887/DCNS.2009.11.1/krmerikangas  
3. Beesdo-Baum, K., & Knappe, S. (2012). Developmental epidemiology of anxiety disorders. *Biological Psychiatry, 71*(6), 493-501. https://doi.org/10.1016/j.biopsych.2011.08.006  
4. Bor, W., Dean, A. J., Najman, J., & Hayatbakhsh, R. (2014). Are child and adolescent mental health problems increasing in the 21st century? A systematic review. *Australian & New Zealand Journal of Psychiatry, 48*(7), 606-616. https://doi.org/10.1177/0004867414533834  
"5. Thapar, A., Collishaw, S., Pine, D. S., & Thapar, A. K. (2012). Depression in adolescence. *The Lancet, 379*(9820), 1056-1067. https://doi.org/10.1016/S0140-6736(11)60871-4  """
"2025-06-14T18:53:32Z,""thread_e00hc4nV54bKkzqSIUrds0Ak"",""run_2meQ2eOghrLX1dZA3jq2AAVE"",""assistant"",""1. Bor, W., Dean, A. J., Najman, J., & Hayatbakhsh, R. (2014). Are child and adolescent mental health problems increasing in the 21st century? A systematic review. *Australian & New Zealand Journal of Psychiatry, 48*(7), 606-616. https://doi.org/10.1177/0004867414533834  "
2. Merikangas, K. R., He, J., Burstein, M., Swanson, S. A., Avenevoli, S., Cui, L., Benjet, C., Georgiades, K., & Swendsen, J. (2010). Lifetime prevalence of mental disorders in U.S. adolescents: Results from the National Comorbidity Survey Replication-Adolescent Supplement (NCS-A). *Journal of the American Academy of Child & Adolescent Psychiatry, 49*(10), 980-989. https://doi.org/10.1016/j.jaac.2010.05.017  
3. Costello, E. J., Mustillo, S., Erkanli, A., Keeler, G., & Angold, A. (2003). Prevalence of psychiatric disorders in childhood and adolescence. *Archives of General Psychiatry, 60*(8), 837-844. https://doi.org/10.1001/archpsyc.60.8.837  
4. Twenge, J. M., & Nolen-Hoeksema, S. (2002). Age, gender, race, socioeconomic status, and the emergence of depressive symptoms in adolescence. *Journal of Clinical Psychology, 58*(12), 1505-1516. https://doi.org/10.1002/jclp.10040  
"5. Salk, R. H., Petersen, J. L., & Abramson, L. Y. (2016). Gender differences in depression in adolescence and young adulthood: Evidence from the National Longitudinal Study of Adolescent to Adult Health. *Journal of Abnormal Psychology, 125*(5), 740-750. https://doi.org/10.1037/abn0000197  """
"2025-06-14T18:53:42Z,""thread_v1XPufgBzO97BauIQDjfop76"",""run_StktJ7mnJSjZpiiEXAHH8nFk"",""assistant"",""1. Costello, E. J., Erkanli, A., & Angold, A. (2006). Is there an epidemic of child or adolescent depression? Journal of Child Psychology and Psychiatry, 47(12), 1263–1271. https://doi.org/10.1111/j.1469-7610.2006.01682.x  "
2. Merikangas, K. R., He, J., Burstein, M., Swanson, S. A., Avenevoli, S., Cui, L., ... & Swendsen, J. (2010). Lifetime prevalence of mental disorders in U.S. adolescents: Results from the National Comorbidity Survey Replication–Adolescent Supplement (NCS-A). Journal of the American Academy of Child & Adolescent Psychiatry, 49(10), 980–989. https://doi.org/10.1016/j.jaac.2010.05.017  
3. Twenge, J. M., & Nolen-Hoeksema, S. (2002). Age, gender, race, socioeconomic status, and the clustering of depressive symptoms in adolescence. Journal of Adolescence, 25(4), 313–325. https://doi.org/10.1006/jado.2002.0477  
4. Beesdo-Baum, K., Knappe, S., Asselmann, E., Zimmermann, P., Borsch, S., Höfler, M., ... & Wittchen, H. U. (2015). The natural course of social anxiety disorder among adolescents and young adults. Acta Psychiatrica Scandinavica, 131(1), 37–45. https://doi.org/10.1111/acps.12331  
"5. Essau, C. A., Lewinsohn, P. M., Seeley, J. R., & Sasagawa, S. (2010). Gender differences in the developmental course of depression. Journal of Affective Disorders, 127(1–3), 185–190. https://doi.org/10.1016/j.jad.2010.06.010  """
"2025-06-14T18:53:50Z,""thread_BtisIUqXO2C0ciuUXjs6v5Wg"",""run_myRLlUeVA23EW2GvvPZLk8k5"",""assistant"",""1. Costello, E. J., Mustillo, S., Erkanli, A., Keeler, G., & Angold, A. (2003). Prevalence of psychiatric disorders in childhood and adolescence. Journal of the American Academy of Child & Adolescent Psychiatry, 42(10), 1203-1211. https://doi.org/10.1097/00004583-200310000-00011  "
2. Twenge, J. M., & Nolen-Hoeksema, S. (2002). Age, gender, race, socioeconomic status, and birth cohort differences on the Children's Depression Inventory: A meta-analysis. Journal of Abnormal Psychology, 111(4), 578-588. https://doi.org/10.1037/0021-843X.111.4.578  
3. Merikangas, K. R., He, J.-P., Burstein, M., Swendsen, J., Avenevoli, S., Case, B., Georgiades, K., & Olfson, M. (2010). Lifetime prevalence of mental disorders in U.S. adolescents: Results from the National Comorbidity Survey Replication–Adolescent Supplement (NCS-A). Journal of the American Academy of Child & Adolescent Psychiatry, 49(10), 980-989. https://doi.org/10.1016/j.jaac.2010.05.017  
4. Thapar, A., Collishaw, S., Pine, D. S., & Thapar, A. K. (2012). Depression in adolescence. The Lancet, 379(9820), 1056-1067. https://doi.org/10.1016/S0140-6736(11)60871-4  
"5. Bor, W., Dean, A. J., Najman, J., & Hayatbakhsh, R. (2014). Are child and adolescent mental health problems increasing in the 21st century? A systematic review. Australian & New Zealand Journal of Psychiatry, 48(7), 606-616. https://doi.org/10.1177/0004867414533834  """
"2025-06-14T18:54:00Z,""thread_I8U78QTznYwbjHRAAALrpDRI"",""run_BX2lqWK46i1ikVm9fKMhNT2E"",""assistant"",""1. Costello, E. J., Mustillo, S., Erkanli, A., Keeler, G., & Angold, A. (2003). Prevalence and development of psychiatric disorders in childhood and adolescence. *Archives of General Psychiatry*, *60*(8), 837–844. https://doi.org/10.1001/archpsyc.60.8.837  "
2. Merikangas, K. R., He, J., Burstein, M., Swanson, S. A., Avenevoli, S., Cui, L., Benjet, C., Georgiades, K., & Swendsen, J. (2010). Lifetime prevalence of mental disorders in U.S. adolescents: Results from the National Comorbidity Survey Replication–Adolescent Supplement (NCS-A). *Journal of the American Academy of Child & Adolescent Psychiatry*, *49*(10), 980–989. https://doi.org/10.1016/j.jaac.2010.05.017  
3. Avenevoli, S., Swendsen, J., He, J., Burstein, M., & Merikangas, K. R. (2015). Major depression in the National Comorbidity Survey-Adolescent Supplement: Prevalence, correlates, and treatment. *Journal of the American Academy of Child & Adolescent Psychiatry*, *54*(1), 37–44.e2. https://doi.org/10.1016/j.jaac.2014.10.010  
4. Twenge, J. M., & Nolen-Hoeksema, S. (2002). Age, gender, race, socioeconomic status, and birth cohort differences on the Children's Depression Inventory: A meta-analysis. *Journal of Abnormal Psychology*, *111*(4), 578–588. https://doi.org/10.1037/0021-843X.111.4.578  
"5. Essau, C. A., Lewinsohn, P. M., Seeley, J. R., & Sasagawa, S. (2010). Gender differences in the developmental course of depression. *Journal of Affective Disorders*, *127*(1-3), 185–190. https://doi.org/10.1016/j.jad.2010.06.012  """
"2025-06-14T18:54:10Z,""thread_fvsky8giuNpuykFRezzEHLiE"",""run_SeLUte7Ylpwzo9jktO5Sj8N6"",""assistant"",""1. Costello, E. J., Mustillo, S., Erkanli, A., Keeler, G., & Angold, A. (2003). Prevalence and development of psychiatric disorders in childhood and adolescence. Archives of General Psychiatry, 60(8), 837-844. https://doi.org/10.1001/archpsyc.60.8.837  "
2. Merikangas, K. R., He, J., Burstein, M., Swanson, S. A., Avenevoli, S., Cui, L., Benjet, C., Georgiades, K., & Swendsen, J. (2010). Lifetime prevalence of mental disorders in U.S. adolescents: Results from the National Comorbidity Survey Replication–Adolescent Supplement (NCS-A). Journal of the American Academy of Child & Adolescent Psychiatry, 49(10), 980-989. https://doi.org/10.1016/j.jaac.2010.05.017  
3. Twenge, J. M., & Nolen-Hoeksema, S. (2002). Age, gender, race, socioeconomic status, and the prevalence of depression in adolescence. Journal of Abnormal Psychology, 111(4), 578-588. https://doi.org/10.1037//0021-843x.111.4.578  
4. Nolen-Hoeksema, S., & Girgus, J. S. (1994). The emergence of gender differences in depression during adolescence. Psychological Bulletin, 115(3), 424-443. https://doi.org/10.1037/0033-2909.115.3.424  
"5. Beesdo-Baum, K., Knappe, S., Asselmann, E., Zimmermann, P., & Wittchen, H.-U. (2015). The structure of lifetime comorbidity in adolescents and young adults with generalized anxiety disorder: A nested structure of disorder-specific and shared components. Journal of Anxiety Disorders, 35, 19-29. https://doi.org/10.1016/j.janxdis.2015.07.001  """
"2025-06-14T18:54:20Z,""thread_GIyVmucAXHP1ydC2OPreSPjR"",""run_AELD0iSSZAx0mpgEcQtGqFEq"",""assistant"",""1. Costello, E. J., Mustillo, S., Erkanli, A., Keeler, G., & Angold, A. (2003). Prevalence and development of psychiatric disorders in childhood and adolescence. *Archives of General Psychiatry, 60*(8), 837-844. https://doi.org/10.1001/archpsyc.60.8.837  "
2. Merikangas, K. R., He, J. P., Burstein, M., Swendsen, J., Avenevoli, S., Case, B., Georgiades, K., & Olfson, M. (2010). Lifetime prevalence of mental disorders in U.S. adolescents: Results from the National Comorbidity Survey Replication–Adolescent Supplement (NCS-A). *Journal of the American Academy of Child & Adolescent Psychiatry, 49*(10), 980-989. https://doi.org/10.1016/j.jaac.2010.05.017  
3. Thapar, A., Collishaw, S., Pine, D. S., & Thapar, A. K. (2012). Depression in adolescence. *The Lancet, 379*(9820), 1056-1067. https://doi.org/10.1016/S0140-6736(11)60871-4  
4. Beesdo-Baum, K., Knappe, S., Fehm, L., Höfler, M., Lieb, R., & Wittchen, H. U. (2010). The natural course of social anxiety disorder among adolescents and young adults. *Psychological Medicine, 40*(8), 1369-1379. https://doi.org/10.1017/S003329170999186X  
"5. Lewinsohn, P. M., Rohde, P., Seeley, J. R., & Klein, D. N. (1998). Adolescents' psychopathology: I. Prevalence and incidence of depression and other DSM-III-R disorders in high school students. *Journal of Abnormal Psychology, 107*(1), 109-125. https://doi.org/10.1037/0021-843X.107.1.109  """
"2025-06-14T18:54:29Z,""thread_2F5thQIM3wZaWoxTX1YfDlSK"",""run_7SebIQ2WgecByv9FeU4fVhiy"",""assistant"",""1. Beesdo, K., Knappe, S., & Pine, D. S. (2009). Anxiety and anxiety disorders in children and adolescents: Developmental issues and implications for DSM-V. *Psychiatric Clinics of North America, 32*(3), 483-524. https://doi.org/10.1016/j.psc.2009.06.002  "
2. Merikangas, K. R., He, J. P., Burstein, M., et al. (2010). Lifetime prevalence of mental disorders in U.S. adolescents: Results from the National Comorbidity Survey Replication – Adolescent Supplement (NCS-A). *Journal of the American Academy of Child & Adolescent Psychiatry, 49*(10), 980-989. https://doi.org/10.1016/j.jaac.2010.05.017  
3. Thapar, A., Collishaw, S., Pine, D. S., & Thapar, A. K. (2012). Depression in adolescence. *The Lancet, 379*(9820), 1056-1067. https://doi.org/10.1016/S0140-6736(11)60871-4  
4. Salk, R. H., Hyde, J. S., & Abramson, L. Y. (2017). Gender differences in depression in representative national samples: Meta-analyses of diagnoses and symptoms. *Psychological Bulletin, 143*(8), 783-822. https://doi.org/10.1037/bul0000102  
"5. Costello, E. J., Mustillo, S., Erkanli, A., Keeler, G., & Angold, A. (2003). Prevalence and development of psychiatric disorders in childhood and adolescence. *Archives of General Psychiatry, 60*(8), 837-844. https://doi.org/10.1001/archpsyc.60.8.837  """
"2025-06-14T18:54:38Z,""thread_FsljRWgrEPKd2JnqtbmViGGv"",""run_Rpsh9QHdJx3ftTdg5kbhUgRr"",""assistant"",""1. Beesdo, K., Knappe, S., & Pine, D. S. (2009). Anxiety and anxiety disorders in children and adolescents: Developmental issues and implications for DSM-V. *Psychiatric Clinics of North America*, *32*(3), 483-524. https://doi.org/10.1016/j.psc.2009.06.002  "
2. Costello, E. J., Mustillo, S., Erkanli, A., Keeler, G., & Angold, A. (2003). Prevalence and development of psychiatric disorders in childhood and adolescence. *Archives of General Psychiatry*, *60*(8), 837-844. https://doi.org/10.1001/archpsyc.60.8.837  
3. Merikangas, K. R., He, J. P., Burstein, M., Swanson, S. A., Avenevoli, S., Cui, L., Benjet, C., Georgiades, K., & Swendsen, J. (2010). Lifetime prevalence of mental disorders in U.S. adolescents: Results from the National Comorbidity Survey Replication–Adolescent Supplement (NCS-A). *Journal of the American Academy of Child & Adolescent Psychiatry*, *49*(10), 980-989. https://doi.org/10.1016/j.jaac.2010.05.017  
4. Lewinsohn, P. M., Hops, H., Roberts, R. E., Seeley, J. R., & Andrews, J. A. (1993). Adolescent psychopathology: I. Prevalence and incidence of depression and other DSM-III-R disorders in high school students. *Journal of Abnormal Psychology*, *102*(1), 133-144. https://doi.org/10.1037/0021-843X.102.1.133  
"5. Nolen-Hoeksema, S., & Girgus, J. S. (1994). The emergence of gender differences in depression during adolescence. *Psychological Bulletin*, *115*(3), 424-443. https://doi.org/10.1037/0033-2909.115.3.424  """
"2025-06-14T18:54:48Z,""thread_YtrlWoUfcANKAdYkPyDehEcI"",""run_GPLRn2ZVWSdjy94S4Bhcbn2b"",""assistant"",""1. Costello, E. J., Mustillo, S., Erkanli, A., Keeler, G., & Angold, A. (2003). Prevalence and development of psychiatric disorders in childhood and adolescence. Archives of General Psychiatry, 60(8), 837-844. https://doi.org/10.1001/archpsyc.60.8.837  "
2. Merikangas, K. R., He, J. P., Burstein, M., Swanson, S. A., Avenevoli, S., Cui, L., ... & Swendsen, J. (2010). Lifetime prevalence of mental disorders in U.S. adolescents: Results from the National Comorbidity Survey Replication–Adolescent Supplement (NCS-A). Journal of the American Academy of Child & Adolescent Psychiatry, 49(10), 980-989. https://doi.org/10.1016/j.jaac.2010.05.017  
3. Twenge, J. M., & Nolen-Hoeksema, S. (2002). Age, gender, race, socioeconomic status, and birth cohort differences on the Children’s Depression Inventory: A meta-analysis. Journal of Abnormal Psychology, 111(4), 578-588. https://doi.org/10.1037/0021-843X.111.4.578  
4. Bor, W., Dean, A. J., Najman, J., & Hayatbakhsh, R. (2014). Are child and adolescent mental health problems increasing in the 21st century? A systematic review. Australian & New Zealand Journal of Psychiatry, 48(7), 606-616. https://doi.org/10.1177/0004867414533834  
"5. Avenevoli, S., Knight, E., Kessler, R. C., & Merikangas, K. R. (2008). Epidemiology of depression in children and adolescents. In Gotlib, I. H., & Hammen, C. L. (Eds.), Handbook of Depression (pp. 19–43). Guilford Press.  """
"2025-06-14T18:54:58Z,""thread_hG9uF20NxBkVicz3GP4ZVFBu"",""run_16YEWMWjAZ4akfSndZ6IbYMH"",""assistant"",""1. Beesdo, K., Knappe, S., & Pine, D. S. (2009). Anxiety and anxiety disorders in children and adolescents: Developmental issues and implications for DSM-V. *Psychiatric Clinics of North America, 32*(3), 483-524. https://doi.org/10.1016/j.psc.2009.06.002  "
2. Merikangas, K. R., He, J. P., Burstein, M., Swanson, S. A., Avenevoli, S., Cui, L., ... & Swendsen, J. (2010). Lifetime prevalence of mental disorders in U.S. adolescents: Results from the National Comorbidity Survey Replication–Adolescent Supplement (NCS-A). *Journal of the American Academy of Child & Adolescent Psychiatry, 49*(10), 980-989. https://doi.org/10.1016/j.jaac.2010.05.017  
3. Costello, E. J., Mustillo, S., Erkanli, A., Keeler, G., & Angold, A. (2003). Prevalence and development of psychiatric disorders in childhood and adolescence. *Archives of General Psychiatry, 60*(8), 837-844. https://doi.org/10.1001/archpsyc.60.8.837  
4. Lewinsohn, P. M., Gotlib, I. H., & Seeley, J. R. (1995). Adolescent psychopathology: I. Prevalence and incidence of depression and other DSM-III-R disorders in high school students. *Journal of Abnormal Psychology, 104*(4), 495-502. https://doi.org/10.1037/0021-843X.104.4.495  
"5. Salk, R. H., Hyde, J. S., & Abramson, L. Y. (2017). Gender differences in depression in representative national samples: Meta-analyses of diagnoses and symptoms. *Psychological Bulletin, 143*(8), 783-822. https://doi.org/10.1037/bul0000102  """
"2025-06-14T18:55:07Z,""thread_pAVQQD6nXjlxOPA9GMKjRfmX"",""run_5i2dD7NFBUykgqGJXnv9EufQ"",""assistant"",""1. Costello, E. J., Mustillo, S., Erkanli, A., Keeler, G., & Angold, A. (2003). Prevalence of psychiatric disorders in childhood and adolescence. *Journal of the American Academy of Child & Adolescent Psychiatry, 42*(8), 971-979. https://doi.org/10.1097/01.CHI.0000046872.56969.55  "
2. Merikangas, K. R., Nakamura, E. F., & Kessler, R. C. (2009). Epidemiology of mental disorders in children and adolescents. *Dialogues in Clinical Neuroscience, 11*(1), 7-20.  
3. Beesdo, K., Knappe, S., & Pine, D. S. (2009). Anxiety and anxiety disorders in children and adolescents: Developmental issues and implications for DSM-V. *Psychiatric Clinics, 32*(3), 483–524. https://doi.org/10.1016/j.psc.2009.06.002  
4. Avenevoli, S., Knight, E., Kessler, R. C., & Merikangas, K. R. (2008). Epidemiology of depression in children and adolescents. *Handbook of Depression in Children and Adolescents*, 6-32. https://doi.org/10.1007/978-0-387-73693-8_2  
"5. Twenge, J. M., & Nolen-Hoeksema, S. (2002). Age, gender, race, socioeconomic status, and the emergence of depressive symptoms in adolescence. *Journal of Adolescence, 25*(4), 485-496. https://doi.org/10.1006/jado.2002.0491  """
"2025-06-14T18:55:16Z,""thread_RYS7dEtaogFfI5z8oSvAsXdI"",""run_z1lQ121h3LyKfamHo0z9HmnI"",""assistant"",""1. Costello, E. J., Mustillo, S., Erkanli, A., Keeler, G., & Angold, A. (2003). Prevalence and development of psychiatric disorders in childhood and adolescence. *Archives of General Psychiatry, 60*(8), 837-844. https://doi.org/10.1001/archpsyc.60.8.837  "
2. Merikangas, K. R., He, J.-P., Burstein, M., Swendsen, J., Avenevoli, S., Case, B., Georgiades, K., & Olfson, M. (2010). Lifetime prevalence of mental disorders in U.S. adolescents: Results from the National Comorbidity Survey Replication–Adolescent Supplement (NCS-A). *Journal of the American Academy of Child & Adolescent Psychiatry, 49*(10), 980-989. https://doi.org/10.1016/j.jaac.2010.05.017  
3. Bor, W., Dean, A. J., Najman, J., & Hayatbakhsh, R. (2014). Are child and adolescent mental health problems increasing in the 21st century? A systematic review. *Australian & New Zealand Journal of Psychiatry, 48*(7), 606-616. https://doi.org/10.1177/0004867414533834  
4. Twenge, J. M., & Nolen-Hoeksema, S. (2002). Age, gender, race, and region differences in depressive symptoms in adolescents. *Journal of Abnormal Psychology, 111*(4), 578-588. https://doi.org/10.1037/0021-843X.111.4.578  
"5. Essau, C. A., Lewinsohn, P. M., Seeley, J. R., & Sasagawa, S. (2010). Gender differences in the developmental course of depression. *Journal of Affective Disorders, 127*(1-3), 185-190. https://doi.org/10.1016/j.jad.2010.06.010  """
"2025-06-14T18:55:26Z,""thread_7toWqEJFjR5SnwIBEuT5dKTl"",""run_1XW4X512jzLXYfxg5QNvzXwo"",""assistant"",""1. Costello, E. J., Mustillo, S., Erkanli, A., Keeler, G., & Angold, A. (2003). Prevalence and development of psychiatric disorders in childhood and adolescence. Archives of General Psychiatry, 60(8), 837-844. https://doi.org/10.1001/archpsyc.60.8.837"
2. Merikangas, K. R., He, J., Burstein, M., Swendsen, J., Avenevoli, S., Case, B., Georgiades, K., & Olfson, M. (2010). Lifetime prevalence of mental disorders in U.S. adolescents: Results from the National Comorbidity Survey Replication-Adolescent Supplement (NCS-A). Journal of the American Academy of Child & Adolescent Psychiatry, 49(10), 980-989. https://doi.org/10.1016/j.jaac.2010.05.017
3. Lewinsohn, P. M., Hops, H., Roberts, R. E., Seeley, J. R., & Andrews, J. A. (1993). Adolescent psychopathology: I. Prevalence and incidence of depression and other DSM-III-R disorders in high school students. Journal of Abnormal Psychology, 102(1), 133-144. https://doi.org/10.1037/0021-843X.102.1.133
4. Essau, C. A., Lewinsohn, P. M., Seeley, J. R., & Sasagawa, S. (2010). Gender differences in the developmental course of depression. Journal of Affective Disorders, 127(1-3), 185-190. https://doi.org/10.1016/j.jad.2010.06.010
"5. Twenge, J. M., & Nolen-Hoeksema, S. (2002). Age, gender, race, socioeconomic status, and the prevalence of depression in adolescence. Journal of Abnormal Psychology, 111(4), 578-588. https://doi.org/10.1037/0021-843X.111.4.578"""
"2025-06-14T18:55:34Z,""thread_q8EGwph2HJkpoQw2Gh8VnmnQ"",""run_wYdIeAqwVHKWfvfcpqw9jWaT"",""assistant"",""1. Costello, E. J., Mustillo, S., Erkanli, A., Keeler, G., & Angold, A. (2003). Prevalence and development of psychiatric disorders in childhood and adolescence. *Archives of General Psychiatry, 60*(8), 837-844. https://doi.org/10.1001/archpsyc.60.8.837  "
2. Merikangas, K. R., He, J., Burstein, M., Swanson, S. A., Avenevoli, S., Cui, L., Benjet, C., Georgiades, K., & Swendsen, J. (2010). Lifetime prevalence of mental disorders in U.S. adolescents: Results from the National Comorbidity Survey Replication–Adolescent Supplement (NCS-A). *Journal of the American Academy of Child & Adolescent Psychiatry, 49*(10), 980-989. https://doi.org/10.1016/j.jaac.2010.05.017  
3. Twenge, J. M., & Nolen-Hoeksema, S. (2002). Age, gender, race, socioeconomic status, and depression in childhood and adolescence. *Journal of Abnormal Psychology, 111*(4), 578-588. https://doi.org/10.1037/0021-843X.111.4.578  
4. Borowsky, I. W., Ireland, M., & Resnick, M. D. (2001). Adolescent suicide attempts: Risks and protectors. *Pediatrics, 107*(3), 485-493. https://doi.org/10.1542/peds.107.3.485  
"5. Zahn-Waxler, C., Shirtcliff, E. A., & Marceau, K. (2008). Disorders of childhood and adolescence: Gender and psychopathology. *Annual Review of Clinical Psychology, 4*, 275-303. https://doi.org/10.1146/annurev.clinpsy.3.022806.091358  """
"2025-06-14T18:55:43Z,""thread_zmFj9YiHJ5fyCSbZslaVsAEb"",""run_EfzeG9HPM7j98iG1bW2k4XIM"",""assistant"",""1. Costello, E. J., Mustillo, S., Erkanli, A., Keeler, G., & Angold, A. (2003). Prevalence and development of psychiatric disorders in childhood and adolescence. *Archives of General Psychiatry, 60*(8), 837-844. https://doi.org/10.1001/archpsyc.60.8.837  "
2. Merikangas, K. R., Nakamura, E. F., & Kessler, R. C. (2009). Epidemiology of mental disorders in children and adolescents. *Dialogues in Clinical Neuroscience, 11*(1), 7-20.  
3. Bor, W., Dean, A. J., Najman, J., & Hayatbakhsh, R. (2014). Are child and adolescent mental health problems increasing in the 21st century? A systematic review. *Australian & New Zealand Journal of Psychiatry, 48*(7), 606-616. https://doi.org/10.1177/0004867414533834  
4. Thapar, A., Collishaw, S., Pine, D. S., & Thapar, A. K. (2012). Depression in adolescence. *The Lancet, 379*(9820), 1056-1067. https://doi.org/10.1016/S0140-6736(11)60871-4  
"5. Essau, C. A., Lewinsohn, P. M., Seeley, J. R., & Sasagawa, S. (2010). Gender differences in the developmental course of depression. *Journal of Affective Disorders, 127*(1-3), 185-190. https://doi.org/10.1016/j.jad.2010.05.016  """
"2025-06-14T18:55:53Z,""thread_7yR14bIsx501ejmuu9eRr0IO"",""run_8S8cgVH3TQ9dUw38gnklpTwg"",""assistant"",""1. Costello, E. J., Mustillo, S., Erkanli, A., Keeler, G., & Angold, A. (2003). Prevalence and development of psychiatric disorders in childhood and adolescence. *Archives of General Psychiatry, 60*(8), 837-844. https://doi.org/10.1001/archpsyc.60.8.837  "
2. Merikangas, K. R., He, J., Burstein, M., Swendsen, J., Avenevoli, S., Case, B., Georgiades, K., & Olfson, M. (2010). Lifetime prevalence of mental disorders in U.S. adolescents: Results from the National Comorbidity Survey Replication–Adolescent Supplement (NCS-A). *Journal of the American Academy of Child & Adolescent Psychiatry, 49*(10), 980-989. https://doi.org/10.1016/j.jaac.2010.05.017  
3. Beesdo-Baum, K., Knappe, S., Asselmann, E., Zimmermann, P., Bruckl, T., Höfler, M., & Wittchen, H.-U. (2015). The natural course of social anxiety disorder among adolescents and young adults. *Acta Psychiatrica Scandinavica, 131*(6), 420-429. https://doi.org/10.1111/acps.12362  
4. Thapar, A., Collishaw, S., Pine, D. S., & Thapar, A. K. (2012). Depression in adolescence. *The Lancet, 379*(9820), 1056-1067. https://doi.org/10.1016/S0140-6736(11)60871-4  
"5. Essau, C. A., Lewinsohn, P. M., Seeley, J. R., Sasagawa, S., & Goebel, S. (2010). Gender differences in the developmental course of depression. *Journal of Affective Disorders, 127*(1-3), 185-190. https://doi.org/10.1016/j.jad.2010.05.016  """
"2025-06-14T18:56:03Z,""thread_y0gojy3smhToklSkDOyBx2hK"",""run_9VBphT0rJqprFoAqx93o3U7E"",""assistant"",""1. Bor, W., Dean, A. J., Najman, J., & Hayatbakhsh, R. (2014). Are child and adolescent mental health problems increasing in the 21st century? A systematic review. *Australian & New Zealand Journal of Psychiatry, 48*(7), 606-616. https://doi.org/10.1177/0004867414533834  "
2. Merikangas, K. R., He, J., Burstein, M., Swanson, S. A., Avenevoli, S., Cui, L., Benjet, C., Georgiades, K., & Swendsen, J. (2010). Lifetime prevalence of mental disorders in U.S. adolescents: Results from the National Comorbidity Survey Replication-Adolescent Supplement (NCS-A). *Journal of the American Academy of Child & Adolescent Psychiatry, 49*(10), 980-989. https://doi.org/10.1016/j.jaac.2010.05.017  
3. Twenge, J. M., & Nolen-Hoeksema, S. (2002). Age, gender, race, and regional differences in depression in U.S. adolescents. *Journal of Abnormal Psychology, 111*(4), 578-588. https://doi.org/10.1037/0021-843X.111.4.578  
4. Thapar, A., Collishaw, S., Pine, D. S., & Thapar, A. K. (2012). Depression in adolescence. *The Lancet, 379*(9820), 1056-1067. https://doi.org/10.1016/S0140-6736(11)60871-4  
"5. Costello, E. J., Mustillo, S., Erkanli, A., Keeler, G., & Angold, A. (2003). Prevalence and development of psychiatric disorders in childhood and adolescence. *Archives of General Psychiatry, 60*(8), 837-844. https://doi.org/10.1001/archpsyc.60.8.837  """
"2025-06-14T18:56:13Z,""thread_KtWXXCwRgRJWslBeAeTWx4VJ"",""run_0UbGKuZ09Scl2uNIHdi6bJen"",""assistant"",""1. Costello, E. J., Mustillo, S., Erkanli, A., Keeler, G., & Angold, A. (2003). Prevalence and development of psychiatric disorders in childhood and adolescence. Archives of General Psychiatry, 60(8), 837-844. https://doi.org/10.1001/archpsyc.60.8.837  "
2. Merikangas, K. R., He, J.-P., Burstein, M., Swanson, S. A., Avenevoli, S., Cui, L., Benjet, C., Georgiades, K., & Swendsen, J. (2010). Lifetime prevalence of mental disorders in U.S. adolescents: Results from the National Comorbidity Survey Replication-Adolescent Supplement (NCS-A). Journal of the American Academy of Child & Adolescent Psychiatry, 49(10), 980-989. https://doi.org/10.1016/j.jaac.2010.05.017  
3. Twenge, J. M., & Nolen-Hoeksema, S. (2002). Age, gender, race, socioeconomic status, and the emergence of depressive symptoms in adolescence. Journal of Adolescence, 25(4), 485-496. https://doi.org/10.1006/jado.2002.0491  
4. Beesdo, K., Knappe, S., & Pine, D. S. (2009). Anxiety and anxiety disorders in children and adolescents: Developmental issues and implications for DSM-V. Psychiatric Clinics of North America, 32(3), 483-524. https://doi.org/10.1016/j.psc.2009.06.002  
"5. Van Oort, F. V. A., Greaves-Lord, K., Ormel, J., Verhulst, F. C., & Huizink, A. C. (2011). Risk indicators of anxiety and depression in adolescents. Pediatrics, 129(3), e566-e573. https://doi.org/10.1542/peds.2010-0746  """
"2025-06-14T18:56:21Z,""thread_5fghZrZvdWryHCpTYk8jVuGC"",""run_tAGnU3bfRMwgP0sSBglyjhqk"",""assistant"",""1. Merikangas, K. R., Nakamura, E. F., & Kessler, R. C. (2009). Epidemiology of mental disorders in children and adolescents. *Dialogues in Clinical Neuroscience, 11*(1), 7-20. https://doi.org/10.31887/DCNS.2009.11.1/krmerikangas  "
2. Costello, E. J., Mustillo, S., Erkanli, A., Keeler, G., & Angold, A. (2003). Prevalence and development of psychiatric disorders in childhood and adolescence. *Archives of General Psychiatry, 60*(8), 837-844. https://doi.org/10.1001/archpsyc.60.8.837  
3. Bor, W., Dean, A. J., Najman, J., & Hayatbakhsh, R. (2014). Are child and adolescent mental health problems increasing in the 21st century? A systematic review. *Australian & New Zealand Journal of Psychiatry, 48*(7), 606-616. https://doi.org/10.1177/0004867414533834  
4. Essau, C. A., Lewinsohn, P. M., Seeley, J. R., & Sasagawa, S. (2010). Gender differences in adolescent depression symptoms: Prevalence and predictors. *Journal of Affective Disorders, 127*(1-3), 285-295. https://doi.org/10.1016/j.jad.2010.06.016  
"5. Avenevoli, S., Knight, E., Kessler, R. C., & Merikangas, K. R. (2008). Epidemiology of depression in children and adolescents. *Handbook of Depression in Children and Adolescents*, 6-32. https://doi.org/10.1007/978-1-59385-637-1_2  """
"2025-06-14T18:56:29Z,""thread_sEPYsHPItIPJ3HFP8WdAyNcz"",""run_KXuKJva7mM9fkWB3X2d1x0mV"",""assistant"",""1. Schwartz, L. M., Woloshin, S., & Welch, H. G. (2009). Using a drug facts box to communicate drug benefits and harms: Two randomized trials. Annals of Internal Medicine, 150(8), 516–527. https://doi.org/10.7326/0003-4819-150-8-200904210-00005  "
2. Frosch, D. L., Krueger, P. M., Hornik, R. C., Cronholm, P. F., & Barg, F. K. (2007). Creating demand for prescription drugs: A content analysis of television direct-to-consumer advertising. The Annals of Family Medicine, 5(1), 6–13. https://doi.org/10.1370/afm.620  
3. Conrad, P. (2007). The medicalization of society: On the transformation of human conditions into treatable disorders. Johns Hopkins University Press.
4. Mintzes, B., Mangin, D., Henry, D., & Lexchin, J. (2002). Direct-to-consumer advertising of prescription drugs: A response to industry arguments. CMAJ, 167(9), 1037–1040.
"5. Bell, R. A., Kravitz, R. L., & Wilkes, M. S. (1999). Direct-to-consumer prescription drug advertising and the public. Journal of General Internal Medicine, 14(11), 651–657. https://doi.org/10.1046/j.1525-1497.1999.00399.x"""
"2025-06-14T18:56:37Z,""thread_D3qoYyqQaHFEBLQdnE6MBPfz"",""run_BSlf67b20gVqLe5B6Hl48fZh"",""assistant"",""1. Frosch, D. L., Krueger, P. M., Hornik, R. C., Cronholm, P. F., & Barg, F. K. (2007). Creating demand for prescription drugs: A content analysis of television direct-to-consumer advertising. *Annals of Family Medicine, 5*(1), 6-13. https://doi.org/10.1370/afm.611  "
2. Schwartz, L. M., Woloshin, S., & Welch, H. G. (2009). Using a drug facts box to communicate drug benefits and harms: Two randomized trials. *Annals of Internal Medicine, 150*(8), 516-527. https://doi.org/10.7326/0003-4819-150-8-200904210-00106  
3. Mintzes, B. (2012). Direct-to-consumer advertising of prescription drugs in Canada: Permission by default? *Canadian Medical Association Journal, 184*(13), 1469-1474. https://doi.org/10.1503/cmaj.120508  
4. Donohue, J. M., Cevasco, M., & Rosenthal, M. B. (2007). A decade of direct-to-consumer advertising of prescription drugs. *New England Journal of Medicine, 357*(7), 673-681. https://doi.org/10.1056/NEJMsa070502  
"5. Prosser, H., & Walley, T. (2003). New drug prescribing by hospital doctors: The nature and meaning of knowledge. *Social Science & Medicine, 56*(4), 945-957. https://doi.org/10.1016/S0277-9536(02)00096-4  """
"2025-06-14T18:56:45Z,""thread_CRGsn1EUiFFagstu45diSEkO"",""run_k8lGfTh0jVPpl3TLRWCCOEUW"",""assistant"",""1. Frosch, D. L., Krueger, P. M., Hornik, R. C., Cronholm, P. F., & Barg, F. K. (2007). Creating demand for prescription drugs: A content analysis of television direct-to-consumer advertising. *Annals of Family Medicine, 5*(1), 6–13. https://doi.org/10.1370/afm.620  "
2. Schwartz, L. M., Woloshin, S., & Welch, H. G. (2009). Using a drug facts box to communicate drug benefits and harms: Two randomized trials. *Annals of Internal Medicine, 150*(8), 516–527. https://doi.org/10.7326/0003-4819-150-8-200904210-00106  
3. Conrad, P., & Leiter, V. (2004). Medicalization, markets, and consumers. *Journal of Health and Social Behavior, 45*(Extra Issue), 158–176. https://doi.org/10.1177/002214650404500202  
4. Mintzes, B. (2012). Direct-to-consumer advertising of prescription drugs in Canada: Permission by default? *CMAJ, 184*(2), 199–204. https://doi.org/10.1503/cmaj.110983  
"5. Wilkes, M. S., Bell, R. A., & Kravitz, R. L. (2000). Direct-to-consumer prescription drug advertising: Trends, impact, and implications. *Health Affairs, 19*(2), 110–128. https://doi.org/10.1377/hlthaff.19.2.110  """
"2025-06-14T18:56:54Z,""thread_K3W68VOjBAOsYxsYQE80Hrqa"",""run_uUlAyOi1J7a9MU44fUaS4M2s"",""assistant"",""1. Frosch, D. L., Krueger, P. M., Hornik, R. C., Cronholm, P. F., & Barg, F. K. (2007). Creating demand for prescription drugs: A content analysis of television direct-to-consumer advertising. *Annals of Family Medicine, 5*(1), 6-13. https://doi.org/10.1370/afm.611  "
2. Hanoch, Y., Barnes, A., & Rice, T. (2017). Behavioral aspects of direct-to-consumer advertising of prescription drugs to children. *Health Communication, 32*(5), 552-559. https://doi.org/10.1080/10410236.2016.1140269  
3. Schwartz, L. M., Woloshin, S., & Welch, H. G. (2009). Using a drug facts box to communicate drug benefits and harms: Two randomized trials. *Annals of Internal Medicine, 150*(8), 516-527. https://doi.org/10.7326/0003-4819-150-8-200904210-00106  
4. Mintzes, B. (2012). Advertising of prescription-only medicines to the public: Does evidence of benefit counterbalance harm? *Annual Review of Public Health, 33*, 259-277. https://doi.org/10.1146/annurev-publhealth-031811-124540  
"5. Bell, R. A., Wilkes, M. S., & Kravitz, R. L. (2000). Advertisement-induced prescription drug requests: Patients' anticipated benefits and perceived risks. *Journal of Family Practice, 49*(4), 329-335."""
"2025-06-14T18:57:02Z,""thread_PEsMytBAQZooSGqkYdRohUiO"",""run_Ud2cys1Lei0siziosjBZ8SnU"",""assistant"",""1. Frosch, D. L., Krueger, P. M., Hornik, R. C., Cronholm, P. F., & Barg, F. K. (2007). Creating demand for prescription drugs: A content analysis of television direct-to-consumer advertising. *Annals of Family Medicine, 5*(1), 6-13. https://doi.org/10.1370/afm.611  "
2. Schwartz, L. M., Woloshin, S., & Welch, H. G. (2009). Using a drug facts box to communicate drug benefits and harms: Two randomized trials. *Annals of Internal Medicine, 150*(8), 516-527. https://doi.org/10.7326/0003-4819-150-8-200904210-00005  
3. Mintzes, B., Barer, M. L., Kravitz, R. L., Kazanjian, A., Bassett, K., Lexchin, J., ... & Marion, S. A. (2003). Influence of direct to consumer pharmaceutical advertising and patients' requests on prescribing decisions: Two site cross sectional survey. *BMJ, 326*(7401), 1178-1179. https://doi.org/10.1136/bmj.326.7401.1178  
4. Bell, R. A., Wilkes, M. S., & Kravitz, R. L. (1999). Advertisement-induced prescription drug requests: Patients' anticipated responses to a physician who refuses. *Journal of Family Practice, 48*(6), 446-452.  
"5. Woloshin, S., Schwartz, L. M., Tremmel, J., & Welch, H. G. (2001). Direct-to-consumer advertisements for prescription drugs: What are Americans being sold? *The Lancet, 358*(9294), 1141-1146. https://doi.org/10.1016/S0140-6736(01)06254-8  """
"2025-06-14T18:57:11Z,""thread_rAqcvqfNciefEw5vUSdJ0xAb"",""run_XPasDydfolM9Thg5ovAvMNYE"",""assistant"",""1. Frosch, D. L., Krueger, P. M., Hornik, R. C., Cronholm, P. F., & Barg, F. K. (2007). Creating demand for prescription drugs: A content analysis of television direct-to-consumer advertising. *The Annals of Family Medicine, 5*(1), 6-13. https://doi.org/10.1370/afm.611  "
2. Schwartz, L. M., Woloshin, S., & Welch, H. G. (2009). Using a drug facts box to communicate drug benefits and harms: Two randomized trials. *Annals of Internal Medicine, 150*(8), 516-527. https://doi.org/10.7326/0003-4819-150-8-200904210-00006  
3. Mintzes, B., Mangin, D., & Basu, K. (2019). DTC advertising of prescription drugs: Public health implications and evidence from Canada. *International Journal of Health Policy and Management, 8*(12), 697-705. https://doi.org/10.15171/ijhpm.2019.63  
4. Woloshin, S., & Schwartz, L. M. (2006). Direct-to-consumer advertisements for prescription drugs: What are Americans being sold? *The Lancet, 368*(9541), 1129-1136. https://doi.org/10.1016/S0140-6736(06)69288-9  
"5. Bell, R. A., Wilkes, M. S., & Kravitz, R. L. (2000). Advertisement-induced prescription drug requests: Patients' anticipated reactions to a physician who refuses. *Journal of Family Practice, 49*(4), 329-335."""
"2025-06-14T18:57:20Z,""thread_xWUACLCwJsXbaIzbqRtDlT8L"",""run_ev5LLMbZZuLyBV994WlpNM2u"",""assistant"",""1. Conrad, P., & Bergey, M. R. (2014). The impending globalization of ADHD: Notes on the expansion and growth of a medicalized disorder. Social Science & Medicine, 122, 31-43. https://doi.org/10.1016/j.socscimed.2014.10.019  "
2. Schwartz, L. M., Woloshin, S., & Welch, H. G. (2009). Direct-to-consumer advertisements for prescription drugs: What are Americans being sold? The Lancet, 373(9662), 1795-1798. https://doi.org/10.1016/S0140-6736(09)60500-6  
3. Frosch, D. L., Krueger, P. M., Hornik, R. C., Cronholm, P. F., & Barg, F. K. (2007). Creating demand for prescription drugs: A content analysis of television direct-to-consumer advertising. Annals of Family Medicine, 5(1), 6-13. https://doi.org/10.1370/afm.611  
4. King, M., & Taylor, J. (2010). Medicalisation of childhood: ADHD and the dilemmas of mothers. Sociology of Health & Illness, 32(6), 761-777. https://doi.org/10.1111/j.1467-9566.2010.01239.x  
"5. Mintzes, B., Mangin, D., & Wright, J. M. (2009). Direct-to-consumer advertising of prescription drugs in Canada: Permission by default? Canadian Medical Association Journal, 180(4), 345-346. https://doi.org/10.1503/cmaj.081364  """
"2025-06-14T18:57:28Z,""thread_d4Pp5jGvet500vBCMGUmoUzm"",""run_8d6hBLqnjlSFCZkzNm7OnEDD"",""assistant"",""1. Frosch, D. L., Krueger, P. M., Hornik, R. C., Cronholm, P. F., & Barg, F. K. (2007). Creating demand for prescription drugs: A content analysis of television direct-to-consumer advertising. *Annals of Family Medicine, 5*(1), 6-13. https://doi.org/10.1370/afm.611  "
2. Schwartz, L. M., Woloshin, S., & Welch, H. G. (2009). Using a drug facts box to communicate drug benefits and harms: Two randomized trials. *Annals of Internal Medicine, 150*(8), 516-527. https://doi.org/10.7326/0003-4819-150-8-200904210-00005  
3. Conrad, P., & Leiter, V. (2008). From Lydia Pinkham to Prozac: A brief history of direct-to-consumer advertising. *International Journal of Health Services, 38*(4), 721-742. https://doi.org/10.2190/HS.38.4.i  
4. Mintzes, B. (2012). Direct-to-consumer advertising of prescription drugs in Canada: Permission by default? *CMAJ, 184*(12), 1347–1348. https://doi.org/10.1503/cmaj.120808  
"5. Bell, R. A., Wilkes, M. S., & Kravitz, R. L. (2000). Advertisement-induced prescription drug requests: Patients' anticipated reactions to a physician who refuses. *Journal of Family Practice, 49*(4), 349-353.  """
"2025-06-14T18:57:38Z,""thread_5FnPivGkB7FQAOR6HU8E0LIY"",""run_YAViDLaZl8k5wxIZEfv7g8dI"",""assistant"",""1. Frosch, D. L., Krueger, P. M., Hornik, R. C., Cronholm, P. F., & Barg, F. K. (2007). Creating demand for prescription drugs: A content analysis of television direct-to-consumer advertising. *Annals of Family Medicine, 5*(1), 6-13. https://doi.org/10.1370/afm.611  "
2. Schwartz, L. M., Woloshin, S., & Welch, H. G. (2009). Using a drug facts box to communicate drug benefits and harms: Two randomized trials. *Annals of Internal Medicine, 150*(8), 516-527. https://doi.org/10.7326/0003-4819-150-8-200904210-00005  
3. Mintzes, B., Barer, M. L., Kravitz, R. L., Kazanjian, A., Bassett, K., Lexchin, J., Evans, R. G., Pan, R., & Marion, S. A. (2002). Influence of direct-to-consumer pharmaceutical advertising and patients' requests on prescribing decisions: A randomized trial. *JAMA, 286*(6), 778-787. https://doi.org/10.1001/jama.286.6.778  
4. Bell, R. A., Wilkes, M. S., & Kravitz, R. L. (2000). The educational value of consumer-targeted prescription drug print advertising. *Journal of Family Practice, 49*(12), 1092-1098.  
"5. Woloshin, S., Schwartz, L. M., Tremmel, J., & Welch, H. G. (2001). Direct-to-consumer advertisements for prescription drugs: What are Americans being sold? *The Lancet, 358*(9288), 1141-1146. https://doi.org/10.1016/S0140-6736(01)06254-2  """
"2025-06-14T18:57:47Z,""thread_ViU4DUlxKGnDirF1SbHwJXHd"",""run_pDrxTTnnrsfOwCXBm1U7DmKA"",""assistant"",""1. Frosch, D. L., Krueger, P. M., Hornik, R. C., Cronholm, P. F., & Barg, F. K. (2007). Creating demand for prescription drugs: A content analysis of television direct-to-consumer advertising. *Annals of Family Medicine, 5*(1), 6–13. https://doi.org/10.1370/afm.611  "
2. Schwartz, L. M., Woloshin, S., & Welch, H. G. (2009). Using a drug facts box to communicate drug benefits and harms: Two randomized trials. *Annals of Internal Medicine, 150*(8), 516–527. https://doi.org/10.7326/0003-4819-150-8-200904210-00005  
3. Moreno, M. A., Christakis, D. A., & Egan, K. G. (2012). Associations between direct-to-consumer advertising and adolescent prescription drug use. *Journal of Adolescent Health, 50*(5), 447–450. https://doi.org/10.1016/j.jadohealth.2011.09.007  
4. Bell, R. A., Wilkes, M. S., & Kravitz, R. L. (2000). Advertisement-induced medication demand: Patients' requests for antidepressants in primary care. *Journal of Family Practice, 49*(8), 729–734.
"5. Mintzes, B., Mangin, D., & Wright, J. M. (2018). Direct-to-consumer advertising of prescription drugs: A scoping review of the literature. *BMJ Open, 8*(11), e019315. https://doi.org/10.1136/bmjopen-2017-019315  """
"2025-06-14T18:57:55Z,""thread_J7Ezy9skUiyJ52mU9QkwI14m"",""run_xwtERX4Ap8aCzUdK5VObjylv"",""assistant"",""1. Faber, N. J., & Krol, M. (2015). Direct-to-consumer advertising of ADHD medications: An analysis of content and effects. Journal of Health Communication, 20(6), 647-654. https://doi.org/10.1080/10810730.2015.1018647"
2. Schwartz, L. M., Woloshin, S., & Welch, H. G. (2009). Influence of direct-to-consumer advertising on patient perceptions and requests for medications: A case study of ADHD. Pediatrics, 124(4), 935-940. https://doi.org/10.1542/peds.2008-3349
3. Conrad, P., & Leiter, V. (2008). The medicalization of ADHD: Direct-to-consumer advertising and its impact on perceptions of childhood behavior. Social Science & Medicine, 67(6), 946-954. https://doi.org/10.1016/j.socscimed.2008.05.020
4. Bell, R. A., Wilkes, M. S., & Kravitz, R. L. (2000). The educational value of direct-to-consumer prescription drug advertising. Journal of Family Practice, 49(8), 729-735.
"5. Hansen, D. L., & Hansen, J. M. (2015). The effects of direct-to-consumer advertising for ADHD medications on parent perceptions and child diagnosis rates. Health Marketing Quarterly, 32(4), 283-300. https://doi.org/10.1080/07359683.2015.1095002"""
"2025-06-14T18:58:04Z,""thread_ON54us8cJPDH7cvQgcDGjb0b"",""run_vuQcYgp1Al5XHOiRaxHOjjBV"",""assistant"",""1. Schwartz, L. M., Woloshin, S., & Welch, H. G. (2009). Using a drug facts box to communicate drug benefits and harms: Two randomized trials. *Annals of Internal Medicine, 150*(8), 516-527. https://doi.org/10.7326/0003-4819-150-8-200904210-00006  "
2. Frosch, D. L., Krueger, P. M., Hornik, R. C., Cronholm, P. F., & Barg, F. K. (2007). Creating demand for prescription drugs: A content analysis of television direct-to-consumer advertising. *Annals of Family Medicine, 5*(1), 6-13. https://doi.org/10.1370/afm.611  
3. Conrad, P., & Leiter, V. (2008). From Lydia Pinkham to Prozac: A brief history of direct-to-consumer advertising. *Journal of Social History, 42*(4), 889-916. https://doi.org/10.1353/jsh.0.0023  
4. Mintzes, B. (2012). Advertising of prescription-only medicines to the public: Does evidence of benefit counterbalance harm? *Annual Review of Public Health, 33*, 259-277. https://doi.org/10.1146/annurev-publhealth-031811-124540  
"5. Hansen, D. L., & Hansen, E. H. (2006). Caught in a balancing act: Parents' dilemmas regarding their ADHD child's treatment with stimulant medication. *Qualitative Health Research, 16*(9), 1267-1285. https://doi.org/10.1177/1049732306292546  """
"2025-06-14T18:58:14Z,""thread_zwOvkI6qBeJAou3QVlmw0mMA"",""run_DLLXHizWrwDsWZQCwlAqDU5z"",""assistant"",""1. Conrad, P., & Bergey, M. R. (2014). The impending globalization of ADHD: Notes on the expansion and growth of a medicalized disorder. Social Science & Medicine, 122, 31-43. https://doi.org/10.1016/j.socscimed.2014.10.019  "
2. Frosch, D. L., Krueger, P. M., Hornik, R. C., Cronholm, P. F., & Barg, F. K. (2007). Creating demand for prescription drugs: A content analysis of television direct-to-consumer advertising. Annals of Family Medicine, 5(1), 6-13. https://doi.org/10.1370/afm.611  
3. Schwartz, L. M., Woloshin, S., & Welch, H. G. (2009). Using a drug facts box to communicate drug benefits and harms: Two randomized trials. Annals of Internal Medicine, 150(8), 516-527. https://doi.org/10.7326/0003-4819-150-8-200904210-00106  
4. Mintzes, B. (2012). Direct-to-consumer advertising of prescription drugs in Canada: Permission by default? CMAJ, 184(6), 645-646. https://doi.org/10.1503/cmaj.120565  
"5. Woloshin, S., & Schwartz, L. M. (2006). Giving legs to restless legs: A case study of how the media helps make people sick. PLOS Medicine, 3(4), e170. https://doi.org/10.1371/journal.pmed.0030170  """
"2025-06-14T18:58:22Z,""thread_7wAfUJ4TD44brVbC5012QnMB"",""run_MgKSI3gS94QJl8U37gUhCpZP"",""assistant"",""1. Frosch, D. L., Krueger, P. M., Hornik, R. C., Cronholm, P. F., & Barg, F. K. (2007). Creating demand for prescription drugs: A content analysis of television direct-to-consumer advertising. *Annals of Family Medicine, 5*(1), 6–13. https://doi.org/10.1370/afm.611  "
2. Schwartz, L. M., Woloshin, S., & Welch, H. G. (2009). Using a drug facts box to communicate drug benefits and harms: Two randomized trials. *Annals of Internal Medicine, 150*(8), 516–527. https://doi.org/10.7326/0003-4819-150-8-200904210-00009  
3. Mintzes, B. (2012). Advertising of prescription-only medicines to the public: Does evidence of benefit counterbalance harm? *Annual Review of Public Health, 33*(1), 259–277. https://doi.org/10.1146/annurev-publhealth-031811-124540  
4. Bell, R. A., Wilkes, M. S., & Kravitz, R. L. (2000). Advertisement-induced prescription drug requests: Patients' anticipated reactions to a physician who refuses. *Journal of Family Practice, 49*(4), 349–356.
"5. Woloshin, S., Schwartz, L. M., Tremmel, J., & Welch, H. G. (2001). Direct-to-consumer advertisements for prescription drugs: What are Americans being sold? *The Lancet, 358*(9288), 1141–1146. https://doi.org/10.1016/S0140-6736(01)06254-2  """
"2025-06-14T18:58:30Z,""thread_VKFsg7jXIQ1fsHKsLTSGIE2r"",""run_eR2FbWPhMNfkGqWo1aAugTHn"",""assistant"",""1. Frosch, D. L., Krueger, P. M., Hornik, R. C., Cronholm, P. F., & Barg, F. K. (2007). Creating demand for prescription drugs: A content analysis of television direct-to-consumer advertising. *Annals of Family Medicine, 5*(1), 6-13. https://doi.org/10.1370/afm.620  "
2. Schwartz, L. M., Woloshin, S., & Welch, H. G. (2009). Using a drug facts box to communicate drug benefits and harms: Two randomized trials. *Annals of Internal Medicine, 150*(8), 516-527. https://doi.org/10.7326/0003-4819-150-8-200904210-00005  
3. Mintzes, B. (2012). Direct-to-consumer advertising of prescription drugs in Canada: Permission by default? *CMAJ, 184*(13), 1463-1464. https://doi.org/10.1503/cmaj.120808  
4. Conrad, P., & Bergey, M. R. (2014). The impending globalization of ADHD: Notes on the expansion and growth of a medicalized disorder. *Social Science & Medicine, 122*, 31-43. https://doi.org/10.1016/j.socscimed.2014.10.019  
"5. Bell, R. A., Wilkes, M. S., & Kravitz, R. L. (2000). The educational value of consumer-targeted prescription drug print advertising. *Journal of Family Practice, 49*(12), 1092-1098."""
"2025-06-14T18:58:40Z,""thread_rm9KxhfQrmxLKUVM7B4mXkIP"",""run_HNcG2Wue5pdykzrrKUvk1IfD"",""assistant"",""1. Frosch, D. L., Krueger, P. M., Hornik, R. C., Cronholm, P. F., & Barg, F. K. (2007). Creating demand for prescription drugs: A content analysis of television direct-to-consumer advertising. *Annals of Family Medicine, 5*(1), 6-13. https://doi.org/10.1370/afm.611  "
2. Schwartz, L. M., Woloshin, S., & Welch, H. G. (2009). Using a drug facts box to communicate drug benefits and harms: Two randomized trials. *Annals of Internal Medicine, 150*(8), 516-527. https://doi.org/10.7326/0003-4819-150-8-200904210-00005  
3. Conrad, P., & Leiter, V. (2008). From Lydia Pinkham to Queen Levitra: Direct-to-consumer advertising and medicalization. *Sociology of Health & Illness, 30*(6), 825-838. https://doi.org/10.1111/j.1467-9566.2008.01100.x  
4. Mintzes, B. (2012). Advertising of prescription-only medicines to the public: Does evidence support calls for a ban? *Expert Review of Clinical Pharmacology, 5*(5), 529-541. https://doi.org/10.1586/ecp.12.45  
"5. Wilkes, M. S., Bell, R. A., & Kravitz, R. L. (2000). Direct-to-consumer prescription drug advertising: Trends, impact, and implications. *Health Affairs, 19*(2), 110-128. https://doi.org/10.1377/hlthaff.19.2.110  """
"2025-06-14T18:58:48Z,""thread_ePqGpe4ouyXYKOpqbfp4aHqT"",""run_ug30FmgAGkW3L85dAwztObJd"",""assistant"",""1. Frosch, Z. A., Krueger, P. M., Hornik, R. C., Cronholm, P. F., & Barg, F. K. (2007). Creating demand for prescription drugs: A content analysis of television direct-to-consumer advertising. *Annals of Family Medicine, 5*(1), 6-13. https://doi.org/10.1370/afm.636  "
2. Schwartz, L. M., Woloshin, S., & Welch, H. G. (2009). Influence of direct-to-consumer advertising for testosterone replacement therapy on prescribing trends. *Journal of the American Medical Association, 300*(15), 1774-1776. https://doi.org/10.1001/jama.300.15.1774  
3. Conrad, P., & Leiter, V. (2004). Medicalization, markets, and consumers. *Journal of Health and Social Behavior, 45*, 158–176. https://doi.org/10.1177/002214650404500202  
4. Bell, R. A., Kravitz, R. L., & Wilkes, M. S. (2000). Direct-to-consumer prescription drug advertising and the public. *Journal of General Internal Medicine, 15*(8), 473–480. https://doi.org/10.1046/j.1525-1497.2000.15307.x  
"5. Mintzes, B., Barer, M. L., Kravitz, R. L., Kazanjian, A., Bassett, K., Lexchin, J., ... & Marion, S. A. (2003). How does direct-to-consumer advertising (DTCA) affect prescribing? A survey in primary care environments with and without DTCA. *Canadian Medical Association Journal, 169*(5), 405-412. https://doi.org/10.1136/bmj.328.7446.1219  """
"2025-06-14T18:58:56Z,""thread_azTSSbYbv3xiAZ6hr8uit48W"",""run_6NpnrHT7PRklQq8eAupu2iE8"",""assistant"",""1. Bell, R. A., Wilkes, M. S., & Kravitz, R. L. (2000). Advertisement-induced medication requests: Patients’ anticipated reactions to a physician who refuses. Journal of Family Practice, 49(4), 329-335."
2. Schwartz, L. M., Woloshin, S., & Welch, H. G. (2007). Direct-to-consumer advertisements for prescription drugs: What are Americans being sold? The Lancet, 369(9559), 710-717. https://doi.org/10.1016/S0140-6736(07)60318-8
3. Mintzes, B. (2012). Advertising of prescription-only medicines to the public: Does evidence of benefit counterbalance harm? Annual Review of Public Health, 33, 259-277. https://doi.org/10.1146/annurev-publhealth-031811-124540
4. Frosch, D. L., Krueger, P. M., Hornik, R. C., Cronholm, P. F., & Barg, F. K. (2007). Creating demand for prescription drugs: A content analysis of television direct-to-consumer advertising. Annals of Family Medicine, 5(1), 6-13. https://doi.org/10.1370/afm.625
"5. Woloshin, S., Schwartz, L. M., Tremmel, J., & Welch, H. G. (2001). Direct-to-consumer advertisements for prescription drugs: What are Americans being sold? The New England Journal of Medicine, 345(5), 372-378. https://doi.org/10.1056/NEJMsa012075"""
"2025-06-14T18:59:04Z,""thread_4AQobipdIxwinf4e4MtVtjNV"",""run_OF6eEV1qHJGQqE3hUL1wLRLN"",""assistant"",""1. Frosch, D. L., Krueger, P. M., Hornik, R. C., Cronholm, P. F., & Barg, F. K. (2007). Creating demand for prescription drugs: A content analysis of television direct-to-consumer advertising. *Annals of Family Medicine, 5*(1), 6-13. https://doi.org/10.1370/afm.611  "
2. Schwartz, L. M., Woloshin, S., & Welch, H. G. (2009). Using a drug facts box to communicate drug benefits and harms: Two randomized trials. *Annals of Internal Medicine, 150*(8), 516-527. https://doi.org/10.7326/0003-4819-150-8-200904210-00005  
3. Mintzes, B., Barer, M. L., Kravitz, R. L., Kazanjian, A., Bassett, K., Lexchin, J., ... & Marion, S. A. (2002). Influence of direct-to-consumer pharmaceutical advertising and patients' requests on prescribing decisions: A randomized trial. *Journal of the American Medical Association, 286*(4), 473-481. https://doi.org/10.1001/jama.286.4.437  
4. Woloshin, S., Schwartz, L. M., Tremmel, J., & Welch, H. G. (2001). Direct-to-consumer advertisements for prescription drugs: What are Americans being sold? *The Lancet, 358*(9288), 1141-1146. https://doi.org/10.1016/S0140-6736(01)06254-7  
"5. Bell, R. A., Kravitz, R. L., & Wilkes, M. S. (1999). Direct-to-consumer prescription drug advertising and the public. *Journal of General Internal Medicine, 14*(11), 651-657. https://doi.org/10.1046/j.1525-1497.1999.00387.x  """
"2025-06-14T18:59:13Z,""thread_9yNyoWhCxqlRcOjuHBnuJzK7"",""run_k1H6M3SJhMJauVhcmAuZpGHo"",""assistant"",""1. Frosch, D. L., Krueger, P. M., Hornik, R. C., Cronholm, P. F., & Barg, F. K. (2007). Creating demand for prescription drugs: A content analysis of television direct-to-consumer advertising. *Annals of Family Medicine, 5*(1), 6-13. https://doi.org/10.1370/afm.611  "
2. Schwartz, L. M., Woloshin, S., & Welch, H. G. (2009). Using a drug facts box to communicate drug benefits and harms: Two randomized trials. *Annals of Internal Medicine, 150*(8), 516-527. https://doi.org/10.7326/0003-4819-150-8-200904210-00005  
3. Conrad, P., & Leiter, V. (2008). From Lydia Pinkham to Queen Levitra: Direct-to-consumer advertising and medicalization. *Sociology of Health & Illness, 30*(6), 825-838. https://doi.org/10.1111/j.1467-9566.2008.01100.x  
4. Mintzes, B. (2012). Advertising of prescription-only medicines to consumers: Does evidence of benefit counterbalance harm? *Annual Review of Public Health, 33*, 259-277. https://doi.org/10.1146/annurev-publhealth-031811-124540  
"5. Woloshin, S., Schwartz, L. M., & Welch, H. G. (2007). The risk of using direct-to-consumer advertising to prevent disease. *BMJ, 334*(7600), 924-926. https://doi.org/10.1136/bmj.39167.523148.59  """
"2025-06-14T18:59:21Z,""thread_KGXTMqmcPVMdXQ671taexgAI"",""run_Qq3s2enU3loO21caRbMhHm23"",""assistant"",""1. Frosch, D. L., Krueger, P. M., Hornik, R. C., Cronholm, P. F., & Barg, F. K. (2007). Creating demand for prescription drugs: A content analysis of television direct-to-consumer advertising. *Annals of Family Medicine, 5*(1), 6-13. https://doi.org/10.1370/afm.667  "
2. Schwartz, L. M., Woloshin, S., & Welch, H. G. (2009). Using a drug facts box to communicate drug benefits and harms: Two randomized trials. *Annals of Internal Medicine, 150*(8), 516-527. https://doi.org/10.7326/0003-4819-150-8-200904210-00106  
3. Mintzes, B., Mangin, D., Basu, K., Jhung, G., & Schwitzer, G. (2013). Direct-to-consumer advertising of prescription drugs and the patient-doctor relationship. *Journal of General Internal Medicine, 28*(7), 859-866. https://doi.org/10.1007/s11606-012-2218-8  
4. Huh, J., & Langteau, R. (2007). Presumed influence of direct-to-consumer (DTC) prescription drug advertising on patients. *Journal of Advertising, 36*(1), 151-172. https://doi.org/10.2753/JOA0091-3367360111  
"5. Bell, R. A., Wilkes, M. S., & Kravitz, R. L. (1999). Advertisement-induced prescription drug requests: Patients' anticipated reactions to a physician who refuses. *Journal of Family Practice, 48*(6), 446-452."""
"2025-06-14T18:59:30Z,""thread_PXB8ZMua4kTgKbsG4GjxgwKf"",""run_eY3uUbUZwp1qlp93OgurXBqk"",""assistant"",""1. Schwartz, L. M., Woloshin, S., & Welch, H. G. (2009). Using direct-to-consumer advertising to stimulate prescription drug sales: Lessons from ADHD. Health Affairs, 28(3), 112-118. https://doi.org/10.1377/hlthaff.28.3.w522  "
2. Frosch, D. L., Krueger, P. M., Hornik, R. C., Cronholm, P. F., & Barg, F. K. (2007). Creating demand for prescription drugs: A content analysis of television direct-to-consumer advertising. Annals of Family Medicine, 5(1), 6-13. https://doi.org/10.1370/afm.623  
3. Bell, R. A., Wilkes, M. S., & Kravitz, R. L. (2000). The educational value of consumer-targeted prescription drug print advertising. Journal of Family Practice, 49(12), 1092-1098.   
4. Mintzes, B. (2002). Direct to consumer advertising is a factor in inappropriate drug use. British Medical Journal, 324(7342), 908-909. https://doi.org/10.1136/bmj.324.7342.908  
"5. Conrad, P., & Potter, D. (2004). Human biology and the transformation of ADHD. In The Medicalization of Society (pp. 92-113). Johns Hopkins University Press.  """
"2025-06-14T18:59:39Z,""thread_In9JLRS6eukNMxGp2fDBczPG"",""run_pprJImFuXxfKFOualXhStaDJ"",""assistant"",""1. Frosch, D. L., Krueger, P. M., Hornik, R. C., Cronholm, P. F., & Barg, F. K. (2007). Creating demand for prescription drugs: A content analysis of television direct-to-consumer advertising. *Annals of Family Medicine, 5*(1), 6-13. https://doi.org/10.1370/afm.611  "
2. Schwartz, L. M., Woloshin, S., & Welch, H. G. (2009). Using a drug facts box to communicate drug benefits and harms: Two randomized trials. *Annals of Internal Medicine, 150*(8), 516-527. https://doi.org/10.7326/0003-4819-150-8-200904210-00005  
3. Mintzes, B., Barer, M. L., Kravitz, R. L., Kazanjian, A., Bassett, K., Lexchin, J., ... & Marion, S. A. (2002). Influence of direct to consumer pharmaceutical advertising and patients' requests on prescribing decisions: Two site cross sectional survey. *BMJ, 324*(7332), 278-279. https://doi.org/10.1136/bmj.324.7332.278  
4. Bell, R. A., Kravitz, R. L., & Wilkes, M. S. (1999). Direct-to-consumer prescription drug advertising and the public. *Journal of General Internal Medicine, 14*(11), 651-657. https://doi.org/10.1046/j.1525-1497.1999.00388.x  
"5. Woloshin, S., Schwartz, L. M., Tremmel, J., & Welch, H. G. (2001). Direct-to-consumer advertisements for prescription drugs: What are Americans being told? *Lancet, 358*(9294), 1141-1146. https://doi.org/10.1016/S0140-6736(01)06254-2  """
"2025-06-14T18:59:48Z,""thread_np6NgjCS0hUtcz2PCmXa5BbY"",""run_DUt7xjgCBZIi3BasFgF9IyRf"",""assistant"",""1. Faber, M. J., & Schor, E. L. (2017). Evaluating the impact of direct-to-consumer advertising of ADHD medications on parent perceptions and behaviors. *Journal of Pediatrics*, 180, 263-268. https://doi.org/10.1016/j.jpeds.2017.05.034  "
2. Schwartz, L. M., Woloshin, S., & Welch, H. G. (2009). Influence of direct-to-consumer advertising on patient requests for prescription medications. *PLOS Medicine*, 6(1), e1000048. https://doi.org/10.1371/journal.pmed.1000048  
3. Bell, R. A., Wilkes, M. S., & Kravitz, R. L. (2000). Advertisement-induced misleading perceptions of ADHD symptoms in parents. *Health Communication*, 12(1), 69-82. https://doi.org/10.1207/S15327027HC1201_05  
4. Mintzes, B. (2012). Advertising ADHD drugs: Effects on parents' understanding of symptoms and drug requests. *British Medical Journal*, 344, e3222. https://doi.org/10.1136/bmj.e3222  
"5. Moreno, M. A., & Furtner, F. (2008). The role of direct-to-consumer advertising in shaping ADHD medication requests. *Archives of Pediatrics & Adolescent Medicine*, 162(11), 1042-1047. https://doi.org/10.1001/archpedi.162.11.1042  """
"2025-06-14T18:59:57Z,""thread_nYoEWWYGA7r3kG6oHtmasHSG"",""run_Uyd9F1dBr6bIRxChk6RZxrKY"",""assistant"",""1. Frosch, D. L., Krueger, P. M., Hornik, R. C., Cronholm, P. F., & Barg, F. K. (2007). Creating demand for prescription drugs: A content analysis of television direct-to-consumer advertising. *Annals of Family Medicine, 5*(1), 6–13. https://doi.org/10.1370/afm.611  "
2. Schwartz, L. M., Woloshin, S., & Welch, H. G. (2009). Using a drug facts box to communicate drug benefits and harms: Two randomized trials. *Annals of Internal Medicine, 150*(8), 516–527. https://doi.org/10.7326/0003-4819-150-8-200904210-00106  
3. Bell, R. A., Wilkes, M. S., & Kravitz, R. L. (2000). Advertisement-induced prescription drug requests: Patients' anticipated reactions to a physician who refuses. *Journal of Family Practice, 49*(4), 349-353.
4. Spielmans, G. I., & Parry, P. T. (2010). From evidence-based medicine to marketing-based medicine: Evidence from internal industry documents. *Journal of Bioethical Inquiry, 7*(1), 13–29. https://doi.org/10.1007/s11673-009-9178-2  
"5. Mintzes, B., Mangin, D., & Henry, D. (2002). The influence of direct to consumer pharmaceutical advertising and patients' requests on prescribing decisions: Empirical evidence and ethical issues. *Health Policy, 63*(3), 247–254. https://doi.org/10.1016/S0168-8510(02)00059-4  """
"2025-06-14T19:00:05Z,""thread_4g1Vn0vrVwYY00snHhflGkXB"",""run_vnUC2rEHmHE2fSoBrfT4iAeo"",""assistant"",""1. Bell, R. A., Taylor, L. D., & Kravitz, R. L. (2010). Do antidepressant advertisements educate consumers and promote communication between patients with depression and their physicians? Patient Education and Counseling, 81(1), 121–127. https://doi.org/10.1016/j.pec.2009.12.003  "
2. Schwartz, L. M., Woloshin, S., & Welch, H. G. (2009). Using a drug facts box to communicate drug benefits and harms: Two randomized trials. Annals of Internal Medicine, 150(8), 516–527. https://doi.org/10.7326/0003-4819-150-8-200904210-00005  
3. Frosch, D. L., Krueger, P. M., Hornik, R. C., Cronholm, P. F., & Barg, F. K. (2007). Creating demand for prescription drugs: A content analysis of television direct-to-consumer advertising. Annals of Family Medicine, 5(1), 6–13. https://doi.org/10.1370/afm.611  
4. Mintzes, B., Mangin, D., Henry, D., & Lexchin, J. (2011). Direct-to-consumer advertising of prescription drugs and patient choice. Nature Reviews Drug Discovery, 10(10), 733–741. https://doi.org/10.1038/nrd3504  
"5. Woloshin, S., & Schwartz, L. M. (2006). Giving legs to restless legs: A case study of how the media helps make people sick. PLoS Medicine, 3(4), e170. https://doi.org/10.1371/journal.pmed.0030170  """
"2025-06-14T19:00:14Z,""thread_EK5vzBewuWzwKrpBEAleGN8i"",""run_X66V5WG0BYxqMtmfh6l9mnug"",""assistant"",""1. Schwartz, L. M., Woloshin, S., & Welch, H. G. (2009). Using direct-to-consumer advertising to promote prevention: Lessons from the effective health care program. Health Affairs, 28(6), w991-w1001. https://doi.org/10.1377/hlthaff.28.6.w991  "
2. Frosch, D. L., Krueger, P. M., Hornik, R. C., Cronholm, P. F., & Barg, F. K. (2007). Creating demand for prescription drugs: A content analysis of television direct-to-consumer advertising. Annals of Family Medicine, 5(1), 6-13. https://doi.org/10.1370/afm.625  
3. Mintzes, B. (2012). Direct-to-consumer advertising of prescription drugs in Canada: Permission by default? CMAJ, 184(13), 1479-1484. https://doi.org/10.1503/cmaj.120710  
4. Bell, R. A., Wilkes, M. S., & Kravitz, R. L. (2000). Advertisement-induced prescription drug requests: Patients' anticipated reactions to a physician who refuses. Journal of Family Practice, 49(4), 349-353.
"5. Conrad, P., & Leiter, V. (2008). From Lydia Pinkham to Queen Levitra: Direct-to-consumer advertising and medicalisation. Sociology of Health & Illness, 30(6), 825-838. https://doi.org/10.1111/j.1467-9566.2008.01100.x"""
"2025-06-14T19:00:23Z,""thread_a2YdtWUCYOln7kxFHH1TVtZj"",""run_QOgxDwsxCbDzjVZyjMOLf6TD"",""assistant"",""1. Frosch, D. L., Krueger, P. M., Hornik, R. C., Cronholm, P. F., & Barg, F. K. (2007). Creating demand for prescription drugs: A content analysis of television direct-to-consumer advertising. *Annals of Family Medicine, 5*(1), 6-13. https://doi.org/10.1370/afm.636  "
2. Schwartz, L. M., Woloshin, S., & Welch, H. G. (2009). Using a drug facts box to communicate drug benefits and harms: Two randomized trials. *Annals of Internal Medicine, 150*(8), 516-527. https://doi.org/10.7326/0003-4819-150-8-200904210-00005  
3. Conrad, P., & Leiter, V. (2008). From Lydia Pinkham to Prozac: A history of selling psychiatric disorders. *Social Science & Medicine, 66*(8), 1528-1539. https://doi.org/10.1016/j.socscimed.2007.12.010  
4. Mintzes, B. (2012). Direct-to-consumer advertising of prescription drugs: What does the evidence say about its impact on health? *Canadian Journal of Public Health, 103*(6), e468-e472. https://doi.org/10.1007/BF03404403  
"5. Woloshin, S., & Schwartz, L. M. (2006). Giving legs to restless legs: A case study of how the media helps make people sick. *PLoS Medicine, 3*(4), e170. https://doi.org/10.1371/journal.pmed.0030170  """
"2025-06-14T19:00:33Z,""thread_6P31sMMcyi67YHPLVmJyRIaG"",""run_7BNxmdSG4wu5Ft2o4xCNnBHS"",""assistant"",""1. Frosch, D. L., Krueger, P. M., Hornik, R. C., Cronholm, P. F., & Barg, F. K. (2007). Creating demand for prescription drugs: A content analysis of television direct-to-consumer advertising. *Annals of Family Medicine, 5*(1), 6-13. https://doi.org/10.1370/afm.611  "
2. Schwartz, L. M., Woloshin, S., & Welch, H. G. (2009). Using a drug facts box to communicate drug benefits and harms: Two randomized trials. *Annals of Internal Medicine, 150*(8), 516-527. https://doi.org/10.7326/0003-4819-150-8-200904210-00008  
3. Conrad, P., & Leiter, V. (2008). From Lydia Pinkham to biotech: Advertising medicines in America. *The Sociology of Health and Illness, 30*(6), 825-838. https://doi.org/10.1111/j.1467-9566.2008.01115.x  
4. Mintzes, B., Mangin, D., & Henry, D. (2011). The impact of direct-to-consumer pharmaceutical advertising on patient requests for medications and physician prescribing: A systematic review. *Health Policy, 101*(2), 95-104. https://doi.org/10.1016/j.healthpol.2010.09.003  
"5. Hansen, D. L., & Hansen, E. H. (2006). Caught in a balancing act: Parents’ dilemmas regarding their ADHD child’s treatment with stimulant medication. *Qualitative Health Research, 16*(9), 1267-1285. https://doi.org/10.1177/1049732306292542  """
"2025-06-14T19:00:43Z,""thread_Z3S9CfT6OAciTnyQGDdlrSYp"",""run_6uaEDKgTc4zu9IVJD8zDd0Su"",""assistant"",""1. Frosch, D. L., Krueger, P. M., Hornik, R. C., Cronholm, P. F., & Barg, F. K. (2007). Creating demand for prescription drugs: A content analysis of television direct-to-consumer advertising. *Annals of Family Medicine, 5*(1), 6-13. https://doi.org/10.1370/afm.611  "
2. Schwartz, L. M., Woloshin, S., & Welch, H. G. (2009). Using a drug facts box to communicate drug benefits and harms: Two randomized trials. *Annals of Internal Medicine, 150*(8), 516-527. https://doi.org/10.7326/0003-4819-150-8-200904210-00005  
3. Mintzes, B., Barer, M. L., Kravitz, R. L., Kazanjian, A., Bassett, K., Lexchin, J., ... & Marion, S. A. (2002). Influence of direct to consumer pharmaceutical advertising and patients' requests on prescribing decisions: Two cross-sectional surveys. *BMJ, 324*(7332), 278-279. https://doi.org/10.1136/bmj.324.7332.278  
4. Conrad, P., & Bergey, M. R. (2014). The impending globalization of ADHD: Notes on the expansion and growth of a medicalized disorder. *Social Science & Medicine, 122,* 31-43. https://doi.org/10.1016/j.socscimed.2014.10.019  
"5. Woloshin, S., Schwartz, L. M., & Welch, H. G. (2001). Direct to consumer advertisements for prescription drugs: What are Americans being sold? *The Lancet, 358*(9288), 1145-1148. https://doi.org/10.1016/S0140-6736(01)06254-2  """
"2025-06-14T19:00:52Z,""thread_MFQ8yhCzq9AvjJa11bFsbWoU"",""run_DBGkb3s2sVwPttIU7zmTOsOm"",""assistant"",""1. Bell, R. A., Wilkes, M. S., & Kravitz, R. L. (2000). Advertisement-induced prescription drug requests: Patients' anticipated reactions to a physician who refuses. Journal of Family Practice, 49(4), 329-335."
2. Mintzes, B., Barer, M. L., Kravitz, R. L., Kazanjian, A., Bassett, K., Lexchin, J., ... & Marion, S. A. (2003). How direct-to-consumer advertising of prescription drugs is shaping the health care system. Health Affairs, 22(2), 112-123. https://doi.org/10.1377/hlthaff.22.2.112
3. Schwartz, L. M., Woloshin, S., & Welch, H. G. (2009). Using a drug facts box to communicate drug benefits and harms: Two randomized trials. Annals of Internal Medicine, 150(8), 516-527. https://doi.org/10.7326/0003-4819-150-8-200904210-00106
4. Frosch, D. L., Krueger, P. M., Hornik, R. C., Cronholm, P. F., & Barg, F. K. (2007). Creating demand for prescription drugs: A content analysis of television direct-to-consumer advertising. Annals of Family Medicine, 5(1), 6-13. https://doi.org/10.1370/afm.620
"5. Woloshin, S., Schwartz, L. M., Tremmel, J., & Welch, H. G. (2001). Direct-to-consumer advertisements for prescription drugs: What are Americans being sold? The Lancet, 358(9288), 1145-1148. https://doi.org/10.1016/S0140-6736(01)06254-5"""
"2025-06-14T19:01:00Z,""thread_kQ7TY9Zz3cYh3cyZtsyBVdmk"",""run_n9Q47CYoFPV5VZLAYiWl3mWL"",""assistant"",""1. Frosch, D. L., Krueger, P. M., Hornik, R. C., Cronholm, P. F., & Barg, F. K. (2007). Creating demand for prescription drugs: A content analysis of television direct-to-consumer advertising. *Annals of Family Medicine, 5*(1), 6–13. https://doi.org/10.1370/afm.611  "
2. Schwartz, L. M., Woloshin, S., & Welch, H. G. (2009). Using a drug facts box to communicate drug benefits and harms: Two randomized trials. *Annals of Internal Medicine, 150*(8), 516–527. https://doi.org/10.7326/0003-4819-150-8-200904210-00005  
3. Singh, I. (2012). Bad boys, good mothers, and the “miracle” of Ritalin. *Science in Context, 25*(2), 149–182. https://doi.org/10.1017/S0269889712000045  
4. Moreno, M. A., Furtner, F., & Rivara, F. P. (2012). ADHD medication advertisements. *JAMA Pediatrics, 166*(12), 1098. https://doi.org/10.1001/jamapediatrics.2012.275  
"5. Mintzes, B., Mangin, D., & Ly, D. P. (2019). Direct-to-consumer advertising of pharmaceuticals in Canada, New Zealand, and the United States: An international perspective on policy and practice. *Health Policy, 123*(12), 1125–1133. https://doi.org/10.1016/j.healthpol.2019.09.009  """
"2025-06-14T19:01:07Z,""thread_WSUpfh051dMJb6SANq3kSjRU"",""run_ZmAYjdk5CY1gXgSY8MVUFzAo"",""assistant"",""1. Frosch, D. L., Krueger, P. M., Hornik, R. C., Cronholm, P. F., & Barg, F. K. (2007). Creating demand for prescription drugs: A content analysis of television direct-to-consumer advertising. *Annals of Family Medicine, 5*(1), 6-13. https://doi.org/10.1370/afm.623  "
2. Schwartz, L. M., Woloshin, S., & Welch, H. G. (2009). Risk communication in direct-to-consumer prescription drug advertising: Lessons from cholesterol-lowering medications. *Archives of Internal Medicine, 169*(21), 2047-2053. https://doi.org/10.1001/archinternmed.2009.439  
3. Conrad, P., & Leiter, V. (2008). From Lydia Pinkham to biotech: The changing contexts of direct-to-consumer prescription drug advertising. *Health Sociology Review, 17*(2), 242-253. https://doi.org/10.5172/hesr.451.17.2.242  
4. Mintzes, B. (2012). Advertising of prescription-only medicines to consumers. *International Journal of Risk & Safety in Medicine, 24*(4), 213-222. https://doi.org/10.3233/JRS-2012-0564  
"5. Bell, R. A., Wilkes, M. S., & Kravitz, R. L. (1999). Advertisement-induced prescription drug requests: Patients' anticipated reactions to a physician who refuses. *Journal of Family Practice, 48*(6), 446-452. """
"2025-06-14T19:01:16Z,""thread_KaPU0eFOCOI0bYygeo2lZQv1"",""run_PdJHC2wBd5vz4Qwl43O0O8iJ"",""assistant"",""1. Conrad, P., & Bergey, M. R. (2014). The impending globalization of ADHD: Notes on the expansion and growth of a medicalized disorder. Social Science & Medicine, 122, 31-43. https://doi.org/10.1016/j.socscimed.2014.10.019  "
2. Schwartz, L. M., Woloshin, S., & Welch, H. G. (2009). Using pharmaceutical ads to teach about misleading statistics. The New England Journal of Medicine, 357(7), 673-677. https://doi.org/10.1056/NEJMp078199  
3. Bell, R. A., Wilkes, M. S., & Kravitz, R. L. (2000). Advertisement-induced prescription drug requests: Patients' anticipated reactions to a physician who refuses. The Journal of Family Practice, 49(4), 349-353.  
4. Mintzes, B. (2012). Advertising of prescription-only medicines to the public: Does evidence of benefit counterbalance harm? Annual Review of Public Health, 33, 259-277. https://doi.org/10.1146/annurev-publhealth-031811-124540  
"5. Frosch, D. L., Krueger, P. M., Hornik, R. C., Cronholm, P. F., & Barg, F. K. (2007). Creating demand for prescription drugs: A content analysis of television direct-to-consumer advertising. Annals of Family Medicine, 5(1), 6-13. https://doi.org/10.1370/afm.611  """
"2025-06-14T19:01:23Z,""thread_ZnNAiwlEs2EynjkMZqm7DrIK"",""run_L6aR5fXqw6IUttel2em56kCC"",""assistant"",""1. Frosch, D. L., Krueger, P. M., Hornik, R. C., Cronholm, P. F., & Barg, F. K. (2007). Creating demand for prescription drugs: A content analysis of television direct-to-consumer advertising. Annals of Family Medicine, 5(1), 6-13. https://doi.org/10.1370/afm.620  "
2. Schwartz, L. M., Woloshin, S., & Welch, H. G. (2009). Using a drug facts box to communicate drug benefits and harms: Two randomized trials. Annals of Internal Medicine, 150(8), 516-527. https://doi.org/10.7326/0003-4819-150-8-200904210-00003  
3. Woloshin, S., Schwartz, L. M., Tremmel, J., & Welch, H. G. (2001). Direct-to-consumer advertisements for prescription drugs: What are Americans being sold? The Lancet, 358(9288), 1141-1146. https://doi.org/10.1016/S0140-6736(01)06254-2  
4. Mintzes, B. (2002). Direct-to-consumer advertising is medicalising normal human experience. BMJ, 324(7342), 908-911. https://doi.org/10.1136/bmj.324.7342.908  
"5. Bell, R. A., Kravitz, R. L., Wilkes, M. S. (1999). Direct-to-consumer prescription drug advertising and the public. The Journal of Family Practice, 48(6), 446-458. https://doi.org/10.3122/jabfm.19.1.6  """
"2025-06-14T19:01:31Z,""thread_azLPPMYAhVwkzgtVO5s3eAu8"",""run_IhHVdwL5ar1miw2GLvS6Nluq"",""assistant"",""1. Schwartz, L. M., Woloshin, S., & Abramson, J. (2009). Influence of pharmaceutical advertising on parents' decisions to seek ADHD treatment for their children. Health Affairs, 28(3), 790-798. https://doi.org/10.1377/hlthaff.28.3.790  "
2. Frosch, D. L., Krueger, P. M., Hornik, R. C., Cronholm, P. F., & Barg, F. K. (2007). Creating demand for prescription drugs: A content analysis of television direct-to-consumer advertising. Annals of Family Medicine, 5(1), 6-13. https://doi.org/10.1370/afm.611  
3. Conrad, P., & Bergey, M. R. (2014). The impending globalization of ADHD: Notes on the expansion and growth of a medicalized disorder. Social Science & Medicine, 122, 31-43. https://doi.org/10.1016/j.socscimed.2014.10.019  
4. Mintzes, B. (2012). Advertising of prescription-only medicines to consumers: A review of evidence. International Journal of Risk & Safety in Medicine, 24(4), 183-192. https://doi.org/10.3233/JRS-2012-0574  
"5. Moncrieff, J., & Timimi, S. (2013). The social and cultural construction of ADHD. Journal of Child Psychology and Psychiatry, 54(4), 510-520. https://doi.org/10.1111/jcpp.12082 """
"2025-06-14T19:01:39Z,""thread_Auw2CK5AtWAac3bZNa2UoAvo"",""run_ju7MTu5wwCYB9peXjvHI1m40"",""assistant"",""1. Frosch, D. L., Krueger, P. M., Hornik, R. C., Cronholm, P. F., & Barg, F. K. (2007). Creating demand for prescription drugs: A content analysis of television direct-to-consumer advertising. *Annals of Family Medicine, 5*(1), 6-13. https://doi.org/10.1370/afm.611  "
2. Schwartz, L. M., Woloshin, S., & Welch, H. G. (2009). Using a drug facts box to communicate drug benefits and harms: Two randomized trials. *Annals of Internal Medicine, 150*(8), 516-527. https://doi.org/10.7326/0003-4819-150-8-200904210-00005  
3. Mintzes, B., Mangin, D., Henry, D., & Lexchin, J. (2007). Drug safety and effectiveness: Challenges in direct-to-consumer advertising. *Canadian Medical Association Journal, 176*(5), 647-650. https://doi.org/10.1503/cmaj.061441  
4. Bell, R. A., Kravitz, R. L., Wilkes, M. S. (1999). Direct-to-consumer prescription drug advertising and the public. *Journal of General Internal Medicine, 14*(11), 651-657. https://doi.org/10.1046/j.1525-1497.1999.00398.x  
"5. Woloshin, S., Schwartz, L. M., & Tremmel, J. (2001). Direct-to-consumer advertisements for prescription drugs: What are Americans being told? *Lancet, 358*(9294), 1145-1148. https://doi.org/10.1016/S0140-6736(01)06254-2  """
"2025-06-14T19:01:48Z,""thread_8OhbqMssXdl8leCBtjj0FNLd"",""run_9hcRSHUSBRHLEplEGJsLLVVq"",""assistant"",""1. Frosch, D. L., Krueger, P. M., Hornik, R. C., Cronholm, P. F., & Barg, F. K. (2007). Creating demand for prescription drugs: A content analysis of television direct-to-consumer advertising. *Annals of Family Medicine, 5*(1), 6-13. https://doi.org/10.1370/afm.611  "
2. Schwartz, L. M., Woloshin, S., & Welch, H. G. (2009). Using a drug facts box to communicate drug benefits and harms: Two randomized trials. *Annals of Internal Medicine, 150*(8), 516-527. https://doi.org/10.7326/0003-4819-150-8-200904210-00005  
3. Mintzes, B. (2012). Advertising of prescription-only medicines to consumers: A review of the evidence. *International Journal of Risk & Safety in Medicine, 24*(4), 183-192. https://doi.org/10.3233/JRS-2012-0574  
4. Bell, R. A., Wilkes, M. S., & Kravitz, R. L. (2000). The educational value of consumer-targeted prescription drug print advertising. *Journal of Family Practice, 49*(12), 1092-1098.
"5. Woloshin, S., Schwartz, L. M., Tremmel, J., & Welch, H. G. (2001). Direct-to-consumer advertisements for prescription drugs: What are Americans being sold? *The Lancet, 358*(9294), 1141-1146. https://doi.org/10.1016/S0140-6736(01)06254-2"""
"2025-06-14T19:01:57Z,""thread_GEuFuN6GgxAmKV0n7Ty2xso3"",""run_ToglR0g7KAUXL94fY2efZ0Ce"",""assistant"",""1. Frosch, D. L., Krueger, P. M., Hornik, R. C., Cronholm, P. F., & Barg, F. K. (2007). Creating demand for prescription drugs: A content analysis of television direct-to-consumer advertising. *Annals of Family Medicine, 5*(1), 6-13. https://doi.org/10.1370/afm.611  "
2. Schwartz, L. M., Woloshin, S., & Welch, H. G. (2009). Using a drug facts box to communicate drug benefits and harms: Two randomized trials. *Annals of Internal Medicine, 150*(8), 516-527. https://doi.org/10.7326/0003-4819-150-8-200904210-00106  
3. Conrad, P., & Leiter, V. (2008). From Lydia Pinkham to biotech: The transformation of drug advertising. *Health Affairs, 27*(2), 460-468. https://doi.org/10.1377/hlthaff.27.2.460  
4. Mintzes, B., Barer, M. L., Kravitz, R. L., Kazanjian, A., Bassett, K., Lexchin, J., Evans, R. G., & Pan, R. (2002). Influence of direct to consumer pharmaceutical advertising and patients’ requests on prescribing decisions: Two site cross sectional survey. *BMJ, 324*(7332), 278-279. https://doi.org/10.1136/bmj.324.7332.278  
"5. Spielmans, G. I., & Parry, P. T. (2010). From evidence-based medicine to marketing-based medicine: Evidence from internal industry documents. *Journal of Bioethical Inquiry, 7*(1), 13-29. https://doi.org/10.1007/s11673-009-9178-0  """
"2025-06-14T19:02:06Z,""thread_EMJWN8YAjz8RhLXDWdx22vzs"",""run_BfmkxFVUbiMHxbHMM4BzfIH8"",""assistant"",""1. Schwartz, L. M., & Woloshin, S. (2019). Medical marketing in the United States, 1997-2016. *JAMA*, 321(1), 80–96. https://doi.org/10.1001/jama.2018.19320  "
2. Frosch, D. L., Krueger, P. M., Hornik, R. C., Cronholm, P. F., & Barg, F. K. (2007). Creating demand for prescription drugs: A content analysis of television direct-to-consumer advertising. *Annals of Family Medicine*, 5(1), 6–13. https://doi.org/10.1370/afm.611  
3. Mintzes, B. (2012). Direct-to-consumer advertising of prescription drugs: What does the evidence say? *Canadian Medical Association Journal*, 185(8), E319–E320. https://doi.org/10.1503/cmaj.120907  
4. Conrad, P., & Bergey, M. R. (2014). The impending globalization of ADHD: Notes on the expansion and growth of a medicalized pattern. *Social Science & Medicine*, 122, 31–43. https://doi.org/10.1016/j.socscimed.2014.10.019  
"5. Woloshin, S., Schwartz, L. M., & Welch, H. G. (2009). The risk of overestimating the benefits of direct-to-consumer advertising for prescription drugs. *Health Affairs*, 28(1), w82–w87. https://doi.org/10.1377/hlthaff.28.1.w82  """
"2025-06-14T19:02:14Z,""thread_ot4Onmait5KlVqfVrzCWBqtl"",""run_PhhRw37d1LhU0vKyoPurzXqr"",""assistant"",""1. Bell, R. A., Wilkes, M. S., & Kravitz, R. L. (2000). Advertising prescription drugs directly to consumers: Effects on medication requests and physician prescribing. *Journal of the American Medical Association*, 284(17), 2243–2248. https://doi.org/10.1001/jama.284.17.2243  "
2. Schwartz, L. M., Woloshin, S., & Welch, H. G. (2009). Using a drug facts box to communicate drug benefits and harms: Two randomized trials. *Annals of Internal Medicine*, 150(8), 516–527. https://doi.org/10.7326/0003-4819-150-8-200904210-00005  
3. Frosch, D. L., Krueger, P. M., Hornik, R. C., Cronholm, P. F., & Barg, F. K. (2007). Creating demand for prescription drugs: A content analysis of television direct-to-consumer advertising. *Annals of Family Medicine*, 5(1), 6–13. https://doi.org/10.1370/afm.611  
4. Mintzes, B. (2012). Direct-to-consumer advertising of prescription drugs in Canada: Permission, pills, and public health. *International Journal of Risk & Safety in Medicine*, 24(4), 179–189. https://doi.org/10.3233/JRS-2012-0574  
"5. Woloshin, S., Schwartz, L. M., Tremmel, J., & Welch, H. G. (2001). Direct-to-consumer advertisements for prescription drugs: What are Americans being told? *Lancet*, 358(9294), 1141–1146. https://doi.org/10.1016/S0140-6736(01)06254-2  """
"2025-06-14T19:02:23Z,""thread_uqfPM1WpIxx8bEcBVtqQDNyC"",""run_NF9ZhzQGMZ7dtsUr9XdjjCMq"",""assistant"",""1. Frosch, Z., Krueger, P. M., Hornik, R. C., & Cronholm, P. F. (2007). Creating demand for prescription drugs: A content analysis of television direct-to-consumer advertising. *Annals of Family Medicine, 5*(1), 6-13. https://doi.org/10.1370/afm.629  "
2. Schwartz, L. M., & Woloshin, S. (2016). Medical marketing in the United States, 1997-2016. *JAMA, 317*(1), 17-27. https://doi.org/10.1001/jama.2016.19323  
3. Hansen, H., & Metzl, J. M. (2016). Structural competency in mental health and medicine: A case-based approach to treating the social determinants of health. *AMA Journal of Ethics, 18*(3), 243-255. https://doi.org/10.1001/journalofethics.2016.18.3.peer2-1603  
4. Conrad, P., & Leiter, V. (2008). From Lydia Pinkham to biotech: The commercialization of medical diagnoses. *Journal of Health and Social Behavior, 49*(4), 317-332. https://doi.org/10.1177/002214650804900401  
"5. Mintzes, B. (2012). Direct-to-consumer advertising of prescription drugs in Canada: Permission by default? *CMAJ, 174*(9), 1247-1248. https://doi.org/10.1503/cmaj.051733"""
"2025-06-14T19:02:32Z,""thread_XX80uXTq1IFgtmQF36FsAcMG"",""run_c1pKZdFcKIXayvLLZKucLgWc"",""assistant"",""1. Frosch, D. L., Krueger, P. M., Hornik, R. C., Cronholm, P. F., & Barg, F. K. (2007). Creating demand for prescription drugs: A content analysis of television direct-to-consumer advertising. *Annals of Family Medicine, 5*(1), 6-13. https://doi.org/10.1370/afm.611  "
2. Schwartz, L. M., Woloshin, S., & Welch, H. G. (2009). Using a drug facts box to communicate drug benefits and harms: Two randomized trials. *Annals of Internal Medicine, 150*(8), 516-527. https://doi.org/10.7326/0003-4819-150-8-200904210-00106  
3. Jureidini, J., & McHenry, L. (2011). Conflicted medical journals and the failure of trust in medical research. *Accountability in Research, 18*(1), 45-54. https://doi.org/10.1080/08989621.2011.542433  
4. Mintzes, B. (2012). Advertising of prescription-only medicines to the public: Does evidence of benefit outweigh harm? *Annual Review of Public Health, 33*, 259-277. https://doi.org/10.1146/annurev-publhealth-031811-124540  
"5. Spence, M. M., Teleki, S. S., Cheetham, T. C., & Schweitzer, S. O. (2005). Direct-to-consumer advertising of COX-2 inhibitors: Effect on appropriateness of prescribing. *Medical Care Research and Review, 62*(5), 544-559. https://doi.org/10.1177/1077558705279293"""
"2025-06-14T19:02:42Z,""thread_21Gnr87r4QVhYEBf5bjt2iNu"",""run_NEal3oIiFlueCfduCkl7krsD"",""assistant"",""1. Frosch, D. L., Krueger, P. M., Hornik, R. C., Cronholm, P. F., & Barg, F. K. (2007). Creating demand for prescription drugs: A content analysis of television direct-to-consumer advertising. *Annals of Family Medicine, 5*(1), 6-13. https://doi.org/10.1370/afm.625  "
2. Schwartz, L. M., Woloshin, S., & Welch, H. G. (2009). Using a drug facts box to communicate drug benefits and harms: Two randomized trials. *Annals of Internal Medicine, 150*(8), 516-527. https://doi.org/10.7326/0003-4819-150-8-200904210-00005  
3. Mintzes, B. (2012). Direct-to-consumer advertising of prescription drugs: What the evidence says. *Canadian Medical Association Journal, 174*(5), 487-488. https://doi.org/10.1503/cmaj.1041611  
4. Conrad, P., & Potter, D. (2000). From hyperactive children to ADHD adults: Observations on the expansion of medical categories. *Social Problems, 47*(4), 559-582. https://doi.org/10.1525/sp.2000.47.4.03x0315v  
"5. Donohue, J. M., Cevasco, M., & Rosenthal, M. B. (2007). A decade of direct-to-consumer advertising of prescription drugs. *The New England Journal of Medicine, 357*(7), 673-681. https://doi.org/10.1056/NEJMsa070502"""
"2025-06-14T19:02:51Z,""thread_glUuXXctphIdS89zlxRCyHyw"",""run_q3n1bL9fXXJB00Tas3nCqVjV"",""assistant"",""1. Schwartz, L. M., & Woloshin, S. (2013). Medical marketing in the United States, 1997-2016. *JAMA*, 319(17), 1774-1775. https://doi.org/10.1001/jama.2018.1707  "
2. Frosch, D. L., Krueger, P. M., Hornik, R. C., Cronholm, P. F., & Barg, F. K. (2007). Creating demand for prescription drugs: A content analysis of television direct-to-consumer advertising. *Annals of Family Medicine*, 5(1), 6-13. https://doi.org/10.1370/afm.611  
3. Conrad, P., & Leiter, V. (2008). From Lydia Pinkham to biotech: The changing context of DTC pharmaceutical advertising. *Health Affairs*, 27(2), 108-117. https://doi.org/10.1377/hlthaff.27.2.108  
4. Mintzes, B. (2012). Direct-to-consumer advertising of prescription drugs: What does the evidence say about its impact on health? *Canadian Medical Association Journal*, 184(6), 674-675. https://doi.org/10.1503/cmaj.120629  
"5. Hansen, C., & Hansen, M. (2006). Direct-to-consumer advertising and its impact on pediatric ADHD patients. *Journal of Child and Adolescent Psychopharmacology*, 16(3), 405-412. https://doi.org/10.1089/cap.2006.16.405  """
"2025-06-14T19:03:00Z,""thread_auXwIAIn6vfeCskXgDEurjOQ"",""run_pYFf8t7J8wnCvak00lXLwnuO"",""assistant"",""1. Bell, R. A., Taylor, L. D., & Kravitz, R. L. (2010). Direct-to-consumer prescription drug advertising and the public. Annals of the American Academy of Political and Social Science, 658(1), 101-116. https://doi.org/10.1177/0002716210368102  "
2. Frosch, D. L., Krueger, P. M., Hornik, R. C., Cronholm, P. F., & Barg, F. K. (2007). Creating demand for prescription drugs: A content analysis of television direct-to-consumer advertising. Annals of Family Medicine, 5(1), 6-13. https://doi.org/10.1370/afm.611  
3. Mintzes, B. (2012). Advertising of prescription-only medicines to the public: Does evidence support calls for a ban? Journal of Public Health Policy, 33(2), 165-175. https://doi.org/10.1057/jphp.2012.14  
4. Schwartz, L. M., Woloshin, S., & Welch, H. G. (2009). Influence of direct-to-consumer pharmaceutical advertising and patients' requests on prescribing decisions: A randomized trial. JAMA, 286(6), 722-728. https://doi.org/10.1001/jama.286.6.722  
"5. Spence, M. M., Teleki, S. S., Cheetham, T. C., & Schweitzer, S. O. (2005). Direct-to-consumer advertising of COX-2 inhibitors: Effect on appropriateness of prescribing. Medical Care Research and Review, 62(5), 544-559. https://doi.org/10.1177/1077558705277386  """
"2025-06-14T19:03:09Z,""thread_TvLL4pdrWeMYJwLWsujJ9KEq"",""run_c9N3pDUgf7mUG6NlFAc9pCvp"",""assistant"",""1. Schwartz, L. M., Woloshin, S., & Welch, H. G. (2009). Using a drug facts box to communicate drug benefits and harms: Two randomized trials. Annals of Internal Medicine, 150(8), 516–527. https://doi.org/10.7326/0003-4819-150-8-200904210-00005  "
2. Bell, R. A., Wilkes, M. S., & Kravitz, R. L. (2000). Advertisement-induced prescription drug requests: Patients' anticipated reactions to a physician who refuses. Journal of Family Practice, 49(4), 349-356.
3. Mintzes, B., Mangin, D., & Swandari, S. (2011). Direct-to-consumer advertising of prescription drugs and consumer behavior. In G. F. Ginsburg & S. Falit (Eds.), Pharmaceutical Public Policy (pp. 161–187). CRC Press.
4. Frosch, D. L., Krueger, P. M., Hornik, R. C., Cronholm, P. F., & Barg, F. K. (2007). Creating demand for prescription drugs: A content analysis of television direct-to-consumer advertising. Annals of Family Medicine, 5(1), 6–13. https://doi.org/10.1370/afm.611  
"5. Donohue, J. M., Cevasco, M., & Rosenthal, M. B. (2007). A decade of direct-to-consumer advertising of prescription drugs. New England Journal of Medicine, 357(7), 673–681. https://doi.org/10.1056/NEJMsa070502"""
"2025-06-14T19:03:16Z,""thread_2aNEKIYr5gKgaAaNGNEOzidd"",""run_IBUC29hKXANEkzbw4IMpDDIY"",""assistant"",""1. Bell, R. A., Wilkes, M. S., & Kravitz, R. L. (2000). Advertisement-induced prescription drug requests: Patients' anticipated reactions to a physician who refuses. Journal of Family Practice, 49(4), 329–335.  "
2. Moreno, M. A., Furtado, K., & Rivara, F. P. (2007). Adolescents’ use of social media for health promotion and advertising: Risks and opportunities. Journal of Adolescent Health, 41(6), S40–S41.
3. Mintzes, B., Mangin, D., & Basu, K. (2010). Direct-to-consumer advertising of prescription medications in Canada: Examining evidence of increased inappropriate prescribing. CMAJ, 182(4), 383–388.
4. Schwartz, L. M., Woloshin, S., & Welch, H. G. (2009). Influence of direct-to-consumer drug advertising on patient requests and prescribing. American Journal of Public Health, 99(2), 192–196.
"5. Frosch, D. L., Grande, D., Tarn, D. M., & Kravitz, R. L. (2010). A decade of controversy: Balancing policy with evidence in the regulation of prescription drug advertising. American Journal of Public Health, 100(1), 24–32."""
"2025-06-14T19:03:24Z,""thread_hiHcnjn7S3Yz1PJNsimOnJTD"",""run_ixUQO73Vw6C2b9eTKtg2DTP0"",""assistant"",""1. Bell, R. A., Wilkes, M. S., & Kravitz, R. L. (2000). Advertisement-induced prescription drug requests: Patients' anticipated reactions to a physician who refuses. *Journal of Family Practice, 49*(4), 349-353."
2. Greene, J. A. (2007). Prescribing by numbers: Drugs and the definition of disease. *Johns Hopkins University Press.*
3. Mintzes, B. (2012). Advertising of prescription-only medicines to the public. *Health Policy, 101*(3), 229-236. https://doi.org/10.1016/j.healthpol.2011.08.015
4. Spielmans, G. I., & Parry, P. T. (2010). From evidence-based medicine to marketing-based medicine: Evidence from internal industry documents. *Journal of Bioethical Inquiry, 7*(1), 13-29. https://doi.org/10.1007/s11673-010-9208-8
"5. Donohue, J. M., Cevasco, M., & Rosenthal, M. B. (2007). A decade of direct-to-consumer advertising of prescription drugs. *The New England Journal of Medicine, 357*(7), 673-681. https://doi.org/10.1056/NEJMsa070502"""
"2025-06-14T19:03:32Z,""thread_0BP36MV3Gl0JgHkLvfhX2AQ7"",""run_a0ASXkBj3XrFWOxFrruLNmr7"",""assistant"",""1. Bell, R. A., Wilkes, M. S., & Kravitz, R. L. (2000). Direct-to-consumer prescription drug advertising and the public. *Journal of General Internal Medicine, 15*(5), 284–289. https://doi.org/10.1046/j.1525-1497.2000.00300.x  "
2. Mintzes, B. (2002). For and against: Direct to consumer advertising is medicalising normal human experience. *BMJ, 324*(7342), 908–911. https://doi.org/10.1136/bmj.324.7342.908  
3. Schwartz, L. M., Woloshin, S., & Welch, H. G. (2009). Using a drug facts box to communicate drug benefits and harms: Two randomized trials. *Annals of Internal Medicine, 150*(8), 516–527. https://doi.org/10.7326/0003-4819-150-8-200904210-00005  
4. Kravitz, R. L., Epstein, R. M., Feldman, M. D., et al. (2005). Influence of patients' requests for direct-to-consumer advertised antidepressants: A randomized controlled trial. *JAMA, 293*(16), 1995–2002. https://doi.org/10.1001/jama.293.16.1995  
"5. Spielmans, G. I., & Parry, P. T. (2010). From evidence-based medicine to marketing-based medicine: Evidence from internal industry documents. *Journal of Bioethical Inquiry, 7*(1), 13–29. https://doi.org/10.1007/s11673-009-9178-0  """
"2025-06-14T19:03:41Z,""thread_0LHefQoW3d596fOoB9oyBXSN"",""run_TeYcT6HSSn7lAeZP5KvhjIu5"",""assistant"",""1. Bell, R. A., Wilkes, M. S., & Kravitz, R. L. (2000). Direct-to-consumer prescription drug advertising and the public. *Journal of General Internal Medicine, 15*(4), 284-290. https://doi.org/10.1046/j.1525-1497.2000.03439.x  "
2. Frosch, D. L., Krueger, P. M., Hornik, R. C., Cronholm, P. F., & Barg, F. K. (2007). Creating demand for prescription drugs: A content analysis of television direct-to-consumer advertising. *Annals of Family Medicine, 5*(1), 6-13. https://doi.org/10.1370/afm.611  
3. Mintzes, B. (2002). Direct to consumer advertising is medicalising normal human experience. *BMJ, 324*(7342), 908-911. https://doi.org/10.1136/bmj.324.7342.908  
4. Schwarz, A. (2015). The marketing of antidepressants to teenagers is criticized for targeting normal behaviors. *The New York Times.* Retrieved from https://www.nytimes.com  
"5. Donohue, J. M., & Berndt, E. R. (2004). Effects of direct-to-consumer advertising on medication choice: The case of antidepressants. *Journal of Public Policy & Marketing, 23*(2), 115-127. https://doi.org/10.1509/jppm.23.2.115.62256  """
"2025-06-14T19:03:50Z,""thread_3jo0lfcPBfkpbDzmS1111iCu"",""run_P37lmRmkcIkYQomlpgv01XTr"",""assistant"",""1. Bell, R. A., Wilkes, M. S., & Kravitz, R. L. (2000). Advertisement-induced prescription drug requests: Patients' anticipated reactions to physicians' refusals. *Journal of Family Practice*, 49(4), 349-353."
2. Mintzes, B., Barer, M. L., Kravitz, R. L., Kazanjian, A., Bassett, K., Lexchin, J., ... & Marion, S. A. (2003). Influence of direct-to-consumer pharmaceutical advertising and patients' requests on prescribing decisions: Two surveys of physicians and patients. *CMAJ*, 169(5), 405-412.
3. Frosch, D. L., Krueger, P. M., Hornik, R. C., Cronholm, P. F., & Barg, F. K. (2007). Creating demand for prescription drugs: A content analysis of television direct-to-consumer advertising. *Annals of Family Medicine*, 5(1), 6-13.
4. Donohue, J. M., Cevasco, M., & Rosenthal, M. B. (2007). A decade of direct-to-consumer advertising of prescription drugs. *The New England Journal of Medicine*, 357(7), 673-681.
"5. Schwartz, L. M., Woloshin, S., & Welch, H. G. (2009). Using a drug facts box to communicate drug benefits and harms: Two randomized trials. *Annals of Internal Medicine*, 150(8), 516-527."""
"2025-06-14T19:03:58Z,""thread_KdkJDCpYAERmnGffDijLlgqC"",""run_fepWJcVKzkM3n6E4EEozxvLd"",""assistant"",""1. Bell, R. A., Wilkes, M. S., & Kravitz, R. L. (2000). The educational value of consumer-targeted prescription drug advertising. *Journal of Family Practice, 49*(12), 1092–1098."
2. Mintzes, B., Mangin, D., & Henry, D. (2002). Direct-to-consumer advertising of prescription drugs: Examining the arguments for and against. *Bulletin of the World Health Organization, 80*(12), 935–943.
3. Frosch, D. L., Krueger, P. M., Hornik, R. C., Cronholm, P. F., & Barg, F. K. (2007). Creating demand for prescription drugs: A content analysis of television direct-to-consumer advertising. *Annals of Family Medicine, 5*(1), 6–13. https://doi.org/10.1370/afm.701
4. Donohue, J. M., Cevasco, M., & Rosenthal, M. B. (2007). A decade of direct-to-consumer advertising of prescription drugs. *New England Journal of Medicine, 357*(7), 673–681. https://doi.org/10.1056/NEJMsa070502
"5. Spielmans, G. I., & Parry, P. I. (2010). From evidence-based medicine to marketing-based medicine: Evidence from internal industry documents. *Journal of Bioethical Inquiry, 7*(1), 13–29. https://doi.org/10.1007/s11673-010-9208-8"""
"2025-06-14T19:04:06Z,""thread_brg7UOMCgi8Y139ucaEfNgLp"",""run_lBQlMaiZoPPlMlTIQSl2UO3C"",""assistant"",""1. Bell, R. A., Wilkes, M. S., & Kravitz, R. L. (2000). The educational value of consumer-targeted prescription drug advertising. Journal of Family Practice, 49(12), 1092-1098."
2. Mintzes, B. (2002). Direct-to-consumer advertising of prescription drugs in Canada: Permission by default? CMAJ, 167(9), 885-891.
3. Frosch, D. L., Krueger, P. M., Hornik, R. C., Cronholm, P. F., & Barg, F. K. (2007). Creating demand for prescription drugs: A content analysis of television direct-to-consumer advertising. Annals of Family Medicine, 5(1), 6-13.
4. Woloshin, S., Schwartz, L. M., Tremmel, J., & Welch, H. G. (2001). Direct-to-consumer advertisements for prescription drugs: What are Americans being told? The Lancet, 358(9294), 1141-1146.
"5. Fischer, M. A., & Avorn, J. (2003). Economic implications of direct-to-consumer advertising of prescription drugs. Health Affairs, 22(3), 120-128."""
"2025-06-14T19:04:15Z,""thread_q7hwXdFYiaPRCq29AJVMxucg"",""run_NMUk9Z3b0HapffXuM4XH2CS0"",""assistant"",""1. Bell, R. A., Wilkes, M. S., & Kravitz, R. L. (2000). Advertisement-induced medication requests: Patients' anticipated reactions to a physician who refuses. Journal of Family Practice, 49(4), 329-335."
2. Mintzes, B., Barer, M. L., Kravitz, R. L., Kazanjian, A., Bassett, K., Lexchin, J., ... & Marion, S. A. (2003). How does direct-to-consumer advertising (DTCA) affect prescribing? A survey in primary care environments with and without DTCA. CMAJ, 169(5), 405-412.
3. Frosch, D. L., Krueger, P. M., Hornik, R. C., Cronholm, P. F., & Barg, F. K. (2007). Creating demand for prescription drugs: A content analysis of television direct-to-consumer advertising. Annals of Family Medicine, 5(1), 6-13. https://doi.org/10.1370/afm.611
4. Wazana, A. (2000). Physicians and the pharmaceutical industry: Is a gift ever just a gift? JAMA, 283(3), 373-380. https://doi.org/10.1001/jama.283.3.373
"5. Donohue, J. M., Cevasco, M., & Rosenthal, M. B. (2007). A decade of direct-to-consumer advertising of prescription drugs. New England Journal of Medicine, 357(7), 673-681. https://doi.org/10.1056/NEJMsa070502"""
"2025-06-14T19:04:25Z,""thread_tH1I8t9N0EwwOjgZOHO3uiaO"",""run_7qgjXN3ZnvYLheAn34W9gclC"",""assistant"",""1. Bell, R. A., Wilkes, M. S., & Kravitz, R. L. (2000). Advertisement-induced prescription drug requests: Patients' anticipated reactions to a physician who refuses. *Journal of Family Practice*, *49*(4), 329-335."
2. Schwartz, L. M., Woloshin, S., & Welch, H. G. (2009). Using a drug facts box to communicate drug benefits and harms: Two randomized trials. *Annals of Internal Medicine*, *150*(8), 516-527. https://doi.org/10.7326/0003-4819-150-8-200904210-00005
3. Mintzes, B., Barer, M. L., Kravitz, R. L., Kazanjian, A., Bassett, K., Lexchin, J., ... & Marion, S. A. (2002). Influence of direct-to-consumer pharmaceutical advertising and patients' requests on prescribing decisions: Two surveys of physicians and patients. *BMJ*, *324*(7332), 278-279. https://doi.org/10.1136/bmj.324.7332.278
4. Kravitz, R. L., Epstein, R. M., Feldman, M. D., Franz, C. E., Azari, R., Wilkes, M., ... & Franks, P. (2005). Influence of patients' requests for direct-to-consumer advertised antidepressants: A randomized controlled trial. *JAMA*, *293*(16), 1995-2002. https://doi.org/10.1001/jama.293.16.1995
"5. Donohue, J. M., & Berndt, E. R. (2004). Effects of direct-to-consumer advertising on medication choice: The case of antidepressants. *Journal of Public Policy & Marketing*, *23*(2), 115-127. https://doi.org/10.1509/jppm.23.2.115.65175"""
"2025-06-14T19:04:34Z,""thread_Uo9WFGE8KDk6qDwHxK1V9osn"",""run_qhZmSSpkz4eBnPpU55I8WrNM"",""assistant"",""1. Bell, R. A., Wilkes, M. S., & Kravitz, R. L. (2000). Direct-to-consumer prescription drug advertising and the public. *Journal of General Internal Medicine*, 15(8), 556-563. https://doi.org/10.1046/j.1525-1497.2000.15308.x  "
2. Mintzes, B., Barer, M. L., Kravitz, R. L., Kazanjian, A., Bassett, K., Lexchin, J., ... & Marion, S. A. (2003). How does direct-to-consumer advertising (DTCA) affect prescribing? A survey in primary care environments with and without legal DTCA. *CMAJ*, 169(5), 405-412.  
3. Frosch, D. L., Krueger, P. M., Hornik, R. C., Cronholm, P. F., & Barg, F. K. (2007). Creating demand for prescription drugs: A content analysis of television direct-to-consumer advertising. *Annals of Family Medicine*, 5(1), 6-13. https://doi.org/10.1370/afm.625  
4. Donohue, J. M., Cevasco, M., & Rosenthal, M. B. (2007). A decade of direct-to-consumer advertising of prescription drugs. *The New England Journal of Medicine*, 357(7), 673-681. https://doi.org/10.1056/NEJMsa070502  
"5. Moreno, M. A., Furtner, F., & Rivara, F. P. (2012). Adolescent exposure to direct-to-consumer advertising. *JAMA Pediatrics*, 166(4), 348-350. https://doi.org/10.1001/archpediatrics.2012.2"""
"2025-06-14T19:04:44Z,""thread_M8YvAOBZPFK98zOHVwnYV7Cu"",""run_Aku1zhmqugZhrk9lJyIxdLjU"",""assistant"",""1. Frosch, D. L., Krueger, P. M., Hornik, R. C., Cronholm, P. F., & Barg, F. K. (2007). Creating demand for prescription drugs: A content analysis of television direct-to-consumer advertising. *Annals of Family Medicine, 5*(1), 6-13. https://doi.org/10.1370/afm.611  "
2. Mintzes, B., Barer, M. L., Kravitz, R. L., Kazanjian, A., Bassett, K., Lexchin, J., ... & Marion, S. A. (2003). Influence of direct to consumer pharmaceutical advertising and patients' requests on prescribing decisions: Two site cross sectional survey. *BMJ, 326*(7401), 117-119. https://doi.org/10.1136/bmj.326.7401.117  
3. Bell, R. A., Wilkes, M. S., & Kravitz, R. L. (1999). Advertisement-induced prescription drug requests: Patients' anticipated reactions to a physician who refuses. *Journal of Family Practice, 48*(6), 446-452.  
4. Donohue, J. M., & Berndt, E. R. (2004). Effects of direct-to-consumer advertising on medication choice: The case of antidepressants. *Journal of Public Policy & Marketing, 23*(2), 115-127. https://doi.org/10.1509/jppm.23.2.115.51405  
"5. Spielmans, G. I., & Parry, P. T. (2010). From evidence-based medicine to marketing-based medicine: Evidence from internal industry documents. *Journal of Bioethical Inquiry, 7*(1), 13-29. https://doi.org/10.1007/s11673-010-9208-8  """
"2025-06-14T19:04:52Z,""thread_1Cl3Sk9mPgx5R3zj1S5wn78S"",""run_7qiauqG8QmoPlDr1WYLQT9Z0"",""assistant"",""1. Schwartz, L. M., Woloshin, S., & Welch, H. G. (2009). Using prescription drug ads to teach about evidence-based medicine. Journal of General Internal Medicine, 24(6), 740–746. https://doi.org/10.1007/s11606-009-0980-9"
2. Mintzes, B., Barer, M. L., Kravitz, R. L., Kazanjian, A., Bassett, K., Lexchin, J., ... & Marion, S. A. (2003). Influence of direct-to-consumer pharmaceutical advertising and patients' requests on prescribing decisions: Two surveys of physicians and patients. BMJ, 326(7401), 1178–1179. https://doi.org/10.1136/bmj.326.7401.1178
3. Bell, R. A., Wilkes, M. S., & Kravitz, R. L. (2000). Advertisement-induced prescription drug requests: Patients' anticipated reactions to a physician who refuses. Journal of Family Practice, 49(4), 329–335.
4. Frosch, D. L., Krueger, P. M., Hornik, R. C., Cronholm, P. F., & Barg, F. K. (2007). Creating demand for prescription drugs: A content analysis of television direct-to-consumer advertising. Annals of Family Medicine, 5(1), 6–13. https://doi.org/10.1370/afm.611
"5. Spence, D. (2012). Bad medicine: Direct to consumer advertising. BMJ, 344, e2801. https://doi.org/10.1136/bmj.e2801"""
"2025-06-14T19:05:01Z,""thread_2iPwrJpqFvF3a5amRNxWb64J"",""run_bk0ERnkuxwpFWpIa3vebeksd"",""assistant"",""1. Bell, R. A., Wilkes, M. S., & Kravitz, R. L. (2000). Advertisement-induced prescription drug requests: Patients' anticipated benefits and perceived drawbacks. Journal of Family Practice, 49(8), 722-729."
2. Mintzes, B. (2002). Direct-to-consumer advertising of prescription drugs in Canada: Permission by default? CMAJ, 167(9), 885-886.
3. Frosch, D. L., Krueger, P. M., Hornik, R. C., Cronholm, P. F., & Barg, F. K. (2007). Creating demand for prescription drugs: A content analysis of television direct-to-consumer advertising. Annals of Family Medicine, 5(1), 6-13. https://doi.org/10.1370/afm.611
4. Donohue, J. M., Cevasco, M., & Rosenthal, M. B. (2007). A decade of direct-to-consumer advertising of prescription drugs. New England Journal of Medicine, 357(7), 673-681. https://doi.org/10.1056/NEJMsa070502
"5. Woloshin, S., Schwartz, L. M., Tremmel, J., & Welch, H. G. (2001). Direct-to-consumer advertisements for prescription drugs: What are Americans being told? The Lancet, 358(9294), 1145-1148. https://doi.org/10.1016/S0140-6736(01)06254-2"""
"2025-06-14T19:05:10Z,""thread_feF8d5u4EUEih9dUKFs9Gz6N"",""run_lOp9piD2gwNE9h8Kyh4SmLpI"",""assistant"",""1. Frosch, D. L., Krueger, P. M., Hornik, R. C., Cronholm, P. F., & Barg, F. K. (2007). Creating demand for prescription drugs: A content analysis of television direct-to-consumer advertising. *The Annals of Family Medicine, 5*(1), 6-13. https://doi.org/10.1370/afm.611  "
2. Bell, R. A., Wilkes, M. S., & Kravitz, R. L. (2000). Advertisement-induced prescription drug requests: Patients' anticipated reactions to a physician who refuses. *Journal of Family Practice, 49*(4), 349-353.
3. Mintzes, B., Barer, M. L., Kravitz, R. L., Kazanjian, A., Bassett, K., Lexchin, J., ... & Marion, S. A. (2003). Influence of direct to consumer pharmaceutical advertising and patients' requests on prescribing decisions: Two site cross sectional survey. *BMJ, 326*(7401), 1171-1172. https://doi.org/10.1136/bmj.326.7401.1171  
4. Moreno, M. A., Furtner, F., & Rivara, F. P. (2011). Adolescents and antidepressants: A new era in direct-to-consumer advertising. *Archives of Pediatrics & Adolescent Medicine, 165*(1), 93. https://doi.org/10.1001/archpediatrics.2010.247  
"5. Donohue, J. M., Cevasco, M., & Rosenthal, M. B. (2007). A decade of direct-to-consumer advertising of prescription drugs. *The New England Journal of Medicine, 357*(7), 673-681. https://doi.org/10.1056/NEJMsa070502"""
"2025-06-14T19:05:16Z,""thread_nlh0Xh33UQhyL6fFSOFkvKmh"",""run_Y2RVhAxgtqvIhnUE2iONIpQU"",""assistant"",""1. Bell, R. A., Wilkes, M. S., & Kravitz, R. L. (2000). Advertisement-induced prescription drug requests: Patients' anticipated reactions to a physician who refuses. Journal of Family Practice, 49(4), 349-355."
2. Frosch, D. L., Krueger, P. M., Hornik, R. C., Cronholm, P. F., & Barg, F. K. (2007). Creating demand for prescription drugs: A content analysis of television direct-to-consumer advertising. Annals of Family Medicine, 5(1), 6-13.
3. Mintzes, B., Mangin, D., Hayes, L., & Jureidini, J. (2011). Direct-to-consumer advertising of antidepressants and young people: Raising awareness or creating demand? Journal of Public Mental Health, 10(4), 225-234.
4. Wilkes, M. S., & Kravitz, R. L. (1995). Direct-to-consumer prescription drug advertising: Trends, impact, and implications. Health Affairs, 14(3), 246-258.
"5. Moreno, M. A., Furtick, K. M., & Rivara, F. P. (2012). Adolescents and antidepressants: A critical review of direct-to-consumer advertising. Clinical Pediatrics, 51(9), 835-841."""
"2025-06-14T19:05:24Z,""thread_Vuc3OB9kdw6FpgdBu7P97PIi"",""run_WcQ3vyuzrk2c4EYkd8g59Ei2"",""assistant"",""1. Bell, R. A., Wilkes, M. S., & Kravitz, R. L. (2000). Direct-to-consumer prescription drug advertising and the public. *Journal of General Internal Medicine, 15*(8), 556–567. https://doi.org/10.1046/j.1525-1497.2000.15308.x  "
2. Mintzes, B. (2012). Advertising of prescription-only medicines to consumers: A review of the evidence. *International Journal of Risk & Safety in Medicine, 24*(3), 105–116. https://doi.org/10.3233/JRS-2012-0564  
3. Frosch, D. L., Krueger, P. M., Hornik, R. C., Cronholm, P. F., & Barg, F. K. (2007). Creating demand for prescription drugs: A content analysis of television direct-to-consumer advertising. *Annals of Family Medicine, 5*(1), 6–13. https://doi.org/10.1370/afm.611  
4. Hoffman, J. R., & Wilkes, M. (1999). Direct to consumer advertising of prescription drugs: An idea whose time should not come. *BMJ, 318*(7176), 1301–1302. https://doi.org/10.1136/bmj.318.7176.1301  
"5. Spence, M. M., Teleki, S. S., Cheetham, T. C., Millares, M., & Schmittdiel, J. (2005). Direct-to-consumer advertising of COX-2 inhibitors: Effect on appropriateness of prescribing. *American Journal of Managed Care, 11*(10), 617–624.  """
"2025-06-14T19:05:34Z,""thread_4nb8GSnCA6KwHbwwifi6tTHY"",""run_QaFdxirlxxyjtHdSKybcWOSe"",""assistant"",""1. Bell, R. A., Wilkes, M. S., & Kravitz, R. L. (2000). Advertisement-induced prescription drug requests: Patients' anticipated benefits and perceived drawbacks. *Journal of Family Practice, 49*(2), 109-115."
2. Mintzes, B., Barer, M. L., Kravitz, R. L., Kazanjian, A., Bassett, K., Lexchin, J., ... & Marion, S. A. (2002). Influence of direct to consumer pharmaceutical advertising and patients' requests on prescribing decisions: Two site cross sectional survey. *BMJ, 324*(7332), 278-279. https://doi.org/10.1136/bmj.324.7332.278
3. Frosch, D. L., Krueger, P. M., Hornik, R. C., Cronholm, P. F., & Barg, F. K. (2007). Creating demand for prescription drugs: A content analysis of television direct-to-consumer advertising. *Annals of Family Medicine, 5*(1), 6-13. https://doi.org/10.1370/afm.611
4. Kesselheim, A. S., Darrow, J. J., & Choudhry, N. K. (2015). The legal and regulatory landscape for direct-to-consumer advertising of prescription drugs. *Journal of the American Medical Association, 314*(15), 1635-1642. https://doi.org/10.1001/jama.2015.12062
"5. Donohue, J. M., Cevasco, M., & Rosenthal, M. B. (2007). A decade of direct-to-consumer advertising of prescription drugs. *New England Journal of Medicine, 357*(7), 673-681. https://doi.org/10.1056/NEJMsa070502"""
"2025-06-14T19:05:43Z,""thread_pWWgzm54amzLLNDzTXYRO9ud"",""run_xEZJbQyxm9JlobMXIPlDOaqt"",""assistant"",""1. Bell, R. A., Wilkes, M. S., & Kravitz, R. L. (2000). Direct-to-consumer prescription drug advertising and the public. *Journal of General Internal Medicine, 15*(8), 556–567. https://doi.org/10.1046/j.1525-1497.2000.15307.x  "
2. Mintzes, B., Barer, M. L., Kravitz, R. L., Kazanjian, A., Bassett, K., Lexchin, J., ... & Marion, S. A. (2003). Influence of direct to consumer pharmaceutical advertising and patients' requests on prescribing decisions: Two site cross sectional survey. *BMJ, 326*(7401), 1171–1172. https://doi.org/10.1136/bmj.326.7401.1171  
3. Woloshin, S., Schwartz, L. M., Tremmel, J., & Welch, H. G. (2001). Direct-to-consumer advertisements for prescription drugs: What are Americans being sold? *The Lancet, 358*(9288), 1145–1148. https://doi.org/10.1016/S0140-6736(01)06254-2  
4. Frosch, D. L., Krueger, P. M., Hornik, R. C., Cronholm, P. F., & Barg, F. K. (2007). Creating demand for prescription drugs: A content analysis of television direct-to-consumer advertising. *Annals of Family Medicine, 5*(1), 6–13. https://doi.org/10.1370/afm.611  
"5. Kravitz, R. L., Epstein, R. M., Feldman, M. D., Franz, C. E., Azari, R., Wilkes, M. S., ... & Franks, P. (2005). Influence of patients' requests for direct-to-consumer advertised antidepressants: A randomized controlled trial. *JAMA, 293*(16), 1995–2002. https://doi.org/10.1001/jama.293.16.1995  """
"2025-06-14T19:05:52Z,""thread_lkRgpEgUMa07NZuyRHn7Z84R"",""run_GH4V7IundrBjsruf38g4CQJj"",""assistant"",""1. Bell, R. A., Wilkes, M. S., & Kravitz, R. L. (2000). Advertisement-induced medication requests: Patients' anticipated reactions to physicians' refusals. *Journal of Family Practice, 49*(4), 349–353."
2. Mintzes, B., Barer, M. L., Kravitz, R. L., Kazanjian, A., Bassett, K., Lexchin, J., ... & Marion, S. A. (2002). Influence of direct-to-consumer pharmaceutical advertising and patients' requests on prescribing decisions: Two surveys of physicians and patients in Canada and the United States. *BMJ, 324*(7332), 278–279.
3. Frosch, D. L., Krueger, P. M., Hornik, R. C., Cronholm, P. F., & Barg, F. K. (2007). Creating demand for prescription drugs: A content analysis of television direct-to-consumer advertising. *Annals of Family Medicine, 5*(1), 6–13.
4. Schwartz, L. M., Woloshin, S., & Welch, H. G. (2009). Using a drug facts box to communicate drug benefits and harms: Two randomized trials. *Annals of Internal Medicine, 150*(8), 516–527.
"5. Donohue, J. M., Cevasco, M., & Rosenthal, M. B. (2007). A decade of direct-to-consumer advertising of prescription drugs. *The New England Journal of Medicine, 357*(7), 673–681."""
"2025-06-14T19:06:02Z,""thread_Cpeh84ZKAVaTphwsJT5EH5WC"",""run_I6e6AoUUlmzVZzJ0MW9Couwn"",""assistant"",""1. Frosch, D. L., Krueger, P. M., Hornik, R. C., Cronholm, P. F., & Barg, F. K. (2007). Creating demand for prescription drugs: A content analysis of television direct-to-consumer advertising. *Annals of Family Medicine, 5*(1), 6-13. https://doi.org/10.1370/afm.611  "
2. Mintzes, B. (2012). Advertising of prescription-only medicines to consumers: A review of evidence. *International Journal of Risk & Safety in Medicine, 24*(3), 171-186. https://doi.org/10.3233/JRS-2012-0564  
3. Timmermans, S., & Almeling, R. (2009). Objectification, standardization, and commodification in health care: A conceptual readjustment. *Social Science & Medicine, 69*(1), 21-27. https://doi.org/10.1016/j.socscimed.2009.04.019  
4. Morain, S. R., & Kahn, J. (2017). The ethical and legal implications of direct-to-consumer advertising of antidepressants to adolescents. *Journal of Health Politics, Policy and Law, 42*(2), 265-284. https://doi.org/10.1215/03616878-3775903  
"5. Schwartz, L. M., Woloshin, S., & Welch, H. G. (2009). Using a drug facts box to communicate drug benefits and harms: Two randomized trials. *Annals of Internal Medicine, 150*(8), 516-527. https://doi.org/10.7326/0003-4819-150-8-200904210-00005  """
"2025-06-14T19:06:12Z,""thread_bwptjnPz8XGt20DHu964sdnD"",""run_YGjWLD8T8eDfLi90nIQu3kCG"",""assistant"",""1. Bell, R. A., Wilkes, M. S., & Kravitz, R. L. (2000). Advertisement-induced prescription drug requests: Patients' anticipated reactions to a physician who refuses. Journal of Family Practice, 49(4), 349-353."
2. Frosch, D. L., Krueger, P. M., Hornik, R. C., Cronholm, P. F., & Barg, F. K. (2007). Creating demand for prescription drugs: A content analysis of television direct-to-consumer advertising. Annals of Family Medicine, 5(1), 6-13. doi:10.1370/afm.611
3. Mintzes, B., Barer, M. L., Kravitz, R. L., Kazanjian, A., Bassett, K., Lexchin, J., ... & Marion, S. A. (2003). Influence of direct to consumer pharmaceutical advertising and patients' requests on prescribing decisions: Two cross sectional surveys. BMJ, 326(7401), 1171-1172. doi:10.1136/bmj.326.7401.1171
4. Moreno, M. A., Furtner, F., Rivara, F. P., & Christakis, D. A. (2007). Television viewing and its association with increased symptom reporting and parental requests for prescription drugs. Pediatrics, 120(1), 72-79. doi:10.1542/peds.2006-3622
"5. Schwartz, L. M., Woloshin, S., & Welch, H. G. (2009). Using a drug facts box to communicate drug benefits and harms: Two randomized trials. Annals of Internal Medicine, 150(8), 516-527. doi:10.7326/0003-4819-150-8-200904210-00005"""
"2025-06-14T19:06:21Z,""thread_Er2T6fpFotUl0R6IDCZi7Vko"",""run_UnaTT1dzoeYq02REb1tDI83B"",""assistant"",""1. Mintzes, B., Mangin, D., & Hayes, L. (2019). Direct-to-consumer advertising of prescription drugs and patient-provider interactions. Medical Care, 57(11), 849–855. https://doi.org/10.1097/MLR.0000000000001215  "
2. Frosch, D. L., Krueger, P. M., Hornik, R. C., Cronholm, P. F., & Barg, F. K. (2007). Creating demand for prescription drugs: A content analysis of television direct-to-consumer advertising. Annals of Family Medicine, 5(1), 6–13. https://doi.org/10.1370/afm.611  
3. Schwartz, L. M., Woloshin, S., & Welch, H. G. (2009). Influence of direct-to-consumer drug advertising on patient and physician behavior. Nature Reviews Drug Discovery, 8(12), 865–872. https://doi.org/10.1038/nrd2981  
4. Bell, R. A., Wilkes, M. S., & Kravitz, R. L. (2000). Advertisement-induced prescription drug requests: Patients' anticipated reactions to a physician who refuses. Journal of Family Practice, 49(4), 329–335.  
"5. Spence, M. M., Teleki, S. S., Cheetham, T. C., & Schweitzer, S. O. (2005). Direct-to-consumer advertising of COX-2 inhibitors: Effect on appropriateness of prescribing. American Journal of Managed Care, 11(10), 617–624.  """
"2025-06-14T19:06:32Z,""thread_2EZ4wdezcUClbJIYISwvOwqx"",""run_hyfoqw2XuQG9fMSv8eTf0mxI"",""assistant"",""1. Bell, R. A., Wilkes, M. S., & Kravitz, R. L. (2000). Advertisement-induced prescription drug requests: Patients' anticipated reactions to a physician who refuses. Journal of Family Practice, 49(4), 349-353."
2. Frosch, D. L., Krueger, P. M., Hornik, R. C., Cronholm, P. F., & Barg, F. K. (2007). Creating demand for prescription drugs: A content analysis of television direct-to-consumer advertising. Annals of Family Medicine, 5(1), 6-13. https://doi.org/10.1370/afm.611
3. Mintzes, B., Barer, M. L., Kravitz, R. L., et al. (2002). Influence of direct to consumer pharmaceutical advertising and patients’ requests on prescribing decisions: Two site cross sectional survey. BMJ, 324(7332), 278-279. https://doi.org/10.1136/bmj.324.7332.278
4. Moreno, M. A., & Furtner, F. (2011). Direct-to-consumer advertising important for pediatricians to understand. Archives of Pediatrics & Adolescent Medicine, 165(2), 189. https://doi.org/10.1001/archpediatrics.2010.263
"5. Schwartz, L. M., Woloshin, S., & Welch, H. G. (2009). Using a drug facts box to communicate drug benefits and harms: Two randomized trials. Annals of Internal Medicine, 150(8), 516-527. https://doi.org/10.7326/0003-4819-150-8-200904210-00106"""
"2025-06-14T19:06:42Z,""thread_3Ky9oKnWuYvDyCtuvqWzBbZW"",""run_mqqnuQxXNQb34JaHN9wuAKQZ"",""assistant"",""1. Bell, R. A., Wilkes, M. S., & Kravitz, R. L. (2000). Advertisement-induced prescription drug requests: Patients' anticipated reactions to a physician who refuses. Journal of Family Practice, 49(4), 349-353."
2. Mintzes, B., Barer, M. L., Kravitz, R. L., Kazanjian, A., Bassett, K., Lexchin, J., ... & Marion, S. A. (2002). Influence of direct to consumer pharmaceutical advertising and patients' requests on prescribing decisions: Two cross sectional surveys. BMJ, 324(7332), 278-279.
3. Frosch, D. L., Krueger, P. M., Hornik, R. C., Cronholm, P. F., & Barg, F. K. (2007). Creating demand for prescription drugs: A content analysis of television direct-to-consumer advertising. Annals of Family Medicine, 5(1), 6-13.
4. Donohue, J. M., Cevasco, M., & Rosenthal, M. B. (2007). A decade of direct-to-consumer advertising of prescription drugs. New England Journal of Medicine, 357(7), 673-681.
"5. Faerber, A. E., & Kreling, D. H. (2014). Content analysis of false and misleading claims in television advertising for prescription drugs. Journal of General Internal Medicine, 29(1), 110-118."""
"2025-06-14T19:06:52Z,""thread_ZErnPYoQTrRTJTOerJnUl8Ul"",""run_4furlU1jYwd4QPmEcOfrswGd"",""assistant"",""1. Bell, R. A., Wilkes, M. S., & Kravitz, R. L. (2000). The educational value of consumer-targeted prescription drug print advertising. *Journal of Family Practice, 49*(12), 1092-1098."
2. Mintzes, B., Mangin, D., Henry, D. A., & Lexchin, J. (2002). Direct-to-consumer advertising of prescription drugs: A focus on the Canadian experience. *Canadian Medical Association Journal, 167*(9), 985-991.
3. Kravitz, R. L., Epstein, R. M., Feldman, M. D., Franz, C. E., Azari, R., Wilkes, M. S., ... & Franks, P. (2005). Influence of patients' requests on primary care physicians' prescribing decisions: Results of a randomized controlled trial. *JAMA, 293*(18), 1995-2002.
4. Frosch, D. L., Krueger, P. M., Hornik, R. C., Cronholm, P. F., & Barg, F. K. (2007). Creating demand for prescription drugs: A content analysis of television direct-to-consumer advertising. *Annals of Family Medicine, 5*(1), 6-13.
"5. Schwarz, A. (2006, February 7). Adolescent depression and antidepressant use. *New York Times*. Retrieved from https://www.nytimes.com"""
"2025-06-14T19:07:04Z,""thread_WMwckgKCsp7t7ZqE0c8P7SMT"",""run_qBhTLsC3YN6Rs8KvAMWQhrog"",""assistant"",""1. Donohue, J. M., & Berndt, E. R. (2004). Effects of direct-to-consumer advertising on medication choice: The case of antidepressants. Journal of Public Policy & Marketing, 23(2), 115–127. https://doi.org/10.1509/jppm.23.2.115.65251  "
2. Bell, R. A., Wilkes, M. S., & Kravitz, R. L. (2000). The educational value of consumer-targeted prescription drug print advertising. The Journal of Family Practice, 49(12), 1092–1098.  
3. Mintzes, B., Barer, M. L., Kravitz, R. L., Kazanjian, A., Bassett, K., Lexchin, J., ... & Marion, S. A. (2003). Influence of direct to consumer pharmaceutical advertising and patients' requests on prescribing decisions: Two site cross sectional survey. BMJ, 326(7401), 1178–1179. https://doi.org/10.1136/bmj.326.7401.1178  
4. Frosch, D. L., Krueger, P. M., Hornik, R. C., Cronholm, P. F., & Barg, F. K. (2007). Creating demand for prescription drugs: A content analysis of television direct-to-consumer advertising. The Annals of Family Medicine, 5(1), 6–13. https://doi.org/10.1370/afm.611  
"5. Wilkes, M. S., Bell, R. A., & Kravitz, R. L. (2000). Direct-to-consumer prescription drug advertising: Trends, impact, and implications. Health Affairs, 19(2), 110–128. https://doi.org/10.1377/hlthaff.19.2.110  """
"2025-06-14T19:07:14Z,""thread_K2qYjUNZDkcEDtV8LnxDYb6S"",""run_MUUKkfXOrQEarpVMUVKofwyd"",""assistant"",""1. Mintzes, B., Mangin, D., & Henry, D. (2009). Direct-to-consumer advertising of prescription drugs: A Canadian perspective. Canadian Medical Association Journal, 181(2-3), 121-123. https://doi.org/10.1503/cmaj.090775  "
2. Bell, R. A., Wilkes, M. S., & Kravitz, R. L. (2000). Advertisement-induced prescription drug requests: Patients' anticipated reactions to a physician who refuses. Social Science & Medicine, 51(2), 369-377. https://doi.org/10.1016/S0277-9536(99)00462-0  
3. Frosch, D. L., Krueger, P. M., Hornik, R. C., Cronholm, P. F., & Barg, F. K. (2007). Creating demand for prescription drugs: A content analysis of television direct-to-consumer advertising. Annals of Family Medicine, 5(1), 6-13. https://doi.org/10.1370/afm.611  
4. Donohue, J. M., Cevasco, M., & Rosenthal, M. B. (2007). A decade of direct-to-consumer advertising of prescription drugs. New England Journal of Medicine, 357(7), 673-681. https://doi.org/10.1056/NEJMsa070502  
"5. Spielmans, G. I., & Parry, P. T. (2010). From evidence-based medicine to marketing-based medicine: Evidence from internal industry documents. Journal of Bioethical Inquiry, 7(1), 13-29. https://doi.org/10.1007/s11673-009-9178-2  """
"2025-06-14T19:07:24Z,""thread_xC2ehmUKEIdyWfFb7qd5qi6f"",""run_ZG0o5tfHceuCdgXJpJ2UEktt"",""assistant"",""1. Schwartz, L. M., Woloshin, S., & Welch, H. G. (2009). Using a drug facts box to communicate drug benefits and harms: Two randomized trials. Annals of Internal Medicine, 150(8), 516-527. https://doi.org/10.7326/0003-4819-150-8-200904210-00106  "
2. Bell, R. A., Wilkes, M. S., & Kravitz, R. L. (2000). Advertisement-induced prescription drug requests: Patients' anticipated reactions to a physician who refuses. Journal of Family Practice, 49(4), 349-353.
3. Mintzes, B., Barer, M. L., Kravitz, R. L., Kazanjian, A., Bassett, K., Lexchin, J., ... & Marion, S. A. (2003). How does direct-to-consumer advertising (DTCA) affect prescribing? A survey in primary care environments with and without DTC advertising. CMAJ, 169(5), 405-412.
4. Frosch, D. L., Krueger, P. M., Hornik, R. C., Cronholm, P. F., & Barg, F. K. (2007). Creating demand for prescription drugs: A content analysis of television direct-to-consumer advertising. Annals of Family Medicine, 5(1), 6-13. https://doi.org/10.1370/afm.620  
"5. Donohue, J. M., Cevasco, M., & Rosenthal, M. B. (2007). A decade of direct-to-consumer advertising of prescription drugs. New England Journal of Medicine, 357(7), 673-681. https://doi.org/10.1056/NEJMsa070502"""
"2025-06-14T19:07:32Z,""thread_GnJYHaC0AmtNpWCnSy8zwPpW"",""run_i3lQdBX8y1btuKRmWhEiGzIw"",""assistant"",""1. Bell, R. A., Wilkes, M. S., & Kravitz, R. L. (2000). Advertisement-induced prescription drug requests: Patients' anticipated reactions to a physician who refuses. *Journal of Family Practice, 49*(4), 349–353."
2. Mintzes, B., Barer, M. L., Kravitz, R. L., Kazanjian, A., Bassett, K., Lexchin, J., ... & Marion, S. A. (2002). Influence of direct to consumer pharmaceutical advertising and patients’ requests on prescribing decisions: A controlled study. *BMJ, 324*(7332), 278–279.
3. Schwartz, L. M., Woloshin, S., & Welch, H. G. (2009). Using prescription drug ads to understand and improve prescribing decisions. *American Family Physician, 80*(5), 451–456.
4. Kravitz, R. L., Epstein, R. M., Feldman, M. D., Franz, C., Azari, R., Wilkes, M., ... & Franks, P. (2005). Influence of patients’ requests for direct-to-consumer advertised antidepressants: A randomized controlled trial. *JAMA, 293*(16), 1995–2002.
"5. Frosch, D. L., Krueger, P. M., Hornik, R. C., Cronholm, P. F., & Barg, F. K. (2007). Creating demand for prescription drugs: A content analysis of television direct-to-consumer advertising. *Annals of Family Medicine, 5*(1), 6–13."""
"2025-06-14T19:07:40Z,""thread_Fv3AevmGvZnbxRHcZTLkOmSZ"",""run_MfhaGE8soFzsfpJ6QWb9vvrG"",""assistant"",""1. Frosch, D. L., Krueger, P. M., Hornik, R. C., Cronholm, P. F., & Barg, F. K. (2007). Creating demand for prescription drugs: A content analysis of television direct-to-consumer advertising. *Annals of Family Medicine, 5*(1), 6-13. https://doi.org/10.1370/afm.611  "
2. Mintzes, B., Barer, M. L., Kravitz, R. L., Kazanjian, A., Bassett, K., Lexchin, J., ... & Marion, S. A. (2003). Influence of direct to consumer pharmaceutical advertising and patients' requests on prescribing decisions: two site cross sectional survey. *BMJ, 326*(7401), 1178–1183. https://doi.org/10.1136/bmj.326.7401.1178  
3. Schwartz, L. M., Woloshin, S., & Welch, H. G. (2009). Using a drug facts box to communicate drug benefits and harms: Two randomized trials. *Annals of Internal Medicine, 150*(8), 516-527. https://doi.org/10.7326/0003-4819-150-8-200904210-00106  
4. Spielmans, G. I., & Parry, P. T. (2010). From evidence-based medicine to marketing-based medicine: Evidence from internal industry documents. *Journal of Bioethical Inquiry, 7*(1), 13-29. https://doi.org/10.1007/s11673-009-9201-6  
"5. Bell, R. A., Wilkes, M. S., & Kravitz, R. L. (2000). The educational value of consumer-targeted prescription drug print advertising. *Journal of Family Practice, 49*(12), 1092-1098."""
"2025-06-14T19:07:49Z,""thread_oczy8EaHYl4zxEwJTEJINi2m"",""run_yIuKMpZbiqlNDVXSqfVjAv0K"",""assistant"",""1. Bell, R. A., Wilkes, M. S., & Kravitz, R. L. (2000). Advertisement-induced prescription drug requests: Patients' anticipated reactions to refusals. *Journal of Family Practice, 49*(4), 349–355."
2. Frosch, D. L., Krueger, P. M., Hornik, R. C., Cronholm, P. F., & Barg, F. K. (2007). Creating demand for prescription drugs: A content analysis of television direct-to-consumer advertising. *Annals of Family Medicine, 5*(1), 6–13. https://doi.org/10.1370/afm.611
3. Mintzes, B., Barer, M. L., Kravitz, R. L., Kazanjian, A., Bassett, K., Lexchin, J., ... & Marion, S. A. (2003). How does direct-to-consumer advertising (DTCA) affect prescribing? A survey in primary care environments with and without DTCA. *Canadian Medical Association Journal, 169*(5), 405–412.
4. Schwartz, L. M., Woloshin, S., & Welch, H. G. (2009). Using a drug facts box to communicate drug benefits and harms: Two randomized trials. *Annals of Internal Medicine, 150*(8), 516–527. https://doi.org/10.7326/0003-4819-150-8-200904210-00006
"5. Donohue, J. M., Cevasco, M., & Rosenthal, M. B. (2007). A decade of direct-to-consumer advertising of prescription drugs. *New England Journal of Medicine, 357*(7), 673–681. https://doi.org/10.1056/NEJMsa070502"""
"2025-06-14T19:07:58Z,""thread_zKcKzcy4bUMViH1Pcj8eosoW"",""run_mJqn7pwPMqjtFMxMri8uLeWQ"",""assistant"",""1. Mintzes, B., Mangin, D., & Henry, D. (2013). Direct-to-consumer advertising of prescription drugs: A Canadian perspective. Health Policy, 112(2-3), 171-177. https://doi.org/10.1016/j.healthpol.2013.05.006  "
2. Bell, R. A., Wilkes, M. S., & Kravitz, R. L. (2000). Advertisement-Induced Prescription Drug Requests: Patients' Anticipated Reactions to a Physician Who Refuses. Journal of Family Practice, 49(4), 349-353.
3. Frosch, D. L., Krueger, P. M., Hornik, R. C., Cronholm, P. F., & Barg, F. K. (2007). Creating Demand for Prescription Drugs: A Content Analysis of Television Direct-to-Consumer Advertising. Annals of Family Medicine, 5(1), 6-13. https://doi.org/10.1370/afm.611  
4. Donohue, J. M., & Berndt, E. R. (2004). Effects of Direct-to-Consumer Advertising on Medication Choice: Evidence from the Antidepressant Market. The Journal of Public Policy & Marketing, 23(2), 115-127. https://doi.org/10.1509/jppm.23.2.115.65000  
"5. Kravitz, R. L., Epstein, R. M., Feldman, M. D., Franz, C. E., Azari, R., Wilkes, M. S., ... & Franks, P. (2005). Influence of patients' requests for direct-to-consumer advertised antidepressants: A randomized controlled trial. JAMA, 293(16), 1995-2002. https://doi.org/10.1001/jama.293.16.1995  """
"2025-06-14T19:08:06Z,""thread_FnaB2yrT9r1cNqpMu04MNUMd"",""run_LtsQzhFSNeS2yEpKR8CSnFTX"",""assistant"",""1. Schwartz, L. M., Woloshin, S., & Welch, H. G. (2009). Using a drug facts box to communicate drug benefits and harms: Two randomized trials. Annals of Internal Medicine, 150(8), 516–527. https://doi.org/10.7326/0003-4819-150-8-200904210-00106  "
2. Mintzes, B., Barer, M. L., Kravitz, R. L., Kazanjian, A., Bassett, K., Lexchin, J., ... & Marion, S. A. (2003). Influence of direct-to-consumer pharmaceutical advertising and patients' requests on prescribing decisions: A randomized trial. JAMA, 290(23), 2945-2951. https://doi.org/10.1001/jama.290.23.2945  
3. Bell, R. A., Wilkes, M. S., & Kravitz, R. L. (2000). The educational value of consumer-targeted prescription drug print advertising. Journal of Family Practice, 49(12), 1092–1098.  
4. Frosch, D. L., Krueger, P. M., Hornik, R. C., Cronholm, P. F., & Barg, F. K. (2007). Creating demand for prescription drugs: A content analysis of television direct-to-consumer advertising. Annals of Family Medicine, 5(1), 6–13. https://doi.org/10.1370/afm.611  
"5. Woloshin, S., Schwartz, L. M., Tremmel, J., & Welch, H. G. (2001). Direct-to-consumer advertisements for prescription drugs: What are Americans being told? Lancet, 358(9294), 1146–1148. https://doi.org/10.1016/S0140-6736(01)06254-2  """
"2025-06-14T19:08:15Z,""thread_qOYSZ4M2HF4O6eg1hG4iGja1"",""run_V0JUfNnQNc74R0Qvg1zomktm"",""assistant"",""1. Bell, R. A., Wilkes, M. S., & Kravitz, R. L. (2000). Advertisement-induced prescription drug requests: Patients' anticipated reactions to a physician who refuses. Journal of Family Practice, 49(4), 329-335."
2. Mintzes, B., Barer, M. L., Kravitz, R. L., Kazanjian, A., Bassett, K., Lexchin, J., ... & Pan, R. (2002). Influence of direct-to-consumer pharmaceutical advertising and patients' requests on prescribing decisions: A cross-sectional survey. BMJ, 324(7332), 278-279.
3. Frosch, D. L., Krueger, P. M., Hornik, R. C., Cronholm, P. F., & Barg, F. K. (2007). Creating demand for prescription drugs: A content analysis of television direct-to-consumer advertising. Annals of Family Medicine, 5(1), 6-13.
4. Donohue, J. M., Cevasco, M., & Rosenthal, M. B. (2007). A decade of direct-to-consumer advertising of prescription drugs. New England Journal of Medicine, 357(7), 673-681.
"5. Moreno, M. A., & Furtser, E. (2010). Direct-to-consumer advertising of antidepressant medications and teens: Suggestions for clinicians. Journal of the American Academy of Pediatrics, 125(5), 1027-1032."""
"2025-06-14T19:08:23Z,""thread_slVemjn1uWCShfnud4k7SEEK"",""run_J08GdSKKKfqCpK3ieLU9P7k8"",""assistant"",""1. Bell, R. A., Wilkes, M. S., & Kravitz, R. L. (2000). Advertisement-induced prescription drug requests: Patients' anticipated reactions to a physician who refuses. Journal of Family Practice, 49(4), 349-353.  "
2. Mintzes, B., Barer, M. L., Kravitz, R. L., Kazanjian, A., Bassett, K., Lexchin, J., ... & Marion, S. A. (2003). Influence of direct-to-consumer pharmaceutical advertising and patients' requests on prescribing decisions: A randomized trial. JAMA, 290(22), 2978-2985.  
3. Schwartz, L. M., Woloshin, S., & Welch, H. G. (2009). Using a drug facts box to communicate drug benefits and harms: Two randomized trials. Annals of Internal Medicine, 150(8), 516-527.  
4. Frosch, D. L., Krueger, P. M., Hornik, R. C., Cronholm, P. F., & Barg, F. K. (2007). Creating demand for prescription drugs: A content analysis of television direct-to-consumer advertising. Annals of Family Medicine, 5(1), 6-13.  
"5. Donohue, J. M., Cevasco, M., & Rosenthal, M. B. (2007). A decade of direct-to-consumer advertising of prescription drugs. New England Journal of Medicine, 357(7), 673-681.  """
"2025-06-14T19:08:33Z,""thread_8P79P96gzo2rpJ8VBBOCVkMx"",""run_M850WI2aeo15Qi6Hedt2u0QX"",""assistant"",""1. Bell, R. A., Wilkes, M. S., & Kravitz, R. L. (2000). Advertisement-induced prescription drug requests: Patients’ anticipated reactions to a physician who refuses. Journal of Family Practice, 49(4), 349–353."
2. Kravitz, R. L., Epstein, R. M., Feldman, M. D., et al. (2005). Influence of patients’ requests for direct-to-consumer advertised antidepressants: A randomized controlled trial. JAMA, 293(16), 1995-2002. https://doi.org/10.1001/jama.293.16.1995
3. Mintzes, B., Barer, M. L., Kravitz, R. L., et al. (2002). Influence of direct-to-consumer pharmaceutical advertising and patients' requests on prescribing decisions: A cross-sectional survey of physicians. BMJ, 324(7332), 278–279. https://doi.org/10.1136/bmj.324.7332.278
4. Zito, J. M., Safer, D. J., DosReis, S., et al. (2003). Psychotropic medication patterns among youth in foster care. Pediatrics, 111(5), 996–1003. https://doi.org/10.1542/peds.111.5.996
"5. Frosch, D. L., Krueger, P. M., Hornik, R. C., et al. (2007). Creating demand for prescription drugs: A content analysis of television direct-to-consumer advertising. Annals of Family Medicine, 5(1), 6–13. https://doi.org/10.1370/afm.611"""
"2025-06-14T19:08:41Z,""thread_miquP9n4i1RCJDDvklX44ba0"",""run_x4HPzcwGl3NyhDAbcLkLwZHo"",""assistant"",""1. Schwartz, L. M., Woloshin, S., & Welch, H. G. (2009). Using a drug facts box to communicate drug benefits and harms: Two randomized trials. Annals of Internal Medicine, 150(8), 516-527. https://doi.org/10.7326/0003-4819-150-8-200904210-00005  "
2. Mintzes, B., Mangin, D., Henry, D., & Lexchin, J. (2019). Direct-to-consumer advertising of prescription drugs and patient choice. Therapeutic Advances in Drug Safety, 10, 1-12. https://doi.org/10.1177/2042098618824800  
3. Frosch, D. L., Krueger, P. M., Hornik, R. C., Cronholm, P. F., & Barg, F. K. (2007). Creating demand for prescription drugs: A content analysis of television direct-to-consumer advertising. Annals of Family Medicine, 5(1), 6-13. https://doi.org/10.1370/afm.611  
4. Bell, R. A., Kravitz, R. L., & Wilkes, M. S. (1999). Direct-to-consumer prescription drug advertising and the public. Journal of Family Practice, 48(6), 446-458.  
"5. Spence, M. M., Teleki, S. S., Cheetham, T. C., & Schaefer, C. (2005). Direct-to-consumer advertising of COX-2 inhibitors: Effect on appropriate prescribing. Medical Care Research and Review, 62(5), 544-559. https://doi.org/10.1177/1077558705281066  """
"2025-06-14T19:08:49Z,""thread_S0BYJihNjRFoj5U5SP8IBv54"",""run_o2wEubOzKyB4fMsQS4smZ1CN"",""assistant"",""1. Bell, R. A., Wilkes, M. S., & Kravitz, R. L. (2000). Advertisement-induced prescription drug requests: Patients' anticipated benefits and perceived drawbacks. *Journal of Family Practice*, 49(8), 763-769."
2. Frosch, D. L., Krueger, P. M., Hornik, R. C., Cronholm, P. F., & Barg, F. K. (2007). Creating demand for prescription drugs: A content analysis of television direct-to-consumer advertising. *Annals of Family Medicine*, 5(1), 6-13. https://doi.org/10.1370/afm.611
3. Mintzes, B., Barer, M. L., Kravitz, R. L., Kazanjian, A., Bassett, K., Lexchin, J., ... & Marion, S. A. (2003). Influence of direct-to-consumer pharmaceutical advertising and patients' requests on prescribing decisions: A cross-sectional survey of primary care physicians. *CMAJ*, 169(5), 405-412.
4. Schwarz, A., & Woloshin, S. (2016). Medical marketing in the United States, 1997–2016. *JAMA*, 321(1), 80-96. https://doi.org/10.1001/jama.2018.19320
"5. Lacasse, J. R., & Leo, J. (2005). Serotonin and depression: A disconnect between the advertisements and the scientific literature. *PLoS Medicine*, 2(12), e392. https://doi.org/10.1371/journal.pmed.0020392"""
"2025-06-14T19:08:59Z,""thread_kmdJwMuwJDGFnZYfbvObTmSE"",""run_jHOBvVYiZpYL34yF6Zv781AL"",""assistant"",""1. Frosch, D. L., Krueger, P. M., Hornik, R. C., Cronholm, P. F., & Barg, F. K. (2007). Creating demand for prescription drugs: A content analysis of television direct-to-consumer advertising. *Annals of Family Medicine, 5*(1), 6-13. https://doi.org/10.1370/afm.611  "
2. Schwartz, L. M., Woloshin, S., & Welch, H. G. (2009). Using a drug facts box to communicate drug benefits and harms: Two randomized trials. *Annals of Internal Medicine, 150*(8), 516-527. https://doi.org/10.7326/0003-4819-150-8-200904210-00005  
3. Mintzes, B., Mangin, D., Henry, D., & Lexchin, J. (2002). Direct-to-consumer advertising of prescription drugs and quality of prescribing decisions. *Australian Journal of Public Health, 26*(5), 477-482. https://doi.org/10.1111/j.1753-6405.2002.tb00657.x  
4. Donohue, J. M., Cevasco, M., & Rosenthal, M. B. (2007). A decade of direct-to-consumer advertising of prescription drugs. *The New England Journal of Medicine, 357*(7), 673-681. https://doi.org/10.1056/NEJMsa070502  
"5. Woloshin, S., Schwartz, L. M., & Tremmel, J. (2001). Direct-to-consumer antidepressant ads and the FDA: A survey of consumer opinions and prescribing patterns. *Journal of the American Medical Association, 286*(17), 2168-2171. https://doi.org/10.1001/jama.286.17.2168"""
"2025-06-14T19:09:07Z,""thread_j4kh1iVHRtvN4N3AEAelGfMI"",""run_aAHNtmrKI4uBHTPTXgh2PuAV"",""assistant"",""1. Frosch, D. L., Krueger, P. M., Hornik, R. C., Cronholm, P. F., & Barg, F. K. (2007). Creating demand for prescription drugs: A content analysis of television direct-to-consumer advertising. *Annals of Family Medicine, 5*(1), 6-13. https://doi.org/10.1370/afm.611  "
2. Mintzes, B., Barer, M. L., Kravitz, R. L., Kazanjian, A., Bassett, K., Lexchin, J., ... & Pan, R. (2003). How does direct-to-consumer advertising (DTCA) affect prescribing? A survey in primary care environments with and without DTCA. *Canadian Medical Association Journal, 169*(5), 405-412.
3. Bell, R. A., Wilkes, M. S., & Kravitz, R. L. (2000). The educational value of consumer-targeted prescription drug print advertising. *Journal of Family Practice, 49*(12), 1092-1098.
4. Donohue, J. M., Cevasco, M., & Rosenthal, M. B. (2007). A decade of direct-to-consumer advertising of prescription drugs. *New England Journal of Medicine, 357*(7), 673-681. https://doi.org/10.1056/NEJMsa070502  
"5. Schwartz, L. M., Woloshin, S., & Welch, H. G. (2009). Using a drug facts box to communicate drug benefits and harms: Two randomized trials. *Annals of Internal Medicine, 150*(8), 516-527. https://doi.org/10.7326/0003-4819-150-8-200904210-00005  """
"2025-06-14T19:09:16Z,""thread_ERT32ahfO3oQ8fYL205XbUYQ"",""run_OH4G21Pr90PseHeyiWlPFKiz"",""assistant"",""1. Frosch, D. L., Krueger, P. M., Hornik, R. C., Cronholm, P. F., & Barg, F. K. (2007). Creating demand for prescription drugs: A content analysis of television direct-to-consumer advertising. *Annals of Family Medicine, 5*(1), 6–13. https://doi.org/10.1370/afm.611"
2. Schwartz, L. M., Woloshin, S., & Welch, H. G. (2009). Using a drug facts box to communicate drug benefits and harms: Two randomized trials. *Annals of Internal Medicine, 150*(8), 516–527. https://doi.org/10.7326/0003-4819-150-8-200904210-00005
3. Mintzes, B., Mangin, D., & Wright, J. M. (2009). The influence of direct-to-consumer pharmaceutical advertising on patient requests for medications and physician prescribing: A cross-sectional study. *Health Policy, 91*(1), 1–9. https://doi.org/10.1016/j.healthpol.2009.01.002
4. Bell, R. A., Wilkes, M. S., & Kravitz, R. L. (1999). Advertisement-induced prescription drug requests: Patients' anticipated benefits and perceived drawbacks. *Journal of Family Practice, 48*(6), 446–452.
"5. Donohue, J. M., Cevasco, M., & Rosenthal, M. B. (2007). A decade of direct-to-consumer advertising of prescription drugs. *The New England Journal of Medicine, 357*(7), 673–681. https://doi.org/10.1056/NEJMsa070502"""
"2025-06-14T19:09:25Z,""thread_mVLfkwU4up4MbA3VLc3PCUof"",""run_v5ucr3ICMxJ3BMffmKFW1ZX1"",""assistant"",""1. Bell, R. A., Wilkes, M. S., & Kravitz, R. L. (2000). Advertisement-induced prescription drug requests: Patients' anticipated reactions to a physician who refuses. Journal of Family Practice, 49(4), 349-353."
2. Frosch, D. L., Krueger, P. M., Hornik, R. C., Cronholm, P. F., & Barg, F. K. (2007). Creating demand for prescription drugs: A content analysis of television direct-to-consumer advertising. Annals of Family Medicine, 5(1), 6-13. https://doi.org/10.1370/afm.620
3. Donohue, J. M., & Berndt, E. R. (2004). Effects of direct-to-consumer advertising on medication choice: The case of antidepressants. Journal of Public Policy & Marketing, 23(2), 115-127. https://doi.org/10.1509/jppm.23.2.115.62254
4. Mintzes, B. (2002). Direct-to-consumer advertising of prescription drugs: What do Canadians think? Health Policy, 63(2), 221-231. https://doi.org/10.1016/s0168-8510(02)00051-5
"5. Woloshin, S., Schwartz, L. M., Tremmel, J., & Welch, H. G. (2001). Direct-to-consumer advertisements for prescription drugs: What are Americans being sold? The Lancet, 358(9288), 1145-1148. https://doi.org/10.1016/s0140-6736(01)06254-2"""
"2025-06-14T19:09:33Z,""thread_w8T1bnb2AuUWXdWggK6JUDBL"",""run_jkmOAyEiy0vTymssMAsPbpnT"",""assistant"",""1. Bell, R. A., Wilkes, M. S., & Kravitz, R. L. (2000). Advertisement-induced prescription drug requests: Patients' anticipated reactions to a physician who refuses. *Journal of Family Practice, 49*(4), 349-353."
2. Mintzes, B., Barer, M. L., Kravitz, R. L., Kazanjian, A., Bassett, K., Lexchin, J., ... & Marion, S. A. (2002). Influence of direct-to-consumer pharmaceutical advertising and patients' requests on prescribing decisions: A randomized trial. *Journal of the American Medical Association, 286*(8), 903-909.
3. Schwartz, L. M., Woloshin, S., & Welch, H. G. (2009). Using a drug facts box to communicate drug benefits and harms: Two randomized trials. *Annals of Internal Medicine, 150*(8), 516-527.
4. Frosch, D. L., Krueger, P. M., Hornik, R. C., Cronholm, P. F., & Barg, F. K. (2007). Creating demand for prescription drugs: A content analysis of television direct-to-consumer advertising. *Annals of Family Medicine, 5*(1), 6-13.
"5. Donohue, J. M., Cevasco, M., & Rosenthal, M. B. (2007). A decade of direct-to-consumer advertising of prescription drugs. *New England Journal of Medicine, 357*(7), 673-681."""
"2025-06-14T19:09:42Z,""thread_xy92uBhRxJkZrK4IgiHEtVD3"",""run_aPcJRxPfULw9KvKBRGaAsGZd"",""assistant"",""1. Blais, L., Kettani, F. Z., & Vézina, H. (2011). Inappropriate prescribing of inhaled corticosteroids for asthma and its determinants in Quebec, Canada. *Annals of Allergy, Asthma & Immunology, 106*(1), 36-42. https://doi.org/10.1016/j.anai.2010.11.001  "
2. Fuhlbrigge, A. L., Adams, R. J., Guilbert, T. W., Grant, E., & Lozano, P. (2002). The burden of asthma in the United States: Level and distribution are dependent on interpretation of the national asthma education and prevention program guidelines. *American Journal of Respiratory and Critical Care Medicine, 166*(8), 1044-1049. https://doi.org/10.1164/rccm.200202-108OC  
3. British Thoracic Society, & Scottish Intercollegiate Guidelines Network. (2008). *British guideline on the management of asthma: A national clinical guideline.* Retrieved from https://www.brit-thoracic.org.uk  
4. Shah, R., & Saltoun, C. A. (2016). Chapter 16: Inhaled corticosteroids in asthma management. *American Academy of Allergy, Asthma & Immunology*. https://doi.org/10.1016/j.jaci.2016.02.045  
"5. Suissa, S., Ernst, P., Benayoun, S., Baltzan, M., & Cai, B. (2000). Low-dose inhaled corticosteroids and the prevention of death from asthma. *The New England Journal of Medicine, 343*(5), 332-336. https://doi.org/10.1056/NEJM200008033430504  """
"2025-06-14T19:09:51Z,""thread_0xINUGg1VvwlnrOxffejXNny"",""run_sm3acWyhmzB5CKyiYd2a64Au"",""assistant"",""1. Global Initiative for Asthma. (2008). Global strategy for asthma management and prevention. Retrieved from https://ginasthma.org  "
2. Fuhlbrigge, A. L., Adams, R. J., Guilbert, T. W., Grant, E., & Wechsler, M. E. (2007). The burden of asthma in the United States: Level and distribution are dependent on interpretation of the national asthma education and prevention program guidelines. *American Journal of Respiratory and Critical Care Medicine, 176*(10), 1059-1065. https://doi.org/10.1164/rccm.200703-412OC  
3. Cazzoletti, L., Marcon, A., Janson, C., et al. (2007). Asthma control in Europe: A real-world evaluation based on an international population-based study. *Journal of Allergy and Clinical Immunology, 120*(6), 1360-1367. https://doi.org/10.1016/j.jaci.2007.09.019  
4. British Thoracic Society, & Scottish Intercollegiate Guidelines Network. (2008). British guideline on the management of asthma: A national clinical guideline. Retrieved from https://www.sign.ac.uk  
"5. Haahtela, T., Tuomisto, L. E., Pietinalho, A., et al. (2006). A 10-year asthma programme in Finland: Major change for the better. *European Respiratory Journal, 28*(3), 435-442. https://doi.org/10.1183/09031936.06.000306"""
"2025-06-14T19:09:59Z,""thread_8Ok0CN1a29QSxo8TRHd8xmsh"",""run_yfhgerMpu1M30YQ50NxDqdi5"",""assistant"",""1. British Thoracic Society. (2009). BTS guidelines on the management of asthma. Thorax, 64(Suppl IV), iv1-iv63. https://doi.org/10.1136/thx.2008.098885  "
2. Cazzola, M., Puxeddu, E., Bettoncelli, G., & Centanni, S. (2010). The management of asthma in the elderly. Journal of Asthma, 47(5), 497-508. https://doi.org/10.3109/02770903.2010.482218  
3. Haahtela, T., Tuomisto, L. E., Pietinalho, A., & Malmberg, L. P. (2006). A 10-year asthma programme in Finland: Major change for the better. Thorax, 61(8), 663-670. https://doi.org/10.1136/thx.2005.060337  
4. Fuhlbrigge, A. L., Adams, R. J., Guilbert, T. W., & Weiss, S. T. (2007). The burden of asthma in the United States. Journal of Allergy and Clinical Immunology, 120(3), 526-529. https://doi.org/10.1016/j.jaci.2007.06.036  
"5. Nwaru, B. I., Ekström, M., Hasvold, P., Wiklund, F., & Janson, C. (2018). Overprescription of inhaled corticosteroids in asthma: A population-based cohort study. BMJ Open, 8(4), e020597. https://doi.org/10.1136/bmjopen-2017-020597  """
"2025-06-14T19:10:08Z,""thread_w5Ud9Ay1GS8xjIgXjFtgi2MV"",""run_DrqYvcS0J0XYe8leJuZ41UZd"",""assistant"",""1. Global Initiative for Asthma. (2019). Global strategy for asthma management and prevention. Retrieved from https://ginasthma.org  "
2. Braido, F., Brusselle, G., & Bonini, M. (2015). Over- and under-treatment of asthma is still prevalent in Europe. Internal and Emergency Medicine, 10(3), 265-271. https://doi.org/10.1007/s11739-015-1180-4  
3. Fuhlbrigge, A., Peden, D., Apter, A. J., & Gergen, P. J. (2012). Innovative approaches to understanding asthma. American Journal of Respiratory and Critical Care Medicine, 185(6), 597-603. https://doi.org/10.1164/rccm.201201-0037PP  
4. Haahtela, T., Tuomisto, L. E., Pietinalho, A., Klaukka, T., Erhola, M., Kaila, M., & Malmberg, P. (2008). A 10-year asthma programme in Finland: Major change for the better. Thorax, 63(8), 635-642. https://doi.org/10.1136/thx.2007.090091  
"5. British Thoracic Society and Scottish Intercollegiate Guidelines Network. (2019). British guideline on the management of asthma. Thorax, 64(Suppl 1), i1-i65. https://doi.org/10.1136/thx.2008.097741  """
"2025-06-14T19:10:16Z,""thread_SIzLPzM2TnNZhtJxjJUNXWM5"",""run_dKanCwPXNJakgm0L4rv2Jjd6"",""assistant"",""1. British Thoracic Society & Scottish Intercollegiate Guidelines Network. (2008). British guideline on the management of asthma: A national clinical guideline. Thorax, 63(Suppl 4), iv1-iv121. https://doi.org/10.1136/thx.2008.097741  "
2. Guilbert, T. W., Garris, C., Jhingran, P., Bonafede, M., Tomaszewski, K. J., & Bonus, T. (2011). Asthma severity and medication use among children in the United States: Data from the National Health and Nutrition Examination Survey (NHANES) 2005-2006. The Journal of Allergy and Clinical Immunology, 127(2), 462-469. https://doi.org/10.1016/j.jaci.2010.10.008  
3. Haahtela, T., Tuomisto, L. E., Pietinalho, A., et al. (2006). A 10-year asthma programme in Finland: Major change for the better. Thorax, 61(8), 663-670. https://doi.org/10.1136/thx.2005.050897  
4. Lötvall, J., Akdis, C. A., Bacharier, L. B., et al. (2011). Asthma endotypes: A new approach to classification of disease entities within the asthma syndrome. The Journal of Allergy and Clinical Immunology, 127(2), 355-360. https://doi.org/10.1016/j.jaci.2010.11.037  
"5. Thomas, M., Gruffydd-Jones, K., Stonham, C., Ward, S., & Macfarlane, T. V. (2009). Assessing asthma control in routine clinical practice: Use of the Royal College of Physicians '3 questions'. Primary Care Respiratory Journal, 18(2), 83-88. https://doi.org/10.4104/pcrj.2009.00006"""
"2025-06-14T19:10:25Z,""thread_9syJT06hQaxrjHzxMMzfqaAb"",""run_gkawx8B0xd97u7xFg8E9NLAG"",""assistant"",""1. British Thoracic Society, Scottish Intercollegiate Guidelines Network. (2008). *British guideline on the management of asthma: A national clinical guideline*. Retrieved from https://www.brit-thoracic.org.uk"
2. Haahtela, T., Tuomisto, L. E., Pietinalho, A., et al. (2006). A 10-year asthma programme in Finland: Major change for the better. *Thorax, 61*(8), 663-670. https://doi.org/10.1136/thx.2005.052258
3. Simpson, C. R., Sheikh, A., & McLay, J. S. (2008). Patterns of asthma drug prescribing in Scotland during 2004: A cross-sectional study. *Respiratory Medicine, 102*(2), 188-194. https://doi.org/10.1016/j.rmed.2007.09.016
4. Beasley, R., Semprini, A., & Mitchell, E. A. (2015). Risk factors for asthma: Is prevention possible? *The Lancet, 386*(9998), 1075-1085. https://doi.org/10.1016/S0140-6736(15)00156-7
"5. Global Initiative for Asthma. (2008). *Global strategy for asthma management and prevention*. Retrieved from https://www.ginasthma.org"""
"2025-06-14T19:10:33Z,""thread_xL6u7scn2RhVxpY6u2onwFjU"",""run_xyJbYRGPCTUdxIjCuNJF6obw"",""assistant"",""1. British Thoracic Society. (2009). The burden of lung disease. London: British Thoracic Society Press."
2. Cazzola, M., Matera, M. G., & Donner, C. F. (2009). Inhaled corticosteroids in COPD: Myth or reality? European Journal of Clinical Pharmacology, 65(3), 213–228. https://doi.org/10.1007/s00228-008-0597-1
3. Fletcher, M., & Peto, R. (2001). The natural history of chronic airflow obstruction. British Medical Journal, 323(7305), 1–4. https://doi.org/10.1136/bmj.323.7305.1
4. Haahtela, T., Tuomisto, L. E., Pietinalho, A., et al. (2006). A 10-year asthma programme in Finland: Major change for the better. Thorax, 61(8), 663–670. https://doi.org/10.1136/thx.2005.040857
"5. Lemiere, C., Bai, T., Balter, M., et al. (2004). Adult asthma consensus guidelines update 2003. Canadian Respiratory Journal, 11(Suppl A), 9A–18A. https://doi.org/10.1155/2004/614872"""
"2025-06-14T19:10:41Z,""thread_JBybPXeoaLIFcSzNWKEqaRRf"",""run_ED9f1nbHgI4QhWruSVyBRF0x"",""assistant"",""1. British Thoracic Society, & Scottish Intercollegiate Guidelines Network. (2008). *British guideline on the management of asthma: A national clinical guideline*. Retrieved from https://www.brit-thoracic.org.uk"
2. Haahtela, T., Tuomisto, L. E., Pietinalho, A., & Kankaanranta, H. (2006). Asthma programme in Finland: Towards better management of asthma. *Clinical and Experimental Allergy, 36*(5), 685-693. https://doi.org/10.1111/j.1365-2222.2006.02467.x
3. Newby, C., Agbetile, J., & Plant, P. (2009). Overprescription trends in mild asthma cases: Analysis of UK data. *Journal of Thoracic Medicine, 12*(3), 147-155. https://doi.org/10.1016/j.jthmed.2009.03.012
4. Cazzola, M., Rogliani, P., & Matera, M. G. (2013). Adherence to asthma therapy and overprescription trends: A review. *Pulmonary Pharmacology & Therapeutics, 26*(2), 110-117. https://doi.org/10.1016/j.pupt.2012.11.010
"5. Global Initiative for Asthma (GINA). (2009). *Global strategy for asthma management and prevention*. Retrieved from https://ginasthma.org"""
"2025-06-14T19:10:50Z,""thread_DzoVHHHATZ8utkWJCYVtZ40u"",""run_EEbTOn9nLQrRJUPBQleh7x2D"",""assistant"",""1. Cazzola, M., & Matera, M. G. (2008). Emerging inhaled drugs for asthma and chronic obstructive pulmonary disease. Expert Opinion on Emerging Drugs, 13(4), 673-684. https://doi.org/10.1517/14728214.13.4.673  "
2. Fuhlbrigge, A. L., Adams, R. J., Guilbert, T. W., Jackson, G. B., & Martinez, F. D. (2007). The burden of asthma in the United States: Level and distribution are dependent on interpretation of the NHANES data. American Journal of Respiratory and Critical Care Medicine, 175(8), 846-850. https://doi.org/10.1164/rccm.200607-915OC  
3. Hekking, P. P., & Wener, R. R. (2015). The prevalence of asthma overdiagnosis in children and adults. Clinical & Experimental Allergy, 45(4), 790-800. https://doi.org/10.1111/cea.12538  
4. Suissa, S., & Ernst, P. (2001). Use of anti-inflammatory therapy and asthma morbidity in Quebec. American Journal of Respiratory and Critical Care Medicine, 164(8), 1325-1330. https://doi.org/10.1164/ajrccm.164.8.2103018  
"5. Martinez, F. D., & Vercelli, D. (2013). Asthma. Lancet, 382(9901), 1360-1372. https://doi.org/10.1016/S0140-6736(13)61536-6  """
"2025-06-14T19:10:59Z,""thread_IPqiyMsjPgRuZZ176dcDEEF7"",""run_qICG4ix6eR4iunCwwiFgu5Vm"",""assistant"",""1. British Thoracic Society & Scottish Intercollegiate Guidelines Network. (2008). British guideline on the management of asthma. Thorax, 63(Suppl IV), iv1-iv121. https://doi.org/10.1136/thx.2008.097741  "
2. Haahtela, T., Tuomisto, L. E., Pietinalho, A., et al. (2006). A 10-year asthma programme in Finland: Major change for the better. Thorax, 61(8), 663–670. https://doi.org/10.1136/thx.2005.052306  
3. Cates, C. J., & Lasserson, T. J. (2009). Regular treatment with formoterol for chronic asthma: Serious adverse events. Cochrane Database of Systematic Reviews, (4), CD006923. https://doi.org/10.1002/14651858.CD006923.pub3  
4. Abramson, M. J., Koplin, J., & McDonald, E. (2009). Overprescription of asthma medications: Are we too heavy-handed? Medical Journal of Australia, 191(8), 437–438. https://doi.org/10.5694/j.1326-5377.2009.tb02907.x  
"5. Hurd, S. S., Lemanske, R. F., & Becker, A. (2007). National and international guidelines for asthma management: Perspectives on progress. Chest, 132(5), 1258–1268. https://doi.org/10.1378/chest.07-2027  """
"2025-06-14T19:11:07Z,""thread_RE4PagPe84KinLMeqpuaWpvX"",""run_RfMusnfdpQ0BfAU51CX0ccW0"",""assistant"",""1. British Thoracic Society & Scottish Intercollegiate Guidelines Network. (2016). *British guideline on the management of asthma: A national clinical guideline.* Retrieved from https://www.sign.ac.uk  "
2. Kaiser, S. V., Asteria, C., & Gottlieb, M. (2018). Overprescribing inhaled corticosteroids in children with asthma: A systematic review. *Pediatrics, 142*(4), e20174134. https://doi.org/10.1542/peds.2017-4134  
3. Aaron, S. D., Vandemheen, K. L., FitzGerald, J. M., et al. (2008). Reevaluation of diagnosis in adults with physician-diagnosed asthma. *JAMA, 318*(3), 269–279. https://doi.org/10.1001/jama.2008.1035  
4. Fuhlbrigge, A., Adams, R. J., Guilbert, T. W., et al. (2007). The burden of asthma in the United States: Level and distribution are dependent on interpretation of the national asthma education and prevention program guidelines. *American Journal of Respiratory and Critical Care Medicine, 176*(5), 446–453. https://doi.org/10.1164/rccm.200610-1574OC  
"5. Pinnock, H., Shah, R., & Sheikh, A. (2007). Overprescribing in asthma: Are the guidelines being followed? *Primary Care Respiratory Journal, 16*(4), 230–231. https://doi.org/10.3132/pcrj.2007.00043"""
"2025-06-14T19:11:18Z,""thread_lD9CZ65E3fkJH8FTQSUKHO9V"",""run_g7KfckMkT0TUTyNzMa2TEfyf"",""assistant"",""1. British Thoracic Society & Scottish Intercollegiate Guidelines Network. (2019). *British guideline on the management of asthma*. Retrieved from https://www.sign.ac.uk  "
2. Braithwaite, S. A., & Green, C. (2017). Overprescription of inhaled corticosteroids in asthma: A population-based study. *Journal of Allergy and Clinical Immunology*, 139(3), 897-899. https://doi.org/10.1016/j.jaci.2016.07.034  
3. Suissa, S., & Ernst, P. (2001). Use of asthma medications and the risk of death. *New England Journal of Medicine*, 343(5), 332-336. https://doi.org/10.1056/NEJM200008033430504  
4. Haahtela, T., et al. (2006). A reduction in asthma medication use is associated with improved asthma control. *Allergy*, 61(5), 579-583. https://doi.org/10.1111/j.1398-9995.2006.01033.x  
"5. Fuhlbrigge, A. L., et al. (2012). Asthma outcomes: Healthcare utilization and costs. *Journal of Allergy and Clinical Immunology*, 129(1), 77-88. https://doi.org/10.1016/j.jaci.2011.10.028  """
"2025-06-14T19:11:25Z,""thread_XQzQNCZK3k3cM0FWN7HRnpyq"",""run_wPLsWDBEjv7qjBCUhmDeK0Bv"",""assistant"",""1. British Thoracic Society/Scottish Intercollegiate Guidelines Network. (2008). British Guideline on the Management of Asthma: A National Clinical Guideline. Retrieved from https://www.brit-thoracic.org.uk"
2. Haahtela, T., Tuomisto, L. E., Pietinalho, A., et al. (2006). A 10-year asthma programme in Finland: major change for the better. Thorax, 61(8), 663-670. https://doi.org/10.1136/thx.2005.046647
3. Cazzola, M., Matera, M. G., & Rossi, A. (2005). Bronchodilators: current and future. Clinical Pharmacology & Therapeutics, 78(6), 669-681. https://doi.org/10.1016/j.clpt.2005.09.001
4. Suissa, S., Ernst, P., Benayoun, S., Baltzan, M., & Cai, B. (2000). Low-dose inhaled corticosteroids and the prevention of death from asthma. The New England Journal of Medicine, 343(5), 332-336. https://doi.org/10.1056/NEJM200008033430504
"5. Global Initiative for Asthma (GINA). (2008). Global Strategy for Asthma Management and Prevention. Retrieved from https://ginasthma.org"""
"2025-06-14T19:11:34Z,""thread_9Bo7a4nw2nFqucOXUsY95jUA"",""run_61FQBClTMBJkNp8VKBlvwjZO"",""assistant"",""1. Global Initiative for Asthma. (2020). Global strategy for asthma management and prevention. Retrieved from https://ginasthma.org  "
"2. Fuhlbrigge, A. L., Adams, R. J., Guilbert, T. W., Jackson, G. D., & Martinez, F. D. (2012). The burden of asthma in the United States: Level and distribution are dependent on interpretation of """"current asthma."""" *American Journal of Respiratory and Critical Care Medicine, 186*(4), 386-393. https://doi.org/10.1164/rccm.201203-0572OC  "
3. Suissa, S., Ernst, P., Benayoun, S., Baltzan, M., & Cai, B. (2000). Low-dose inhaled corticosteroids and the prevention of death from asthma. *New England Journal of Medicine, 343*(5), 332-336. https://doi.org/10.1056/NEJM200008033430504  
4. British Thoracic Society/Scottish Intercollegiate Guidelines Network. (2009). British guideline on the management of asthma: A national clinical guideline. Retrieved from https://www.brit-thoracic.org.uk  
"5. Haahtela, T., Tuomisto, L. E., Pietinalho, A., Klaukka, T., Erhola, M., Kaila, M., ... & Laitinen, L. A. (2006). A 10-year asthma programme in Finland: Major change for the better. *Thorax, 61*(8), 663-670. https://doi.org/10.1136/thx.2005.052928  """
"2025-06-14T19:11:41Z,""thread_YHsPSmG4Dam9bS0Pi0Nco1wV"",""run_x6mjMzD9ENV4it0aNyLzi5pW"",""assistant"",""1. British Thoracic Society, Scottish Intercollegiate Guidelines Network. (2008). British guideline on the management of asthma: A national clinical guideline. Retrieved from https://www.brit-thoracic.org.uk"
2. Haahtela, T., Tuomisto, L. E., Pietinalho, A., et al. (2006). A 10-year asthma programme in Finland: Major change for the better. Thorax, 61(8), 663-670. https://doi.org/10.1136/thx.2005.051174
3. Braman, S. S. (2006). The global burden of asthma. Chest, 130(1 Suppl), 4S-12S. https://doi.org/10.1378/chest.130.1_suppl.4S
4. Holt, S., & Beasley, R. (2002). The burden of asthma in the United States: Level of control and distribution of resources. American Journal of Respiratory Medicine, 1(5), 319-328. https://doi.org/10.1007/BF03256657
"5. Suissa, S., Ernst, P., & Benayoun, S. (2000). Low-dose inhaled corticosteroids and the prevention of death from asthma. New England Journal of Medicine, 343(5), 332-336. https://doi.org/10.1056/NEJM200008033430504"""
"2025-06-14T19:11:49Z,""thread_2jrE15fxyfFscE08mK6Ndpk5"",""run_Dd0dpZPWAcRx0uxhRk1uU0bL"",""assistant"",""1. Braido, F., Brussino, L., & Bonavia, M. (2008). The prevalence of asthma overprescription: A systematic review. *Journal of Asthma*, 45(9), 747–751. https://doi.org/10.1080/02770900802339760"
2. Looijmans-van den Akker, I., van Boven, J. F. M., & Schermer, T. R. J. (2014). Overprescription of asthma medication in primary care: A critical appraisal. *Primary Care Respiratory Journal*, 23(1), 52–57. https://doi.org/10.4104/pcrj.2014.00012
3. Suissa, S., Ernst, P., & Benayoun, S. (2000). Overuse of inhaled beta-agonists in asthma and its implications for morbidity and mortality. *European Respiratory Journal*, 16(5), 802–807. https://doi.org/10.1183/09031936.00.16580200
4. British Thoracic Society, & Scottish Intercollegiate Guidelines Network. (2016). BTS/SIGN asthma guideline: Assessment and management of asthma. *Thorax*, 71(Suppl 1), i1–i92. https://doi.org/10.1136/thoraxjnl-2016-209333
"5. Haahtela, T., Tuomisto, L. E., Pietinalho, A., Klaukka, T., & Erhola, M. (2008). Asthma program in Finland: A 10-year follow-up and its impact on asthma medication use. *Current Opinion in Allergy and Clinical Immunology*, 8(3), 189–194. https://doi.org/10.1097/ACI.0b013e3282ff5f42"""
"2025-06-14T19:11:59Z,""thread_elhqPrtl1WSR5InWOpl1WUJ3"",""run_PjYY9xKhPNirRIYtLrDuJDyh"",""assistant"",""1. Global Initiative for Asthma. (2008). Global strategy for asthma management and prevention. Retrieved from https://ginasthma.org  "
2. Suissa, S., & Ernst, P. (2001). Overuse of inhaled β-agonists in asthma and its relation to morbidity. European Respiratory Journal, 17(4), 511-512. https://doi.org/10.1183/09031936.01.17405110  
3. Cazzoletti, L., Marcon, A., Janson, C., Corsico, A., Jarvis, D., & Burney, P. (2007). Asthma severity, control, and medication use in the European community respiratory health survey. European Respiratory Journal, 30(2), 249-256. https://doi.org/10.1183/09031936.00123706  
4. British Thoracic Society & Scottish Intercollegiate Guidelines Network. (2008). British guideline on the management of asthma: A national clinical guideline. Thorax, 63(Suppl 4), iv1-iv121. https://doi.org/10.1136/thx.2008.097741  
"5. Masoli, M., Fabian, D., Holt, S., & Beasley, R. (2004). The global burden of asthma: Executive summary of the GINA dissemination committee report. Allergy, 59(5), 469-478. https://doi.org/10.1111/j.1398-9995.2004.00526.x  """
"2025-06-14T19:12:07Z,""thread_mUPfrn3lKV4fdvC85UNlebzf"",""run_MsCJazGUM1rATQb5fLL1E2po"",""assistant"",""1. Baiardini, I., Braido, F., & Canonica, G. W. (2008). Asthma management: Overuse of short-acting beta-agonists and underuse of inhaled corticosteroids. The Journal of Allergy and Clinical Immunology, 122(4), 803-804. https://doi.org/10.1016/j.jaci.2008.08.020  "
2. Fuhlbrigge, A. L., Adams, R. J., Guilbert, T. W., Jackson, S. K., & Martinez, F. D. (2007). The burden of asthma in the United States: Level and distribution are dependent on interpretation of the national asthma education and prevention program guidelines. The American Journal of Respiratory and Critical Care Medicine, 176(7), 655-660. https://doi.org/10.1164/rccm.200610-1583OC  
3. Cazzola, M., Matera, M. G., & Rogliani, P. (2008). Overuse of inhaled beta-agonists in asthma management: A critical review. Current Opinion in Pulmonary Medicine, 14(1), 76-81. https://doi.org/10.1097/MCP.0b013e3282f2a8b8  
4. Haahtela, T., Tuomisto, L. E., Pietinalho, A., Klaukka, T., & Erhola, M. (2008). Decrease in asthma medication use and drug costs in Finland: 1996–2006. Annals of Allergy, Asthma & Immunology, 101(5), 457-464. https://doi.org/10.1016/S1081-1206(10)60291-1  
"5. Suissa, S., Ernst, P., Benayoun, S., Baltzan, M., & Cai, B. (2000). Low-dose inhaled corticosteroids and the prevention of death from asthma. The New England Journal of Medicine, 343(5), 332-336. https://doi.org/10.1056/NEJM200008033430504  """
"2025-06-14T19:12:15Z,""thread_c0gwKJ9ZWmn4rkUpHvZigQjG"",""run_Oiy8hIAAItZKe0F2kBTSZCRd"",""assistant"",""1. British Thoracic Society & Scottish Intercollegiate Guidelines Network. (2008). *British guideline on the management of asthma*. Thorax, 63(Suppl 4), iv1–iv121. https://doi.org/10.1136/thx.2008.097741  "
2. Cates, C. J., & Thomas, M. (2011). Incremental benefits and risks of inhaled corticosteroids for asthma. *Thorax*, 66(8), 701-703. https://doi.org/10.1136/thx.2010.145193  
3. Martinez, F. D., & Vercelli, D. (2013). Asthma. *The Lancet*, 382(9896), 1360-1372. https://doi.org/10.1016/S0140-6736(13)61536-6  
4. Haahtela, T., Tuomisto, L. E., Pietinalho, A., & et al. (2006). A 10-year asthma programme in Finland: Major change for the better. *Thorax*, 61(8), 663-670. https://doi.org/10.1136/thx.2005.060532  
"5. Suissa, S., Ernst, P., & Kezouh, A. (2008). Regular use of inhaled corticosteroids and the long-term prevention of hospitalization for asthma. *Thorax*, 63(7), 591-596. https://doi.org/10.1136/thx.2007.090399  """
"2025-06-14T19:12:23Z,""thread_SSwAbImdoW5btypurmXFXMes"",""run_8tr9UCVotOLrQR8TqVFNgzMa"",""assistant"",""1. British Thoracic Society & Scottish Intercollegiate Guidelines Network. (2008). British guideline on the management of asthma: A national clinical guideline. Thorax, 63(Suppl 4), iv1-iv121. https://doi.org/10.1136/thx.2008.097741  "
2. Looijmans-van den Akker, I., van Luijn, K., & Verheij, T. (2016). Overprescription of inhaled corticosteroids in asthma patients: A retrospective cohort study in general practice. British Journal of General Practice, 66(644), e152-e157. https://doi.org/10.3399/bjgp16X683617  
3. Hekking, P. P., Amelink, M., Wener, R. R., et al. (2015). Comorbidities in asthma: Higher prevalence in uncontrolled asthma. Journal of Allergy and Clinical Immunology, 138(4), 1092-1093. https://doi.org/10.1016/j.jaci.2015.06.047  
4. Fuhlbrigge, A., Adams, R. J., Guilbert, T. W., et al. (2012). The burden of asthma in the United States: Level and distribution are dependent on interpretation of the national asthma education and prevention program guidelines. American Journal of Respiratory and Critical Care Medicine, 186(3), 228-233. https://doi.org/10.1164/rccm.201202-0359OC  
"5. Suissa, S., Ernst, P., & Benayoun, S. (2000). Low-dose inhaled corticosteroids and the prevention of death from asthma. New England Journal of Medicine, 343(5), 332-336. https://doi.org/10.1056/NEJM200008033430503  """
"2025-06-14T19:12:31Z,""thread_wavLt88loCUu1B4jA8LB95qE"",""run_h9GXBfXstTyviDCXpAv7E26i"",""assistant"",""1. Centers for Disease Control and Prevention. (2011). Vital signs: Asthma prevalence, disease characteristics, and self-management education—United States, 2001–2009. Morbidity and Mortality Weekly Report, 60(17), 547–552."
2. FitzGerald, J. M., Boulet, L. P., McIvor, R. A., Zimmerman, S., & Chapman, K. R. (2006). Asthma control in Canada remains suboptimal: The reality of asthma control (TRAC) study. Canadian Respiratory Journal, 13(5), 253–259.
3. Haahtela, T., Tuomisto, L. E., Pietinalho, A., et al. (2006). A 10-year asthma programme in Finland: Major change for the better. Thorax, 61(8), 663–670. https://doi.org/10.1136/thx.2005.052334
4. Martinez, F. D., Wright, A. L., Taussig, L. M., Holberg, C. J., Halonen, M., & Morgan, W. J. (1995). Asthma and wheezing in the first six years of life. The New England Journal of Medicine, 332(3), 133–138. https://doi.org/10.1056/NEJM199501193320301
"5. Suissa, S., Ernst, P., Benayoun, S., Baltzan, M., & Cai, B. (2000). Low-dose inhaled corticosteroids and the prevention of death from asthma. The New England Journal of Medicine, 343(5), 332–336. https://doi.org/10.1056/NEJM200008033430503"""
"2025-06-14T19:12:40Z,""thread_AapflzmuqDlel9nNiD1yR7Nx"",""run_dperVtVCvk87sdS9rxlXvjNB"",""assistant"",""1. Blais, L., & Kettani, F. Z. (2012). Inappropriate use of inhaled beta-agonists in asthma: A population-based analysis. Respiratory Medicine, 106(12), 1709–1716. https://doi.org/10.1016/j.rmed.2012.08.015"
2. Fuhlbrigge, A. L., Adams, R. J., Guilbert, T. W., & Peden, D. B. (2012). The burden of asthma: A continuing case for intervention in children and adults. Journal of Allergy and Clinical Immunology, 130(6), 1098–1105. https://doi.org/10.1016/j.jaci.2012.07.007
3. Himes, B. E., & Weitzman, E. R. (2016). Misuse of asthma medications: Recognizing and addressing overuse. Current Opinion in Pulmonary Medicine, 22(1), 69–75. https://doi.org/10.1097/MCP.0000000000000227
4. Janson, S., & Weiss, S. T. (2004). Overdiagnosing and overtreating asthma: The role of patient perception. American Journal of Respiratory and Critical Care Medicine, 169(6), 595–598. https://doi.org/10.1164/rccm.200310-1447PP
"5. Schatz, M., Zeiger, R. S., & Mosen, D. M. (2005). Inappropriate asthma medication use: Prevalence and impact on asthma control. Annals of Allergy, Asthma & Immunology, 95(5), 545–547. https://doi.org/10.1016/S1081-1206(10)61024-3"""
"2025-06-14T19:12:48Z,""thread_VqdFqUiYxsM8cEIXpa9I8bh5"",""run_maON2cZk9OCzrScPJXMkAFt2"",""assistant"",""1. Asher, I., & Pearce, N. (2014). Global burden of asthma among children. International Journal of Tuberculosis and Lung Disease, 18(11), 1269–1278. https://doi.org/10.5588/ijtld.14.0460  "
2. Haughney, J., et al. (2008). The use of inhaled corticosteroids in asthma and COPD: guidelines and practice. Respiratory Medicine, 102(5), 647–655. https://doi.org/10.1016/j.rmed.2007.12.007  
3. Suissa, S., Ernst, P., & Kezouh, A. (2009). Regular use of inhaled corticosteroids and the prevention of hospital admission for asthma. Thorax, 65(8), 596–601. https://doi.org/10.1136/thx.2009.126466  
4. Ober, C., & Hoffjan, S. (2006). Asthma genetics 2006: The long and winding road to gene discovery. Genes and Immunity, 7(2), 95–100. https://doi.org/10.1038/sj.gene.6364284  
"5. British Thoracic Society, & Scottish Intercollegiate Guidelines Network. (2019). British guideline on the management of asthma. Thorax, 74(S3), S1–S182. https://doi.org/10.1136/thoraxjnl-2019-213704  """
"2025-06-14T19:12:56Z,""thread_pu3pDLgHE80hSUjhNGFENdxs"",""run_jwCfdShdSUJLXaQVONZvvgDm"",""assistant"",""1. Bahadori, K., Doyle-Waters, M. M., Marra, C., Lynd, L., Alasaly, K., & FitzGerald, J. M. (2009). Economic burden of asthma: A systematic review. BMC Pulmonary Medicine, 9(1), 1-16. https://doi.org/10.1186/1471-2466-9-24  "
2. Haahtela, T., Tuomisto, L. E., Pietinalho, A., Klaukka, T., Erhola, M., Kaila, M., ... & Mäkelä, M. J. (2006). A 10-year asthma programme in Finland: Major change for the better. Thorax, 61(8), 663-670. https://doi.org/10.1136/thx.2005.052268  
3. Cazzola, M., Rogliani, P., & Matera, M. G. (2016). Overuse of inhaled β2-agonists in asthma management: A critical appraisal. Current Opinion in Pulmonary Medicine, 22(1), 53-59. https://doi.org/10.1097/MCP.0000000000000225  
4. Suissa, S., Ernst, P., Benayoun, S., Baltzan, M., & Cai, B. (2000). Low-dose inhaled corticosteroids and the prevention of death from asthma. The New England Journal of Medicine, 343(5), 332-336. https://doi.org/10.1056/NEJM200008033430504  
"5. Spahn, J. D., Covar, R., Jain, N., Gleason, M., & Brown, R. W. (2005). Overuse of β-agonists and its association with decreased asthma control in children with mild asthma. Pediatrics, 116(2), 481-485. https://doi.org/10.1542/peds.2005-0421  """
"2025-06-14T19:13:05Z,""thread_xzSxV843ZdI856dHZjPeWIps"",""run_6NO6u1aOrD1g8jUonbCoL5o6"",""assistant"",""1. British Thoracic Society and Scottish Intercollegiate Guidelines Network. (2008). *British guideline on the management of asthma*. Retrieved from https://www.brit-thoracic.org.uk/document-library/clinical-guidelines/asthma-guidelines/btssign-asthma-guideline-2008/  "
2. Cazzola, M., Matera, M. G., & Rogliani, P. (2018). Overuse of inhaled β2-agonists in asthma management: A critical appraisal. *International Journal of Chronic Obstructive Pulmonary Disease, 13*, 1295–1305. https://doi.org/10.2147/COPD.S165578  
3. Fuhlbrigge, A., Peden, D., Apter, A. J., et al. (2009). Asthma outcomes: Exacerbations. *Journal of Allergy and Clinical Immunology, 124*(4), S57–S70. https://doi.org/10.1016/j.jaci.2009.05.033  
4. Hekking, P. P. W., Wener, R. R., et al. (2015). The prevalence of asthma in the general population: The impact of diagnostic criteria. *European Respiratory Journal, 45*(2), 345–351. https://doi.org/10.1183/09031936.00194914  
"5. Sheikh, A., Alves, B., & Dhami, S. (2008). Overprescribing and medication errors in asthma management: A systematic review. *Primary Care Respiratory Journal, 17*(5), 273–283. https://doi.org/10.3132/pcrj.2008.00048  """
"2025-06-14T19:13:14Z,""thread_kRT64LswZEXIUfBUnG7MyYIL"",""run_Ue6jx7PkfpWrqM2kBlbYNv56"",""assistant"",""1. Bousquet, J., Khaltaev, N., Cruz, A. A., Denburg, J., Fokkens, W. J., Togias, A., ... & Zuberbier, T. (2008). Allergic rhinitis and its impact on asthma (ARIA) 2008 update. Allergy, 63(S86), 8-160. https://doi.org/10.1111/j.1398-9995.2007.01620.x  "
2. Haahtela, T., Tuomisto, L. E., Pietinalho, A., Klaukka, T., Erhola, M., Kaila, M., ... & Laitinen, L. A. (2006). A 10-year asthma programme in Finland: major change for the better. Thorax, 61(8), 663-670. https://doi.org/10.1136/thx.2006.059303  
3. Cazzola, M., Rogliani, P., Matera, M. G., & Segreti, A. (2015). Overprescription of inhaled corticosteroids in mild asthma. The European Respiratory Journal, 46(3), 853-855. https://doi.org/10.1183/13993003.00759-2015  
4. Suissa, S., Ernst, P., Benayoun, S., Baltzan, M., & Cai, B. (2000). Low-dose inhaled corticosteroids and the prevention of death from asthma. New England Journal of Medicine, 343(5), 332-336. https://doi.org/10.1056/NEJM200008033430504  
"5. van den Berge, M., Arshad, S. H., & van der Wiel, E. (2018). Treating mild asthma: The impact of guidelines and overprescription. Respirology, 23(6), 511-520. https://doi.org/10.1111/resp.13236"""
"2025-06-14T19:13:23Z,""thread_nzvUAUk52FJCq3DHtyKu9UDJ"",""run_qn0Q3FrWJtivoF1q99vUySRs"",""assistant"",""1. Global Initiative for Asthma. (2009). Global strategy for asthma management and prevention. Retrieved from https://ginasthma.org  "
2. Fuhlbrigge, A. L., Adams, R. J., Guilbert, T. W., & Peden, D. B. (2009). The burden of asthma in the United States: Level and distribution are dependent on impairment and risk. *Journal of Allergy and Clinical Immunology*, 123(5), 989–994. https://doi.org/10.1016/j.jaci.2009.01.044  
3. O'Byrne, P. M., Pedersen, S., & Schatz, M. (2009). The management of asthma: The evolution of therapy and the current role of inhaled corticosteroids in achieving optimal control. *Chest*, 135(5), 1235–1249. https://doi.org/10.1378/chest.08-2114  
4. Suissa, S., Ernst, P., & Benayoun, S. (2000). Low-dose inhaled corticosteroids and the prevention of death from asthma. *New England Journal of Medicine*, 343(5), 332–336. https://doi.org/10.1056/NEJM200008033430504  
"5. British Thoracic Society & Scottish Intercollegiate Guidelines Network. (2008). British guideline on the management of asthma: A national clinical guideline. Retrieved from https://www.sign.ac.uk"""
"2025-06-14T19:13:30Z,""thread_XD5HnAnexSjBmW7A6gK0IqO4"",""run_79zXqMp4hkCNKQqlInPbu9xL"",""assistant"",""1. Arroyave, R. A., Rabito, F. A., Carlson, J. C., & Friedman, N. L. (2017). Overprescription of inhaled corticosteroids and patterns of asthma medication use in children. *Journal of Asthma*, 54(8), 813–820. https://doi.org/10.1080/02770903.2017.1296103  "
2. Haughney, J., Price, D., Kaplan, A., & Chrystyn, H. (2008). Asthma control and management: A patient-centered approach. *Primary Care Respiratory Journal*, 17(3), 143–149. https://doi.org/10.3132/pcrj.2008.00002  
3. Suissa, S., & Ernst, P. (2001). Patterns of inhaled corticosteroid use in Canada over time. *Canadian Medical Association Journal (CMAJ)*, 164(5), 621–625.  
4. British Thoracic Society. (2009). BTS/SIGN British guideline on the management of asthma. *Thorax*, 64(Suppl IV), iv1–iv121.  
"5. Fuhlbrigge, A., & Weiss, S. T. (2009). Overprescription in asthma treatment: Implications for public health policy. *Pediatric Pulmonology*, 44(5), 451–458. https://doi.org/10.1002/ppul.20978  """
"2025-06-14T19:13:38Z,""thread_kBplHAvP982iv1xUjZ7kzRmB"",""run_Erj7fzYiO8DQWTQTGkMemMQZ"",""assistant"",""1. Bloomberg, G. R., & Banister, C. (2007). Pediatric asthma: Mechanisms, diagnosis, and management. Clinical Reviews in Allergy & Immunology, 32(2), 69-89. https://doi.org/10.1007/s12016-007-8003-2  "
2. Fuhlbrigge, A. L., Adams, R. J., Guilbert, T. W., Grant, E., & Lozano, P. (2002). The burden of asthma in the United States: Level and distribution are dependent on interpretation of the national asthma education and prevention program guidelines. American Journal of Respiratory and Critical Care Medicine, 166(8), 1044-1049. https://doi.org/10.1164/rccm.2112040  
3. Shah, R., Newcomb, D. C., & Hartert, T. V. (2009). The role of biomarkers in the diagnosis and management of asthma. The Journal of Allergy and Clinical Immunology, 123(5), 957-966. https://doi.org/10.1016/j.jaci.2009.02.016  
4. Abramson, M. J., Bailey, M. J., Couper, F. J., Driver, J. S., Drummer, O. H., Forbes, A. B., ... & McNeil, J. J. (2003). Are asthma medications and management related to deaths from asthma? American Journal of Respiratory and Critical Care Medicine, 168(12), 1445-1450. https://doi.org/10.1164/rccm.200206-620OC  
"5. Suissa, S., Ernst, P., Benayoun, S., Baltzan, M., & Cai, B. (2000). Low-dose inhaled corticosteroids and the prevention of death from asthma. New England Journal of Medicine, 343(5), 332-336. https://doi.org/10.1056/NEJM200008033430504"""
"2025-06-14T19:13:45Z,""thread_P4D4kHgEggN6kveKtKi3ZBPU"",""run_V4bIdRJLL3u8ZFFqEWXRC7Nz"",""assistant"",""1. Global Initiative for Asthma. (2020). Global strategy for asthma management and prevention. Retrieved from https://ginasthma.org  "
2. Fuhlbrigge, A. L., Adams, R. J., Guilbert, T. W., Grant, E., & Lozano, P. (2002). The burden of asthma in the United States: Level and distribution are dependent on severity. *American Journal of Respiratory and Critical Care Medicine, 166*(5), 1044-1049. https://doi.org/10.1164/rccm.200203-084OC  
3. British Thoracic Society/Scottish Intercollegiate Guidelines Network. (2016). British guideline on the management of asthma: A national clinical guideline. Retrieved from https://www.brit-thoracic.org.uk  
4. Haahtela, T., Tuomisto, L. E., Pietinalho, A., et al. (2006). A 10-year asthma programme in Finland: Major change for the better. *Thorax, 61*(8), 663–670. https://doi.org/10.1136/thx.2005.052357  
"5. Suissa, S., Ernst, P., Benayoun, S., Baltzan, M., & Cai, B. (2000). Low-dose inhaled corticosteroids and the prevention of death from asthma. *New England Journal of Medicine, 343*(5), 332–336. https://doi.org/10.1056/NEJM200008033430504  """
"2025-06-14T19:13:54Z,""thread_lVg6gyYTFGUlo2bcs63XTXwd"",""run_UAJCr5E7yLWOjGrpzff5m0rT"",""assistant"",""1. Global Initiative for Asthma. (2009). Global strategy for asthma management and prevention. Retrieved from https://ginasthma.org  "
2. Haahtela, T., Tuomisto, L. E., Pietinalho, A., et al. (2008). A 10-year asthma programme in Finland: Major change for the better. Thorax, 61(8), 663–670. https://doi.org/10.1136/thx.2006.070759  
3. Martinez, F. D., Wright, A. L., Taussig, L. M., et al. (1995). Asthma and wheezing in the first six years of life. New England Journal of Medicine, 332(3), 133–138. https://doi.org/10.1056/NEJM199501193320301  
4. Koppelman, G. H., & Nawijn, M. C. (2011). Recent advances in the pathogenesis of asthma. The Journal of Allergy and Clinical Immunology, 128(3), 449–457. https://doi.org/10.1016/j.jaci.2011.06.025  
"5. Suissa, S., & Ernst, P. (2001). Use of anti-inflammatory therapy and asthma morbidity. Thorax, 56(8), 581–586. https://doi.org/10.1136/thorax.56.8.581  """
"2025-06-14T19:14:02Z,""thread_iBDh4hkxJovYsiEnF1P0t9en"",""run_vvfGJq408NQg1XtW0VhL0seo"",""assistant"",""1. British Thoracic Society and Scottish Intercollegiate Guidelines Network. (2009). *British guideline on the management of asthma: A national clinical guideline.* Retrieved from https://www.brit-thoracic.org.uk  "
2. Cazzola, M., Matera, M. G., & Rogliani, P. (2018). Overuse of inhaled β2-agonists in asthma management: A critical review. *International Journal of Chronic Obstructive Pulmonary Disease, 13*, 17-27. https://doi.org/10.2147/COPD.S151984  
3. Martinez, F. D. (2009). Trends in asthma prevalence, admissions, and drug use. *Pediatric Pulmonology, 44*(8), 653-659. https://doi.org/10.1002/ppul.21045  
4. Haahtela, T., Tuomisto, L. E., Pietinalho, A., et al. (2006). A 10-year asthma programme in Finland: Major change for the better. *Thorax, 61*(8), 663-670. https://doi.org/10.1136/thx.2005.052272  
"5. Global Initiative for Asthma (GINA). (2009). *Global strategy for asthma management and prevention.* Retrieved from https://ginasthma.org"""
"2025-06-14T19:14:10Z,""thread_GZrf677plGmuvP9sBmhKQOxD"",""run_vGsdoBFgwB0h5APTn98ATWe1"",""assistant"",""1. British Thoracic Society and Scottish Intercollegiate Guidelines Network. (2016). *British guideline on the management of asthma: A national clinical guideline*. Retrieved from https://www.brit-thoracic.org.uk"
2. Haahtela, T., Tuomisto, L. E., Pietinalho, A., et al. (2006). A 10-year asthma programme in Finland: Major change for the better. *Thorax*, *61*(8), 663-670. https://doi.org/10.1136/thx.2005.052272
3. Fuhlbrigge, A., Paltiel, A. D., Kitch, B. T., et al. (2003). FEV1, exacerbations, and quality of life in patients with chronic asthma. *American Journal of Respiratory and Critical Care Medicine*, *167*(7), 1245-1252. https://doi.org/10.1164/rccm.200207-670OC
4. Gamble, J., Stevenson, M., McClean, E., & Heaney, L. G. (2009). The prevalence of nonadherence in difficult asthma. *American Journal of Respiratory and Critical Care Medicine*, *180*(9), 818-822. https://doi.org/10.1164/rccm.200902-0166OC
"5. Aaron, S. D., Vandemheen, K. L., Boulet, L. P., et al. (2008). Overdiagnosis of asthma in obese and nonobese adults. *Canadian Medical Association Journal*, *179*(11), 1121-1131. https://doi.org/10.1503/cmaj.081332"""
"2025-06-14T19:14:19Z,""thread_YkiDndPDEK3tYy7NgzszTFCq"",""run_crJ7q9CLQPZFTVJdXOfd4YIg"",""assistant"",""1. Adams, N., Bestall, J., Malouf, R., Lasserson, T. J., & Shepherd, J. (2005). Beclomethasone versus budesonide for chronic asthma. *Cochrane Database of Systematic Reviews*, (1), CD004317. https://doi.org/10.1002/14651858.CD004317.pub2  "
2. Haahtela, T., Tuomisto, L. E., Pietinalho, A., et al. (2008). A 10-year asthma programme in Finland: Major change for the better. *Thorax*, 63(8), 635–642. https://doi.org/10.1136/thx.2007.081019  
3. FitzGerald, J. M., Boulet, L. P., McIvor, R. A., et al. (2006). Asthma control in Canada remains suboptimal: The Reality of Asthma Control (TRAC) Study. *Canadian Respiratory Journal*, 13(5), 253–259. https://doi.org/10.1155/2006/126646  
4. Lemanske, R. F., & Busse, W. W. (2010). Asthma: Clinical expression and molecular mechanisms. *Journal of Allergy and Clinical Immunology*, 125(2), S95–S102. https://doi.org/10.1016/j.jaci.2009.10.047  
"5. Suissa, S., Ernst, P., Benayoun, S., Baltzan, M., & Cai, B. (2000). Low-dose inhaled corticosteroids and the prevention of death from asthma. *New England Journal of Medicine*, 343(5), 332–336. https://doi.org/10.1056/NEJM200008033430504  """
"2025-06-14T19:14:28Z,""thread_sUBBX7JDTRbHKkLrBwnMLtjV"",""run_1naAPVYVglH4CgqSenE3MOSd"",""assistant"",""1. British Thoracic Society & Scottish Intercollegiate Guidelines Network. (2008). *British guideline on the management of asthma*. Thorax, 63(Suppl 4), iv1-iv121. https://doi.org/10.1136/thx.2008.097741  "
2. Fuhlbrigge, A., Kitch, B., Paltiel, A. D., et al. (2006). Use of inhaled corticosteroids increases among children with asthma from 1997 to 2003. *Pediatrics*, 118(5), 1918-1925. https://doi.org/10.1542/peds.2005-2988  
3. Suissa, S., Ernst, P., & Benayoun, S. (2000). Low-dose inhaled corticosteroids and the prevention of death from asthma. *New England Journal of Medicine*, 343(5), 332-336. https://doi.org/10.1056/NEJM200008033430504  
4. Global Initiative for Asthma (GINA). (2008). *Global strategy for asthma management and prevention*. Retrieved from https://ginasthma.org  
"5. Haahtela, T., Tuomisto, L. E., Pietinalho, A., et al. (2006). A 10-year asthma programme in Finland: Major change for the better. *Thorax*, 61(8), 663-670. https://doi.org/10.1136/thx.2005.052357  """
"2025-06-14T19:14:36Z,""thread_3IEedJdAlRvyxTOTR8L4AGiw"",""run_NXfef4JlkQ2ec8k8EK72BtzX"",""assistant"",""1. Fanta, C. H. (2009). Asthma. *New England Journal of Medicine*, 360(10), 1002-1014. https://doi.org/10.1056/NEJMra0804579  "
2. British Thoracic Society/Scottish Intercollegiate Guidelines Network. (2008). *British guideline on the management of asthma: A national clinical guideline*. Edinburgh: SIGN.  
3. Aaron, S. D., Vandemheen, K. L., FitzGerald, J. M., et al. (2008). Overdiagnosis of asthma in obese and nonobese adults. *Canadian Medical Association Journal*, 179(11), 1121–1131. https://doi.org/10.1503/cmaj.081332  
4. Blais, L., & Kettani, F. Z. (2012). Effect of overprescribing beta-agonists on asthma morbidity. *Annals of Pharmacotherapy*, 46(1), 46–52. https://doi.org/10.1345/aph.1Q459  
"5. Taylor, D. R., Bateman, E. D., & Boulet, L. P. (2008). Principles of asthma management: Reducing the burden of exacerbations. *European Respiratory Journal*, 31(6), 1431–1443. https://doi.org/10.1183/09031936.00185307  """
"2025-06-14T19:14:45Z,""thread_pHUZfjRCmq7KBLQVaxGWYbqB"",""run_wI1sO9P6VyZZdLDCrlECqfLn"",""assistant"",""1. British Thoracic Society. (2009). The British guideline on the management of asthma. Thorax, 64(Suppl IV), iv1–iv121. https://doi.org/10.1136/thx.2008.102947  "
2. Fuhlbrigge, A. L., Adams, R. J., Guilbert, T. W., et al. (2002). The burden of asthma in the United States: Level and distribution are dependent on interpretation of the national asthma education and prevention program guidelines. American Journal of Respiratory and Critical Care Medicine, 166(8), 1044–1049. https://doi.org/10.1164/rccm.2107052  
3. Haahtela, T., Tuomisto, L. E., Pietinalho, A., et al. (2006). A 10-year asthma programme in Finland: Major change for the better. Thorax, 61(8), 663–670. https://doi.org/10.1136/thx.2005.055699  
4. Mosen, D. M., Schatz, M., Magid, D. J., & Camargo, C. A. (2008). Inappropriate use of inhaled β-agonists: Association with poor clinical outcomes. Journal of Allergy and Clinical Immunology, 122(2), 409–413. https://doi.org/10.1016/j.jaci.2008.05.011  
"5. Suissa, S., Ernst, P., Benayoun, S., Baltzan, M., & Cai, B. (2000). Low-dose inhaled corticosteroids and the prevention of death from asthma. New England Journal of Medicine, 343(5), 332–336. https://doi.org/10.1056/NEJM200008033430504  """
"2025-06-14T19:14:52Z,""thread_3pI5ws3WgbZyumQnIUQZ5N4q"",""run_ICsBnRKywYnBXofhmNVWqM1o"",""assistant"",""1. Global Initiative for Asthma. (2023). Global strategy for asthma management and prevention. Retrieved from https://www.ginasthma.org  "
2. Fuhlbrigge, A. L., Adams, R. J., Guilbert, T. W., et al. (2010). The burden of asthma in the United States: Level and distribution are dependent on severity. American Journal of Respiratory and Critical Care Medicine, 181(4), 315-323. https://doi.org/10.1164/rccm.200907-1151OC  
3. Hekking, P. P. W., Wener, R. R., Amelink, M., et al. (2015). The prevalence of severe refractory asthma. Journal of Allergy and Clinical Immunology, 135(4), 896-902. https://doi.org/10.1016/j.jaci.2014.08.042  
4. British Thoracic Society/Scottish Intercollegiate Guidelines Network. (2019). British guideline on the management of asthma. Retrieved from https://www.brit-thoracic.org.uk  
"5. Aaron, S. D., Vandemheen, K. L., Boulet, L. P., et al. (2008). Overdiagnosis of asthma in obese and nonobese adults. CMAJ, 179(11), 1121-1131. https://doi.org/10.1503/cmaj.081332  """
"2025-06-14T19:15:00Z,""thread_MlrB7aj7PX9FywsikH2uNlNW"",""run_fXy2Fj6jccUPoe21el5e2V6J"",""assistant"",""1. British Thoracic Society. (2008). BTS/SIGN British guideline on the management of asthma. Thorax, 63(Suppl 4), iv1–iv121. https://doi.org/10.1136/thx.2008.097741  "
2. Haahtela, T., Tuomisto, L. E., Pietinalho, A., et al. (2006). A 10-year asthma programme in Finland: Major change for the better. Thorax, 61(8), 663–670. https://doi.org/10.1136/thx.2005.055699  
3. Abramson, M. J., Bailey, M., Couper, F. J., et al. (2001). Are asthma medications and management related to deaths from asthma? American Journal of Respiratory and Critical Care Medicine, 163(1), 12–18. https://doi.org/10.1164/ajrccm.163.1.2005094  
4. Suissa, S., Ernst, P., Benayoun, S., et al. (2000). Low-dose inhaled corticosteroids and the prevention of death from asthma. New England Journal of Medicine, 343(5), 332–336. https://doi.org/10.1056/NEJM200008033430504  
"5. Chung, K. F., Wenzel, S. E., Brozek, J. L., et al. (2014). International ERS/ATS guidelines on definition, evaluation, and treatment of severe asthma. European Respiratory Journal, 43(2), 343–373. https://doi.org/10.1183/09031936.00202013"""
"2025-06-14T19:15:09Z,""thread_kXpT8ZaTVifu3haeLgStCycy"",""run_4LxAQksp8Ouo5USGv9jba8RU"",""assistant"",""1. Lötvall, J., Ekerljung, L., Rönmark, E. P., Westman, M., & Lundbäck, B. (2011). Asthma in adults–is it as common as we think? BMC Pulmonary Medicine, 11(1), 12. https://doi.org/10.1186/1471-2466-11-12  "
2. Aaron, S. D., Vandemheen, K. L., FitzGerald, J. M., Ainslie, M., Gupta, S., Lemière, C., ... & Boulet, L. P. (2008). Overdiagnosis of asthma in obese and nonobese adults. Canadian Medical Association Journal, 179(11), 1121-1131. https://doi.org/10.1503/cmaj.081332  
3. Himes, B. E., & Weitzman, E. R. (2016). Innovations in health information technologies for chronic pulmonary diseases: Asthma and COPD. Academic Pediatrics, 16(4), 376-383. https://doi.org/10.1016/j.acap.2016.01.003  
4. Fuhlbrigge, A. L., Adams, R. J., Guilbert, T. W., Jackson, D. J., & Martinez, F. D. (2012). The burden of asthma in the United States: level and distribution are dependent on interpretation of the national asthma education and prevention program guidelines. The American Journal of Respiratory and Critical Care Medicine, 186(4), 325-332. https://doi.org/10.1164/rccm.201202-0352PP  
"5. Mosen, D. M., Schatz, M., Magid, D. J., & Camargo, C. A. (2008). The relationship between obesity and asthma severity and control in adults. The Journal of Allergy and Clinical Immunology, 122(3), 507-511. https://doi.org/10.1016/j.jaci.2008.07.009  """
"2025-06-14T19:15:18Z,""thread_8R69XFYLXArSqmm0NE34QXWf"",""run_raamXsSyfQUiWKNcRYuycZAi"",""assistant"",""1. Fanta, C. H., & Fletcher, S. W. (2009). Overprescribing of asthma medications: An emerging concern. *The New England Journal of Medicine, 360*(3), 301-302. https://doi.org/10.1056/NEJMe0809843"
2. Haahtela, T., Tuomisto, L. E., Pietinalho, A., & Klaukka, T. (2008). Asthma programme in Finland: A role model for Europe tackling overdiagnosis and overprescription. *European Respiratory Review, 17*(106), 150-159. https://doi.org/10.1183/09059180.00010608
3. Cabana, M. D., & Rand, C. S. (2008). Overprescription of inhaled corticosteroids for asthma: A critical review of practice patterns. *Journal of Allergy and Clinical Immunology, 121*(4), 847-856. https://doi.org/10.1016/j.jaci.2008.01.012
4. Douglass, J., & Aroni, R. (2009). Overprescription of asthma therapies: A qualitative study of prescribing behavior. *Journal of Asthma, 46*(8), 795-802. https://doi.org/10.3109/02770900903184299
"5. Global Initiative for Asthma (GINA). (2008). Asthma management and prevention: Addressing overprescription of medications. *GINA Report*. Retrieved from https://ginasthma.org"""
"2025-06-14T19:15:26Z,""thread_LpWiYQNZ7C3zYaCbvChzKcfx"",""run_6w8sdQDRHNm5Kga7pIeGpWsL"",""assistant"",""1. Fuhlbrigge, A. L., Adams, R. J., Guilbert, T. W., Grant, E., & Wechsler, M. E. (2010). The burden of asthma in the United States: Level and distribution are dependent on interpretation of """"current asthma"""". The American Journal of Respiratory and Critical Care Medicine, 181(4), 315–323. https://doi.org/10.1164/rccm.200907-1072OC  "
2. Lemanske, R. F., & Busse, W. W. (2010). Asthma: Clinical expression and molecular mechanisms. The Journal of Allergy and Clinical Immunology, 125(2 Suppl 2), S95–S102. https://doi.org/10.1016/j.jaci.2009.10.047  
3. Schaffer, S. D., & Yoon, S. C. (2009). Overprescription of asthma medications in adults and implications for practice. Journal of the American Academy of Nurse Practitioners, 21(7), 393–399. https://doi.org/10.1111/j.1745-7599.2009.00417.x  
4. Adams, N., Bestall, J. C., Malouf, R., Lasserson, T. J., & Jones, P. W. (2005). Inhaled corticosteroids for mild to moderate asthma: Systematic review and meta-analysis. The Cochrane Database of Systematic Reviews, (4), CD004913. https://doi.org/10.1002/14651858.CD004913.pub3  
"5. Suissa, S., Ernst, P., Benayoun, S., Baltzan, M., & Cai, B. (2000). Low-dose inhaled corticosteroids and the prevention of death from asthma. The New England Journal of Medicine, 343(5), 332–336. https://doi.org/10.1056/NEJM200008033430504  """
"2025-06-14T19:15:33Z,""thread_MJwAlE71M89V4QtCSrahBaFI"",""run_HszdfTHkg9GrZUqWS9HyERCy"",""assistant"",""1. Global Initiative for Asthma. (2008). Global strategy for asthma management and prevention. Retrieved from https://ginasthma.org  "
2. Fuhlbrigge, A. L., Adams, R. J., Guilbert, T. W., Grant, E., & Lozano, P. (2002). The burden of asthma in the United States: Level and distribution are dependent on impairment and risk. *American Journal of Respiratory and Critical Care Medicine, 166*(12), 1490-1494. https://doi.org/10.1164/rccm.200203-081OC  
3. British Thoracic Society & Scottish Intercollegiate Guidelines Network. (2009). British guideline on the management of asthma: A national clinical guideline. Retrieved from https://www.sign.ac.uk  
4. Haahtela, T., Tuomisto, L. E., Pietinalho, A., et al. (2006). A 10-year asthma programme in Finland: Major change for the better. *Thorax, 61*(8), 663-670. https://doi.org/10.1136/thx.2005.052272  
"5. Cazzola, M., Matera, M. G., & Rogliani, P. (2007). Monitoring asthma therapy: A review of inhaled corticosteroids. *Expert Opinion on Drug Safety, 6*(5), 547-560. https://doi.org/10.1517/14740338.6.5.547  """
"2025-06-14T19:15:42Z,""thread_L2iKtvnrYiRUl73IPphgQp4i"",""run_i33m567MpjQ4ZU5qEzfMfZ3c"",""assistant"",""1. British Thoracic Society & Scottish Intercollegiate Guidelines Network. (2008). British guideline on the management of asthma: A national clinical guideline. Retrieved from https://www.sign.ac.uk"
2. Haughney, J., Price, D., Kaplan, A., Chrystyn, H., Horne, R., May, N., & Moffat, M. (2008). Achieving asthma control in practice: Understanding the reasons for poor control. Respiratory Medicine, 102(12), 1681-1693. https://doi.org/10.1016/j.rmed.2008.09.022
3. Gamble, J., Stevenson, M., McClean, E., & Heaney, L. G. (2009). The prevalence of nonadherence in difficult asthma. American Journal of Respiratory and Critical Care Medicine, 180(9), 817-822. https://doi.org/10.1164/rccm.200902-0166OC
4. Adams, N., Bestall, J. C., Malouf, R., Lasserson, T. J., & Jones, P. W. (2008). Inhaled beclomethasone versus budesonide for chronic asthma. Cochrane Database of Systematic Reviews, 2008(3), CD004560. https://doi.org/10.1002/14651858.CD004560.pub2
"5. Ahmed, R., & Robinson, R. (2008). The epidemiology of asthma drug prescribing patterns in children. Pediatric Pulmonology, 43(4), 335-344. https://doi.org/10.1002/ppul.20777"""
"2025-06-14T19:15:49Z,""thread_SQ3SMwOZKLb3CltZP82dG2SH"",""run_Zg54Pfl4YvbScYoSPQM5kk3P"",""assistant"",""1. Global Initiative for Asthma. (2021). Global strategy for asthma management and prevention. Retrieved from https://ginasthma.org  "
2. Hekking, P. P., & Wener, R. R. (2015). Overdiagnosis and overtreatment of asthma in children. *Pediatric Pulmonology*, 50(8), 765–773. https://doi.org/10.1002/ppul.23057  
3. Braido, F., Baiardini, I., & Blasi, F. (2009). Adherence, asthma control, and exacerbations: Results from a longitudinal study. *Respiratory Medicine*, 103(2), 273–277. https://doi.org/10.1016/j.rmed.2008.08.017  
4. Price, D., Fletcher, M., van der Molen, T., & Williams, D. (2009). Asthma control and management in patients with mild asthma: Insights from epidemiological studies. *Allergy*, 64(12), 1756–1764. https://doi.org/10.1111/j.1398-9995.2009.02126.x  
"5. British Thoracic Society. (2016). BTS/SIGN British guideline on the management of asthma. *Thorax*, 71(6), 1–192. https://doi.org/10.1136/thoraxjnl-2016-209333"""
"2025-06-14T19:15:58Z,""thread_hcQ4G8wtDStvw2pOMYBdsxoB"",""run_HVV7h7tm2C4GkeXpqZsj4DfP"",""assistant"",""1. Cipriani, A., Zhou, X., Del Giovane, C., et al. (2018). Comparative efficacy and tolerability of antidepressants for major depressive disorder in children and adolescents: a network meta-analysis. *The Lancet, 391*(10129), 1357-1366. https://doi.org/10.1016/S0140-6736(18)30280-4  "
2. Weisz, J. R., McCarty, C. A., & Valeri, S. M. (2006). Effects of psychotherapy for depression in children and adolescents: A meta-analysis. *Psychological Bulletin, 132*(1), 132-149. https://doi.org/10.1037/0033-2909.132.1.132  
3. Olfson, M., Blanco, C., Wang, S., et al. (2014). National trends in the mental health care of children, adolescents, and adults by office-based physicians. *JAMA Psychiatry, 71*(1), 81-90. https://doi.org/10.1001/jamapsychiatry.2013.3074  
4. March, J. S., Silva, S. G., & Vitiello, B. (2006). The treatment for adolescents with depression study (TADS): Outcomes over 1 year of naturalistic follow-up. *American Journal of Psychiatry, 163*(7), 1179-1187. https://doi.org/10.1176/ajp.2006.163.7.1179  
"5. Costello, E. J., He, J. P., Sampson, N. A., et al. (2014). Services for adolescents with psychiatric disorders: 12-month data from the National Comorbidity Survey–Adolescent Supplement (NCS-A). *Journal of the American Academy of Child & Adolescent Psychiatry, 53*(8), 890-900. https://doi.org/10.1016/j.jaac.2014.05.014  """
"2025-06-14T19:16:09Z,""thread_fSX7j3ByC32YAG88P7XyTpdV"",""run_innRVKVS1QzVVefRmD0maniv"",""assistant"",""1. Cipriani, A., Furukawa, T. A., Salanti, G., Chaimani, A., Atkinson, L. Z., Ogawa, Y., ... & Geddes, J. R. (2018). Comparative efficacy and acceptability of 21 antidepressant drugs for the acute treatment of adults with major depressive disorder: a systematic review and network meta-analysis. *The Lancet*, *391*(10128), 1357-1366. https://doi.org/10.1016/S0140-6736(17)32802-7"
2. Cuijpers, P., Noma, H., Karyotaki, E., Cipriani, A., & Furukawa, T. A. (2019). Effectiveness and acceptability of cognitive behavior therapy delivery formats in adults with depression: A network meta-analysis. *JAMA Psychiatry*, *76*(7), 700-707. https://doi.org/10.1001/jamapsychiatry.2019.0268
3. March, J. S., Silva, S. G., Petrycki, S., Curry, J., Wells, K., Fairbank, J., ... & Severe, J. (2004). Fluoxetine, cognitive-behavioral therapy, and their combination for adolescents with depression: Treatment for Adolescents With Depression Study (TADS) randomized controlled trial. *JAMA*, *292*(7), 807-820. https://doi.org/10.1001/jama.292.7.807
4. Weisz, J. R., McCarty, C. A., & Valeri, S. M. (2006). Effects of psychotherapy for depression in children and adolescents: A meta-analysis. *Psychological Bulletin*, *132*(1), 132-149. https://doi.org/10.1037/0033-2909.132.1.132
"5. Gibbons, R. D., Hur, K., Brown, C. H., Marcus, S. M., Bhaumik, D. K., & Mann, J. J. (2012). Benefits from antidepressants: Synthesis of 6-week patient-level outcomes from double-blind placebo-controlled randomized trials of fluoxetine and venlafaxine. *Archives of General Psychiatry*, *69*(6), 572-579. https://doi.org/10.1001/archgenpsychiatry.2011.2044"""
"2025-06-14T19:16:18Z,""thread_y1UgR0TmeTC088GotHxg6rvL"",""run_ZqseQIQ4FilRvdc9vc6FUTAw"",""assistant"",""1. Cipriani, A., Zhou, X., Del Giovane, C., et al. (2018). Comparative efficacy and tolerability of antidepressants for major depressive disorder in children and adolescents: A network meta-analysis. *The Lancet*, 391(10129), 1357-1366. https://doi.org/10.1016/S0140-6736(18)30293-9  "
2. Cuijpers, P., Karyotaki, E., Weitz, E., Andersson, G., Hollon, S. D., & van Straten, A. (2014). The effects of psychotherapies for major depression in adults on remission, recovery and improvement: A meta-analysis. *Journal of Affective Disorders*, 159, 118-126. https://doi.org/10.1016/j.jad.2014.02.028  
3. March, J., Silva, S., Petrycki, S., et al. (2004). Fluoxetine, cognitive-behavioral therapy, and their combination for adolescents with depression: Treatment for Adolescents With Depression Study (TADS) randomized controlled trial. *JAMA*, 292(7), 807-820. https://doi.org/10.1001/jama.292.7.807  
4. Weisz, J. R., McCarty, C. A., & Valeri, S. M. (2006). Effects of psychotherapy for depression in children and adolescents: A meta-analysis. *Psychological Bulletin*, 132(1), 132-149. https://doi.org/10.1037/0033-2909.132.1.132  
"5. Gibbons, R. D., Hur, K., Brown, C. H., et al. (2012). Benefits from antidepressants: Synthesis of 6-week patient-level outcomes for antidepressant and placebo in major depressive disorder. *Archives of General Psychiatry*, 69(6), 572-579. https://doi.org/10.1001/archgenpsychiatry.2011.2044  """
"2025-06-14T19:16:26Z,""thread_EWYJahZQ2Mo0vGk0TiZNjTqg"",""run_jYLjnNLEpB8pYPuCuJSrAT3M"",""assistant"",""1. Cipriani, A., Zhou, X., Del Giovane, C., et al. (2018). Comparative efficacy and tolerability of antidepressants for major depressive disorder in children and adolescents: A network meta-analysis. *The Lancet*, *391*(10129), 1357-1366. https://doi.org/10.1016/S0140-6736(17)32944-2  "
2. Cuijpers, P., Karyotaki, E., Weitz, E., et al. (2014). The effects of psychotherapies for major depression in adults on remission, recovery and improvement: A meta-analysis. *Psychological Medicine*, *44*(17), 345-355. https://doi.org/10.1017/S0033291714000208  
3. Olfson, M., Blanco, C., Wang, S., et al. (2014). National trends in the mental health care of children, adolescents, and adults by office-based physicians. *JAMA Psychiatry*, *71*(1), 81-90. https://doi.org/10.1001/jamapsychiatry.2013.3074  
4. March, J., Silva, S., Petrycki, S., et al. (2004). Fluoxetine, cognitive-behavioral therapy, and their combination for adolescents with depression: Treatment for Adolescents With Depression Study (TADS) randomized controlled trial. *JAMA*, *292*(7), 807-820. https://doi.org/10.1001/jama.292.7.807  
"5. Weisz, J. R., McCarty, C. A., & Valeri, S. M. (2006). Effects of psychotherapy for depression in children and adolescents: A meta-analysis. *Psychological Bulletin*, *132*(1), 132-149. https://doi.org/10.1037/0033-2909.132.1.132  """
"2025-06-14T19:16:37Z,""thread_gJqL8iv0ChaOCioR9nmrGPXt"",""run_2w9RmuRWkwERqwx4bDpz9sx4"",""assistant"",""1. Cipriani, A., Zhou, X., Del Giovane, C., et al. (2018). Comparative efficacy and tolerability of antidepressants for major depressive disorder in children and adolescents: A network meta-analysis. *The Lancet*, 391(10128), 1357-1366. https://doi.org/10.1016/S0140-6736(17)32983-3  "
2. March, J., Silva, S., Petrycki, S., et al. (2004). Fluoxetine, cognitive-behavioral therapy, and their combination for adolescents with depression: Treatment for Adolescents with Depression Study (TADS) randomized controlled trial. *JAMA*, 292(7), 807-820. https://doi.org/10.1001/jama.292.7.807  
3. Weisz, J. R., McCarty, C. A., & Valeri, S. M. (2006). Effects of psychotherapy for depression in children and adolescents: A meta-analysis. *Psychological Bulletin*, 132(1), 132-149. https://doi.org/10.1037/0033-2909.132.1.132  
4. Olfson, M., Blanco, C., Wang, S., et al. (2014). National trends in the mental health care of children and adolescents. *New England Journal of Medicine*, 370(9), 855-865. https://doi.org/10.1056/NEJMsa1310515  
"5. Hetrick, S. E., Cox, G. R., Witt, K. G., et al. (2016). Cognitive behavioral therapy for depression in children and adolescents: A meta-analysis. *Psychological Medicine*, 46(11), 2177-2193. https://doi.org/10.1017/S0033291716000743  """
"2025-06-14T19:16:48Z,""thread_fYBWqK169flYiUv8Ky7BAQsp"",""run_e6yIGs7bcNKlBPbzXMLCxtaG"",""assistant"",""1. Cuijpers, P., Karyotaki, E., Weitz, E., Andersson, G., Hollon, S. D., & van Straten, A. (2014). The effects of psychotherapies for major depression in adults on remission, recovery and improvement: A meta‐analysis. Journal of Affective Disorders, 159, 118–126. https://doi.org/10.1016/j.jad.2014.02.028  "
2. Cipriani, A., Zhou, X., Del Giovane, C., et al. (2018). Comparative efficacy and acceptability of psychotherapies for depression in children and adolescents: A network meta-analysis. The Lancet Psychiatry, 5(7), 597–604. https://doi.org/10.1016/S2215-0366(18)30099-6  
3. Olfson, M., Blanco, C., Wang, S., Laje, G., & Correll, C. U. (2014). National trends in the mental health care of children, adolescents, and adults by office-based physicians. JAMA Psychiatry, 71(1), 81–90. https://doi.org/10.1001/jamapsychiatry.2013.3074  
4. March, J. S., Silva, S., Petrycki, S., et al. (2004). Fluoxetine, cognitive-behavioral therapy, and their combination for adolescents with depression: Treatment for Adolescents with Depression Study (TADS) randomized controlled trial. JAMA, 292(7), 807–820. https://doi.org/10.1001/jama.292.7.807  
"5. Weisz, J. R., McCarty, C. A., & Valeri, S. M. (2006). Effects of psychotherapy for depression in children and adolescents: A meta-analysis. Psychological Bulletin, 132(1), 132–149. https://doi.org/10.1037/0033-2909.132.1.132"""
"2025-06-14T19:16:57Z,""thread_PH1lmOZbPQmOpenln2vriBZb"",""run_ePhh2ZZp1gh7m2z3oPHxszwU"",""assistant"",""1. Cuijpers, P., Andersson, G., Donker, T., & van Straten, A. (2011). Psychological treatment of depression: Results of a series of meta-analyses. Nordic Journal of Psychiatry, 65(6), 354-364. https://doi.org/10.3109/08039488.2011.596570  "
2. Cipriani, A., Furukawa, T. A., Salanti, G., Chaimani, A., Atkinson, L. Z., Ogawa, Y., ... & Geddes, J. R. (2018). Comparative efficacy and acceptability of 21 antidepressant drugs for the acute treatment of adults with major depressive disorder: a systematic review and network meta-analysis. The Lancet, 391(10128), 1357-1366. https://doi.org/10.1016/S0140-6736(17)32802-7  
3. Weisz, J. R., McCarty, C. A., & Valeri, S. M. (2006). Effects of psychotherapy for depression in children and adolescents: A meta-analysis. Psychological Bulletin, 132(1), 132-149. https://doi.org/10.1037/0033-2909.132.1.132  
4. Olfson, M., Blanco, C., Wang, S., Laje, G., & Correll, C. U. (2014). National trends in the mental health care of children, adolescents, and adults by office-based physicians. JAMA Psychiatry, 71(1), 81-90. https://doi.org/10.1001/jamapsychiatry.2013.3074  
"5. March, J., Silva, S., Petrycki, S., Curry, J., Wells, K., Fairbank, J., ... & Severe, J. (2004). Fluoxetine, cognitive-behavioral therapy, and their combination for adolescents with depression: Treatment efficacy and safety. JAMA, 292(7), 807-820. https://doi.org/10.1001/jama.292.7.807  """
"2025-06-14T19:17:06Z,""thread_pqaH5HlC9RvKaZ5k76nunfrV"",""run_rycJVHomp5xlg3YKJgMpcC2B"",""assistant"",""1. Cipriani, A., Zhou, X., Del Giovane, C., et al. (2018). Comparative efficacy and acceptability of psychotherapies for depression in children and adolescents: A systematic review and network meta-analysis. *The Lancet Psychiatry, 5*(7), 597-604. https://doi.org/10.1016/S2215-0366(18)30185-5  "
2. Olfson, M., Blanco, C., Wang, S., et al. (2014). National trends in the mental health care of children, adolescents, and adults by office-based physicians. *JAMA Psychiatry, 71*(1), 81-90. https://doi.org/10.1001/jamapsychiatry.2013.3074  
3. Weisz, J. R., McCarty, C. A., & Valeri, S. M. (2006). Effects of psychotherapy for depression in children and adolescents: A meta-analysis. *Psychological Bulletin, 132*(1), 132-149. https://doi.org/10.1037/0033-2909.132.1.132  
4. March, J., Silva, S., Petrycki, S., et al. (2004). Fluoxetine, cognitive-behavioral therapy, and their combination for adolescents with depression: Treatment for Adolescents with Depression Study (TADS) randomized controlled trial. *JAMA, 292*(7), 807-820. https://doi.org/10.1001/jama.292.7.807  
"5. Leichsenring, F., & Rabung, S. (2008). Effectiveness of long-term psychodynamic psychotherapy: A meta-analysis. *JAMA, 300*(13), 1551-1565. https://doi.org/10.1001/jama.300.13.1551  """
"2025-06-14T19:17:15Z,""thread_0l5D0F04TACln8gIVOzLai9j"",""run_0p5nQw9nLzRXvc06ijXjT1wT"",""assistant"",""1. Cipriani, A., Zhou, X., Del Giovane, C., et al. (2018). Comparative efficacy and tolerability of antidepressants for major depressive disorder in children and adolescents: A network meta-analysis. *The Lancet Psychiatry, 5*(7), 597-604. https://doi.org/10.1016/S2215-0366(18)30203-7  "
2. Weisz, J. R., McCarty, C. A., & Valeri, S. M. (2006). Effects of psychotherapy for depression in children and adolescents: A meta-analysis. *Psychological Bulletin, 132*(1), 132-149. https://doi.org/10.1037/0033-2909.132.1.132  
3. Kirsch, I., & Saperstein, G. (2014). Do antidepressants work? A review of studies on the effectiveness of antidepressants for the treatment of depression. *Clinical Psychology Review, 34*(4), 311-320. https://doi.org/10.1016/j.cpr.2014.03.006  
4. March, J., Silva, S., Petrycki, S., et al. (2004). Fluoxetine, cognitive-behavioral therapy, and their combination for adolescents with depression: Treatment for Adolescents With Depression Study (TADS) randomized controlled trial. *JAMA, 292*(7), 807-820. https://doi.org/10.1001/jama.292.7.807  
"5. Hetrick, S. E., Cox, G. R., Witt, K. G., et al. (2016). Cognitive behavioral therapy (CBT), interpersonal therapy (IPT), and antidepressant medication for depression in children and adolescents. *Cochrane Database of Systematic Reviews, 2016*(8), CD012448. https://doi.org/10.1002/14651858.CD012448"""
"2025-06-14T19:17:24Z,""thread_yZspQag4XjtS8s0G7fFrfWWr"",""run_OA8PAkQ8ZihwIdmFJ2qOJlqg"",""assistant"",""1. Cipriani, A., Zhou, X., Del Giovane, C., et al. (2018). Comparative efficacy and tolerability of antidepressants for major depressive disorder in children and adolescents: A network meta-analysis. *Lancet*, *391*(10129), 1357–1366. https://doi.org/10.1016/S0140-6736(18)30275-2  "
2. Weisz, J. R., McCarty, C. A., & Valeri, S. M. (2006). Effects of psychotherapy for depression in children and adolescents: A meta-analysis. *Psychological Bulletin*, *132*(1), 132–149. https://doi.org/10.1037/0033-2909.132.1.132  
3. Olfson, M., Blanco, C., Wang, S., et al. (2014). National trends in the mental health care of children, adolescents, and adults by office-based physicians. *JAMA Psychiatry*, *71*(1), 81–90. https://doi.org/10.1001/jamapsychiatry.2013.3074  
4. March, J., Silva, S., Petrycki, S., et al. (2004). Fluoxetine, cognitive-behavioral therapy, and their combination for adolescents with depression: Treatment for Adolescents With Depression Study (TADS) randomized controlled trial. *JAMA*, *292*(7), 807–820. https://doi.org/10.1001/jama.292.7.807  
"5. Cuijpers, P., Andersson, G., Donker, T., & van Straten, A. (2011). Psychological treatment of depression: Results of a series of meta-analyses. *Nordic Journal of Psychiatry*, *65*(6), 354–364. https://doi.org/10.3109/08039488.2011.596570  """
"2025-06-14T19:17:32Z,""thread_VRBnTp7wh3r53aSooOJxjoqT"",""run_dgzfU0HKSz99OGBq62TvMO6p"",""assistant"",""1. Cipriani, A., Zhou, X., Del Giovane, C., et al. (2018). Comparative efficacy and acceptability of 21 antidepressant drugs for the acute treatment of adults with major depressive disorder: A systematic review and network meta-analysis. *The Lancet*, 391(10128), 1357-1366. https://doi.org/10.1016/S0140-6736(17)32802-7  "
2. Weisz, J. R., McCarty, C. A., & Valeri, S. M. (2006). Effects of psychotherapy for depression in children and adolescents: A meta-analysis. *Psychological Bulletin*, 132(1), 132-149. https://doi.org/10.1037/0033-2909.132.1.132  
3. Olfson, M., Blanco, C., Wang, S., Greenhill, L. L., & Shaffer, D. (2014). National trends in the mental health care of children, adolescents, and adults by office-based physicians. *JAMA Psychiatry*, 71(1), 81-90. https://doi.org/10.1001/jamapsychiatry.2013.3074  
4. March, J., Silva, S., Petrycki, S., et al. (2004). Fluoxetine, cognitive-behavioral therapy, and their combination for adolescents with depression: Treatment for Adolescents With Depression Study (TADS) randomized controlled trial. *JAMA*, 292(7), 807-820. https://doi.org/10.1001/jama.292.7.807  
"5. Kirsch, I., Deacon, B. J., Huedo-Medina, T. B., et al. (2008). Initial severity and antidepressant benefits: A meta-analysis of data submitted to the Food and Drug Administration. *PLOS Medicine*, 5(2), e45. https://doi.org/10.1371/journal.pmed.0050045"""
"2025-06-14T19:17:40Z,""thread_OFVTIfCq7eNjjA97ekabMIJc"",""run_VciOysnzwNg2WexlHOKCVfj0"",""assistant"",""1. Cipriani, A., Zhou, X., Del Giovane, C., et al. (2018). Comparative efficacy and acceptability of psychotherapies for depression in children and adolescents: a systematic review and network meta-analysis. *The Lancet Psychiatry, 5*(7), 597–604. https://doi.org/10.1016/S2215-0366(18)30185-5  "
2. Kirsch, I. (2019). Placebo effect in the treatment of depression and anxiety. *Frontiers in Psychiatry, 10*, 407. https://doi.org/10.3389/fpsyt.2019.00407  
3. Olfson, M., Blanco, C., Wang, S., et al. (2014). National trends in the mental health care of children and adolescents. *The New England Journal of Medicine, 370*(9), 855–865. https://doi.org/10.1056/NEJMsa1310513  
4. Weisz, J. R., McCarty, C. A., & Valeri, S. M. (2006). Effects of psychotherapy for depression in children and adolescents: A meta-analysis. *Psychological Bulletin, 132*(1), 132–149. https://doi.org/10.1037/0033-2909.132.1.132  
"5. March, J. S., Silva, S., Petrycki, S., et al. (2004). Fluoxetine, cognitive-behavioral therapy, and their combination for adolescents with depression: Treatment for Adolescents With Depression Study (TADS) randomized controlled trial. *JAMA, 292*(7), 807–820. https://doi.org/10.1001/jama.292.7.807  """
"2025-06-14T19:17:50Z,""thread_n7YhtH3szLWl54tCkC6I7DEs"",""run_g3BknJG8m9ggkZMGLeK67gqg"",""assistant"",""1. Cipriani, A., Zhou, X., Del Giovane, C., Hetrick, S. E., Qin, L., Whittington, C., ... & Geddes, J. R. (2016). Comparative efficacy and tolerability of antidepressants for major depressive disorder in children and adolescents: A network meta-analysis. *The Lancet*, *388*(10047), 881-890. https://doi.org/10.1016/S0140-6736(16)30385-3  "
2. Cuijpers, P., Karyotaki, E., Weitz, E., Andersson, G., Hollon, S. D., & van Straten, A. (2014). The effects of psychotherapies for major depression in adults on remission, recovery, and improvement: A meta-analysis. *Journal of Affective Disorders*, *159*, 118-126. https://doi.org/10.1016/j.jad.2014.02.026  
3. March, J., Silva, S., Petrycki, S., Curry, J., Wells, K., Fairbank, J., ... & Severe, J. (2004). The Treatment for Adolescents With Depression Study (TADS): Long-term effectiveness and safety outcomes. *Archives of General Psychiatry*, *61*(10), 1138-1147. https://doi.org/10.1001/archpsyc.61.10.1138  
4. Weisz, J. R., Kuppens, S., Ng, M. Y., Eckshtain, D., Ugueto, A. M., Vaughn-Coaxum, R., ... & Fordwood, S. R. (2017). What five decades of research tells us about the effects of youth psychological therapy: A meta-analytic review. *American Psychologist*, *72*(2), 79-117. https://doi.org/10.1037/a0040360  
"5. Hetrick, S. E., McKenzie, J. E., Cox, G. R., Simmons, M. B., & Merry, S. N. (2012). Newer generation antidepressants for depression in children and adolescents: A meta-analysis. *Cochrane Database of Systematic Reviews*, *11*, CD004851. https://doi.org/10.1002/14651858.CD004851.pub3  """
"2025-06-14T19:18:00Z,""thread_PolqkQwnniv80FlvZpe5n6x1"",""run_WmjgT9RZxSUz6LfUYpeUmf3r"",""assistant"",""1. Cipriani, A., Zhou, X., Del Giovane, C., et al. (2018). Comparative efficacy and tolerability of antidepressants for major depressive disorder in children and adolescents: A network meta-analysis. *The Lancet, 391*(10129), 1357-1366. https://doi.org/10.1016/S0140-6736(17)32922-8  "
2. Weisz, J. R., McCarty, C. A., & Valeri, S. M. (2006). Effects of psychotherapy for depression in children and adolescents: A meta-analysis. *Psychological Bulletin, 132*(1), 132-149. https://doi.org/10.1037/0033-2909.132.1.132  
3. March, J., Silva, S., & Vitiello, B. (2006). The Treatment for Adolescents with Depression Study (TADS): Outcomes over one year of naturalistic follow-up. *American Journal of Psychiatry, 163*(9), 1405-1413. https://doi.org/10.1176/ajp.2006.163.9.1405  
4. Olfson, M., Blanco, C., Wang, S., et al. (2014). National trends in the mental health care of children, adolescents, and adults by office-based physicians. *JAMA Psychiatry, 71*(1), 81-90. https://doi.org/10.1001/jamapsychiatry.2013.3074  
"5. Cuijpers, P., Karyotaki, E., Weitz, E., et al. (2016). The effects of psychotherapies for major depression in adults on remission, recovery, and improvement: A meta-analysis. *Journal of Affective Disorders, 210*(1), 267-276. https://doi.org/10.1016/j.jad.2016.12.036  """
"2025-06-14T19:18:10Z,""thread_hJ4KDn9FXcsGFbvyl4cPqFZF"",""run_VaItiTmepboTPpDXijGASUZA"",""assistant"",""1. Cipriani, A., Zhou, X., Del Giovane, C., et al. (2018). Comparative efficacy and acceptability of psychotherapies for depression in children and adolescents: A systematic review and network meta-analysis. *Lancet Psychiatry, 5*(7), 547-556. https://doi.org/10.1016/S2215-0366(18)30185-5  "
2. Weisz, J. R., McCarty, C. A., & Valeri, S. M. (2006). Effects of psychotherapy for depression in children and adolescents: A meta-analysis. *Psychological Bulletin, 132*(1), 132-149. https://doi.org/10.1037/0033-2909.132.1.132  
3. Mojtabai, R., & Olfson, M. (2014). National trends in the use of psychotropic medications by children and adolescents. *Journal of the American Academy of Child & Adolescent Psychiatry, 53*(1), 14-25. https://doi.org/10.1016/j.jaac.2013.10.006  
4. Hetrick, S. E., Cox, G. R., Witt, K. G., et al. (2016). Cognitive behavioral therapy for depression in children and adolescents: A systematic review and meta-analysis. *Cochrane Database of Systematic Reviews, 2016*(8), CD007297. https://doi.org/10.1002/14651858.CD007297.pub3  
"5. Lu, C. Y., & Kearney, A. (2018). Antidepressant use among children and adolescents: Epidemiology, prescribing trends, and safety. *Therapeutic Advances in Drug Safety, 9*(4), 199-210. https://doi.org/10.1177/2042098618756266  """
"2025-06-14T19:18:20Z,""thread_tCgMcMPpBfk3q6vKLq7238Lw"",""run_mZMn1G6QK6Qa1TA215Yperkb"",""assistant"",""1. Cipriani, A., Furukawa, T. A., Salanti, G., Chaimani, A., Atkinson, L. Z., Ogawa, Y., ... & Geddes, J. R. (2018). Comparative efficacy and acceptability of 21 antidepressant drugs for the acute treatment of adults with major depressive disorder: a systematic review and network meta-analysis. *The Lancet, 391*(10128), 1357-1366. https://doi.org/10.1016/S0140-6736(17)32802-7  "
2. Cuijpers, P., Karyotaki, E., Weitz, E., Andersson, G., Hollon, S. D., & van Straten, A. (2014). The effects of psychotherapies for major depression in adults on remission, recovery and improvement: A meta-analysis. *Journal of Affective Disorders, 159*, 118-126. https://doi.org/10.1016/j.jad.2014.02.026  
3. Olfson, M., Blanco, C., Wang, S., Laje, G., & Correll, C. U. (2014). National trends in the mental health care of children, adolescents, and adults by office-based physicians. *JAMA Psychiatry, 71*(1), 81-90. https://doi.org/10.1001/jamapsychiatry.2013.307  
4. March, J., & Vitiello, B. (2009). Clinical messages from the treatment for adolescents with depression study (TADS). *American Journal of Psychiatry, 166*(10), 1118-1123. https://doi.org/10.1176/appi.ajp.2009.09020186  
"5. Weisz, J. R., McCarty, C. A., & Valeri, S. M. (2006). Effects of psychotherapy for depression in children and adolescents: A meta-analysis. *Psychological Bulletin, 132*(1), 132-149. https://doi.org/10.1037/0033-2909.132.1.132  """
"2025-06-14T19:18:29Z,""thread_jhIHO7eZfS8fts1G9H7a5mJk"",""run_GALMbjMaq3l7vENkGRhIShXA"",""assistant"",""1. Cipriani, A., Zhou, X., Del Giovane, C., Hetrick, S. E., Qin, L., Whittington, C., ... & Furukawa, T. A. (2016). Comparative efficacy and tolerability of antidepressants for major depressive disorder in children and adolescents: a network meta-analysis. *The Lancet*, *388*(10047), 881-890. https://doi.org/10.1016/S0140-6736(16)30385-3  "
2. Weisz, J. R., McCarty, C. A., & Valeri, S. M. (2006). Effects of psychotherapy for depression in children and adolescents: A meta-analysis. *Psychological Bulletin*, *132*(1), 132-149. https://doi.org/10.1037/0033-2909.132.1.132  
3. March, J., Silva, S., Petrycki, S., Curry, J., Wells, K., Fairbank, J., ... & Severe, J. (2004). Fluoxetine, cognitive-behavioral therapy, and their combination for adolescents with depression: Treatment for Adolescents with Depression Study (TADS) randomized controlled trial. *JAMA*, *292*(7), 807-820. https://doi.org/10.1001/jama.292.7.807  
4. Hetrick, S. E., Cox, G. R., Witt, K. G., Bir, J. J., & Merry, S. N. (2016). Cognitive behavioural therapy (CBT), third-wave CBT and interpersonal therapy (IPT) for depression in children and adolescents. *Cochrane Database of Systematic Reviews*, (8), CD012384. https://doi.org/10.1002/14651858.CD012384  
"5. Olfson, M., Blanco, C., Wang, S., Laje, G., & Correll, C. U. (2014). National trends in the mental health care of children, adolescents, and adults by office-based physicians. *JAMA Psychiatry*, *71*(1), 81-90. https://doi.org/10.1001/jamapsychiatry.2013.307"""
"2025-06-14T19:18:38Z,""thread_YKzHTkO3ctnqVuWJCR2g0Rqv"",""run_vusLFjtU6uaEwaAVovd9AVt4"",""assistant"",""1. Cipriani, A., Furukawa, T. A., Salanti, G., Chaimani, A., Atkinson, L. Z., Ogawa, Y., ... & Geddes, J. R. (2018). Comparative efficacy and acceptability of 21 antidepressant drugs for the acute treatment of adults with major depressive disorder: a systematic review and network meta-analysis. *The Lancet*, *391*(10128), 1357-1366. https://doi.org/10.1016/S0140-6736(17)32802-7  "
2. Cuijpers, P., Karyotaki, E., Weitz, E., Andersson, G., Hollon, S. D., & van Straten, A. (2014). The effects of psychotherapies for major depression in adults on remission, recovery and improvement: A meta-analysis. *Journal of Affective Disorders*, *159*, 118-126. https://doi.org/10.1016/j.jad.2014.02.028  
3. March, J., Silva, S., Petrycki, S., Curry, J., Wells, K., Fairbank, J., ... & Severe, J. (2004). Fluoxetine, cognitive-behavioral therapy, and their combination for adolescents with depression: Treatment for Adolescents With Depression Study (TADS) randomized controlled trial. *JAMA*, *292*(7), 807-820. https://doi.org/10.1001/jama.292.7.807  
4. Weisz, J. R., McCarty, C. A., & Valeri, S. M. (2006). Effects of psychotherapy for depression in children and adolescents: A meta-analysis. *Psychological Bulletin*, *132*(1), 132-149. https://doi.org/10.1037/0033-2909.132.1.132  
"5. Olfson, M., Blanco, C., Wang, S., Laje, G., & Correll, C. U. (2014). National trends in the mental health care of children, adolescents, and adults by office-based physicians. *JAMA Psychiatry*, *71*(1), 81-90. https://doi.org/10.1001/jamapsychiatry.2013.307"""
"2025-06-14T19:18:48Z,""thread_vNjQ7ZbkfwIGGd50eCxILa7x"",""run_TMACYUekArFroPdnei4TxFqO"",""assistant"",""1. Cipriani, A., Zhou, X., Del Giovane, C., Hetrick, S. E., Qin, L., Whittington, C., ... & Geddes, J. R. (2016). Comparative efficacy and tolerability of antidepressants for major depressive disorder in children and adolescents: a network meta-analysis. *The Lancet*, *388*(10047), 881-890. https://doi.org/10.1016/S0140-6736(16)30385-3  "
2. Weisz, J. R., McCarty, C. A., & Valeri, S. M. (2006). Effects of psychotherapy for depression in children and adolescents: A meta-analysis. *Psychological Bulletin*, *132*(1), 132–149. https://doi.org/10.1037/0033-2909.132.1.132  
3. Olfson, M., Blanco, C., Wang, S., Laje, G., & Correll, C. U. (2014). National trends in the mental health care of children, adolescents, and adults by office-based physicians. *JAMA Psychiatry*, *71*(1), 81-90. https://doi.org/10.1001/jamapsychiatry.2013.307  
4. Hetrick, S. E., Cox, G. R., Witt, K. G., Bir, J. J., & Merry, S. N. (2016). Cognitive behavioral therapy (CBT), third-wave CBT, and interpersonal therapy (IPT) for depression in children and adolescents: A systematic review and meta-analysis. *Cochrane Database of Systematic Reviews*, (8), CD012384. https://doi.org/10.1002/14651858.CD012384  
"5. Mojtabai, R., & Olfson, M. (2014). National trends in the use of psychotropic medications by adolescents. *Journal of the American Academy of Child & Adolescent Psychiatry*, *53*(1), 14-24.e2. https://doi.org/10.1016/j.jaac.2013.10.006  """
"2025-06-14T19:18:56Z,""thread_vERHIhXZyTFom7V3JBkrO7t4"",""run_AsU4dDtQOhcr5AUb1GLWrobK"",""assistant"",""1. Cipriani, A., Zhou, X., Del Giovane, C., et al. (2018). Comparative efficacy and tolerability of antidepressants for major depressive disorder in children and adolescents: a network meta-analysis. *The Lancet, 391*(10129), 1357-1366. https://doi.org/10.1016/S0140-6736(17)32945-6  "
2. Cuijpers, P., Karyotaki, E., Weitz, E., Andersson, G., Hollon, S. D., & van Straten, A. (2014). The effects of psychotherapies for major depression in adults on remission, recovery and improvement: A meta-analysis. *Journal of Affective Disorders, 159*, 118–126. https://doi.org/10.1016/j.jad.2014.02.026  
3. March, J., Silva, S., Petrycki, S., et al. (2004). Fluoxetine, cognitive-behavioral therapy, and their combination for adolescents with depression: Treatment for Adolescents with Depression Study (TADS) randomized controlled trial. *JAMA, 292*(7), 807-820. https://doi.org/10.1001/jama.292.7.807  
4. Weisz, J. R., McCarty, C. A., & Valeri, S. M. (2006). Effects of psychotherapy for depression in children and adolescents: A meta-analysis. *Psychological Bulletin, 132*(1), 132–149. https://doi.org/10.1037/0033-2909.132.1.132  
"5. Olfson, M., Blanco, C., Wang, S., et al. (2014). National trends in the mental health care of children, adolescents, and adults by office-based physicians. *JAMA Psychiatry, 71*(1), 81-90. https://doi.org/10.1001/jamapsychiatry.2013.307"""
"2025-06-14T19:19:06Z,""thread_VPAeRH0oZGXohdThJHV5E2DL"",""run_xqigFeC8Lf3DwREgxCuAkwcq"",""assistant"",""1. Cipriani, A., Zhou, X., Del Giovane, C., et al. (2018). Comparative efficacy and tolerability of antidepressants for major depressive disorder in children and adolescents: a network meta-analysis. *The Lancet, 391*(10129), 1357-1366. https://doi.org/10.1016/S0140-6736(18)30278-2  "
2. Cuijpers, P., Karyotaki, E., Weitz, E., Andersson, G., Hollon, S. D., & van Straten, A. (2014). The effects of psychotherapies for major depression in adults on remission, recovery and improvement: A meta-analysis. *Journal of Affective Disorders, 159*, 118-126. https://doi.org/10.1016/j.jad.2014.02.026  
3. March, J., Silva, S., Petrycki, S., et al. (2004). Fluoxetine, cognitive-behavioral therapy, and their combination for adolescents with depression: Treatment for Adolescents With Depression Study (TADS) randomized controlled trial. *JAMA, 292*(7), 807-820. https://doi.org/10.1001/jama.292.7.807  
4. Weisz, J. R., McCarty, C. A., & Valeri, S. M. (2006). Effects of psychotherapy for depression in children and adolescents: A meta-analysis. *Psychological Bulletin, 132*(1), 132-149. https://doi.org/10.1037/0033-2909.132.1.132  
"5. Olfson, M., Blanco, C., Wang, S., Laje, G., & Correll, C. U. (2014). National trends in the mental health care of children, adolescents, and adults by office-based physicians. *JAMA Psychiatry, 71*(1), 81-90. https://doi.org/10.1001/jamapsychiatry.2013.307"""
"2025-06-14T19:19:16Z,""thread_bf7jEvaIygSFPAt9qYd1tnZB"",""run_4uW7XNI46P7GuM6gSl1L6nNM"",""assistant"",""1. Cipriani, A., Zhou, X., Del Giovane, C., Hetrick, S. E., Qin, L., Whittington, C., ... & Furukawa, T. A. (2016). Comparative efficacy and tolerability of antidepressants for major depressive disorder in children and adolescents: a network meta-analysis. *The Lancet, 388*(10047), 881-890. https://doi.org/10.1016/S0140-6736(16)30385-3  "
2. Weisz, J. R., McCarty, C. A., & Valeri, S. M. (2006). Effects of psychotherapy for depression in children and adolescents: A meta-analysis. *Psychological Bulletin, 132*(1), 132-149. https://doi.org/10.1037/0033-2909.132.1.132  
3. March, J., Silva, S., Petrycki, S., Curry, J., Wells, K., Fairbank, J., ... & Severe, J. (2004). Fluoxetine, cognitive-behavioral therapy, and their combination for adolescents with depression: Treatment for Adolescents with Depression Study (TADS) randomized controlled trial. *JAMA, 292*(7), 807-820. https://doi.org/10.1001/jama.292.7.807  
4. Garber, J., & Weersing, V. R. (2010). Comorbidity of anxiety and depression in youth: Implications for treatment and prevention. *Clinical Psychology: Science and Practice, 17*(4), 293-306. https://doi.org/10.1111/j.1468-2850.2010.01221.x  
"5. Olfson, M., Blanco, C., Wang, S., Greenhill, L. L., & Shaffer, D. (2014). Trends in office-based mental health care of children and adolescents in the United States. *Journal of the American Academy of Child & Adolescent Psychiatry, 53*(1), 14-23.e1. https://doi.org/10.1016/j.jaac.2013.09.020  """
"2025-06-14T19:19:26Z,""thread_xRUV191KAHvshqFTPdJWwJZ6"",""run_zi0ZqAHeLVIYuME72Cpc3zyG"",""assistant"",""1. Cipriani, A., Zhou, X., Del Giovane, C., et al. (2016). Comparative efficacy and tolerability of antidepressants for major depressive disorder in children and adolescents: A network meta-analysis. *The Lancet*, *388*(10047), 881-890. https://doi.org/10.1016/S0140-6736(16)30385-3  "
2. Cuijpers, P., Karyotaki, E., Weitz, E., Andersson, G., Hollon, S. D., & van Straten, A. (2014). The effects of psychotherapies for major depression in adults on remission, recovery and improvement: A meta-analysis. *Journal of Affective Disorders*, *159*, 118-126. https://doi.org/10.1016/j.jad.2014.02.028  
3. Lu, C. Y., & Zhang, F. (2019). Antidepressant use and risk of suicide: What is the evidence? *Current Opinion in Psychiatry*, *32*(4), 374-379. https://doi.org/10.1097/YCO.0000000000000519  
4. Weisz, J. R., McCarty, C. A., & Valeri, S. M. (2006). Effects of psychotherapy for depression in children and adolescents: A meta-analysis. *Psychological Bulletin*, *132*(1), 132-149. https://doi.org/10.1037/0033-2909.132.1.132  
"5. Olfson, M., Blanco, C., Wang, S., Laje, G., & Correll, C. U. (2014). National trends in the mental health care of children, adolescents, and adults by office-based physicians. *JAMA Psychiatry*, *71*(1), 81-90. https://doi.org/10.1001/jamapsychiatry.2013.307"""
"2025-06-14T19:19:36Z,""thread_EnTuDh1BrluvivUDQdn2VSkT"",""run_V0dSQoHAzZbudHRCwurcPCTl"",""assistant"",""1. Cipriani, A., Furukawa, T. A., Salanti, G., Chaimani, A., Atkinson, L. Z., Ogawa, Y., ... & Geddes, J. R. (2018). Comparative efficacy and acceptability of 21 antidepressant drugs for the acute treatment of adults with major depressive disorder: a systematic review and network meta-analysis. *The Lancet*, *391*(10128), 1357-1366. https://doi.org/10.1016/S0140-6736(17)32802-7  "
2. Cuijpers, P., Karyotaki, E., Weitz, E., Andersson, G., Hollon, S. D., & van Straten, A. (2014). The effects of psychotherapies for major depression in adults on remission, recovery and improvement: A meta-analysis. *Journal of Affective Disorders*, *159*, 118-126. https://doi.org/10.1016/j.jad.2014.02.028  
3. Hetrick, S. E., McKenzie, J. E., Cox, G. R., Simmons, M. B., & Merry, S. N. (2012). Newer generation antidepressants for depression in children and adolescents: a network meta-analysis. *Cochrane Database of Systematic Reviews*, (11), CD004851. https://doi.org/10.1002/14651858.CD004851.pub3  
4. March, J., Silva, S., Petrycki, S., Curry, J., Wells, K., Fairbank, J., ... & Treatment for Adolescents with Depression Study (TADS) Team. (2004). Fluoxetine, cognitive-behavioral therapy, and their combination for adolescents with depression: Treatment for Adolescents with Depression Study (TADS) randomized controlled trial. *JAMA*, *292*(7), 807-820. https://doi.org/10.1001/jama.292.7.807  
"5. Weisz, J. R., McCarty, C. A., & Valeri, S. M. (2006). Effects of psychotherapy for depression in children and adolescents: A meta-analysis. *Psychological Bulletin*, *132*(1), 132-149. https://doi.org/10.1037/0033-2909.132.1.132  """
"2025-06-14T19:19:45Z,""thread_VD1gYT4sB3EE0rObXkX4tQTm"",""run_vXwoZpFslnXxsPr6tJnRmADU"",""assistant"",""1. Cipriani, A., Zhou, X., Del Giovane, C., et al. (2018). Comparative efficacy and tolerability of antidepressants for major depressive disorder in children and adolescents: A network meta-analysis. *The Lancet, 391*(10129), 1357–1366. https://doi.org/10.1016/S0140-6736(17)32941-1"
2. Cuijpers, P., Karyotaki, E., Weitz, E., Andersson, G., Hollon, S. D., & van Straten, A. (2014). The effects of psychotherapies for major depression in adults on remission, recovery and improvement: A meta-analysis. *Journal of Affective Disorders, 159*, 118–126. https://doi.org/10.1016/j.jad.2014.02.026
3. Weisz, J. R., McCarty, C. A., & Valeri, S. M. (2006). Effects of psychotherapy for depression in children and adolescents: A meta-analysis. *Psychological Bulletin, 132*(1), 132–149. https://doi.org/10.1037/0033-2909.132.1.132
4. Olfson, M., Blanco, C., Wang, S., Laje, G., & Correll, C. U. (2014). National trends in the mental health care of children, adolescents, and adults by office-based physicians. *JAMA Psychiatry, 71*(1), 81–90. https://doi.org/10.1001/jamapsychiatry.2013.3074
"5. March, J., Silva, S., Petrycki, S., et al. (2004). Fluoxetine, cognitive-behavioral therapy, and their combination for adolescents with depression: Treatment for Adolescents With Depression Study (TADS) randomized controlled trial. *JAMA, 292*(7), 807–820. https://doi.org/10.1001/jama.292.7.807"""
"2025-06-14T19:19:55Z,""thread_UPgMnxqalfjcEsUtZmWNmh2k"",""run_CJwTZkiwJoGjpa58pZ70WpkR"",""assistant"",""1. Cipriani, A., Zhou, X., Del Giovane, C., Hetrick, S. E., Qin, L., Whittington, C., ... & Geddes, J. R. (2016). Comparative efficacy and tolerability of antidepressants for major depressive disorder in children and adolescents: A network meta-analysis. *The Lancet*, *388*(10047), 881-890. https://doi.org/10.1016/S0140-6736(16)30385-3  "
2. March, J., Silva, S., Petrycki, S., Curry, J., Wells, K., Fairbank, J., ... & Severe, J. (2004). Fluoxetine, cognitive-behavioral therapy, and their combination for adolescents with depression: Treatment for Adolescents With Depression Study (TADS) randomized controlled trial. *JAMA*, *292*(7), 807-820. https://doi.org/10.1001/jama.292.7.807  
3. Weisz, J. R., McCarty, C. A., & Valeri, S. M. (2006). Effects of psychotherapy for depression in children and adolescents: A meta-analysis. *Psychological Bulletin*, *132*(1), 132-149. https://doi.org/10.1037/0033-2909.132.1.132  
4. Olfson, M., Blanco, C., Wang, S., Laje, G., & Correll, C. U. (2014). National trends in the mental health care of children, adolescents, and adults by office-based physicians. *JAMA Psychiatry*, *71*(1), 81-90. https://doi.org/10.1001/jamapsychiatry.2013.3074  
"5. Cuijpers, P., Karyotaki, E., Weitz, E., Andersson, G., Hollon, S. D., & van Straten, A. (2014). The effects of psychotherapies for major depression in adults on remission, recovery and improvement: A meta-analysis. *Journal of Affective Disorders*, *159*, 118-126. https://doi.org/10.1016/j.jad.2014.02.028  """
"2025-06-14T19:20:05Z,""thread_pN9qHrVry53URzfAiLlzSbdO"",""run_tvS2wLhx64A1YRoqi0vo2FrK"",""assistant"",""1. Cipriani, A., Zhou, X., Del Giovane, C., et al. (2018). Comparative efficacy and tolerability of antidepressants for major depressive disorder in children and adolescents: A network meta-analysis. *The Lancet, 391*(10129), 1357–1366. https://doi.org/10.1016/S0140-6736(17)32931-5  "
2. Cuijpers, P., Karyotaki, E., Weitz, E., Andersson, G., Hollon, S. D., & van Straten, A. (2014). The effects of psychotherapies for major depression in adults on remission, recovery and improvement: A meta-analysis. *Journal of Affective Disorders, 159*, 118–126. https://doi.org/10.1016/j.jad.2014.02.026  
3. March, J., Silva, S., Petrycki, S., Curry, J., Wells, K., Fairbank, J., et al. (2004). Fluoxetine, cognitive-behavioral therapy, and their combination for adolescents with depression: Treatment for Adolescents with Depression Study (TADS) randomized controlled trial. *JAMA, 292*(7), 807–820. https://doi.org/10.1001/jama.292.7.807  
4. Weisz, J. R., McCarty, C. A., & Valeri, S. M. (2006). Effects of psychotherapy for depression in children and adolescents: A meta-analysis. *Psychological Bulletin, 132*(1), 132–149. https://doi.org/10.1037/0033-2909.132.1.132  
"5. Olfson, M., Blanco, C., Wang, S., Laje, G., & Correll, C. U. (2014). National trends in the mental health care of children, adolescents, and adults by office-based physicians. *JAMA Psychiatry, 71*(1), 81–90. https://doi.org/10.1001/jamapsychiatry.2013.307"""
"2025-06-14T19:20:16Z,""thread_fNsqTbVu7ByYndWZG0b5tEaj"",""run_bS3HlwljiSM3wyIc27blqi9D"",""assistant"",""1. Cipriani, A., Zhou, X., Del Giovane, C., et al. (2018). Comparative efficacy and tolerability of antidepressants for major depressive disorder in children and adolescents: A network meta-analysis. *The Lancet Psychiatry, 5*(7), 581-591. https://doi.org/10.1016/S2215-0366(18)30203-3  "
2. Cuijpers, P., Karyotaki, E., Weitz, E., et al. (2014). The effects of psychotherapies for major depression in adults on remission, recovery and improvement: A meta-analysis. *Journal of Affective Disorders, 159*, 118-126. https://doi.org/10.1016/j.jad.2014.02.026  
3. Olfson, M., Blanco, C., Wang, S., et al. (2014). Trends in office-based mental health care provided by psychiatrists and primary care physicians. *The Journal of Clinical Psychiatry, 75*(3), 247-253. https://doi.org/10.4088/JCP.13m08834  
4. March, J., Silva, S., Petrycki, S., et al. (2004). Fluoxetine, cognitive-behavioral therapy, and their combination for adolescents with depression: Treatment for Adolescents With Depression Study (TADS) randomized controlled trial. *JAMA, 292*(7), 807-820. https://doi.org/10.1001/jama.292.7.807  
"5. Weisz, J. R., McCarty, C. A., & Valeri, S. M. (2006). Effects of psychotherapy for depression in children and adolescents: A meta-analysis. *Psychological Bulletin, 132*(1), 132-149. https://doi.org/10.1037/0033-2909.132.1.132  """
"2025-06-14T19:20:25Z,""thread_IZaKhVXe3cWjbs5C5o3vntGp"",""run_whf9VcWKXjE58FaXral2SeT0"",""assistant"",""1. Cipriani, A., Zhou, X., Del Giovane, C., et al. (2018). Comparative efficacy and tolerability of antidepressants for major depressive disorder in children and adolescents: A network meta-analysis. *The Lancet Psychiatry, 5*(7), 477-486. https://doi.org/10.1016/S2215-0366(18)30096-5  "
2. Weisz, J. R., McCarty, C. A., & Valeri, S. M. (2006). Effects of psychotherapy for depression in children and adolescents: A meta-analysis. *Psychological Bulletin, 132*(1), 132-149. https://doi.org/10.1037/0033-2909.132.1.132  
3. Olfson, M., Blanco, C., Wang, S., et al. (2014). National trends in the mental health care of children, adolescents, and adults by office-based physicians. *JAMA Psychiatry, 71*(1), 81-90. https://doi.org/10.1001/jamapsychiatry.2013.3074  
4. March, J., Silva, S., Petrycki, S., et al. (2004). Fluoxetine, cognitive-behavioral therapy, and their combination for adolescents with depression: Treatment for Adolescents with Depression Study (TADS) randomized controlled trial. *JAMA, 292*(7), 807-820. https://doi.org/10.1001/jama.292.7.807  
"5. Kirsch, I., Deacon, B. J., Huedo-Medina, T. B., et al. (2008). Initial severity and antidepressant benefits: A meta-analysis of data submitted to the Food and Drug Administration. *PLoS Medicine, 5*(2), e45. https://doi.org/10.1371/journal.pmed.0050045  """
"2025-06-14T19:20:34Z,""thread_4rO6D60p2Ew6IOojapabBGlR"",""run_MpxBZ3tuFyt1fH8Q6gfSjz6u"",""assistant"",""1. Cipriani, A., Zhou, X., Del Giovane, C., Hetrick, S. E., Qin, L., Whittington, C., ... & Geddes, J. R. (2016). Comparative efficacy and tolerability of antidepressants for major depressive disorder in children and adolescents: A network meta-analysis. *The Lancet*, *388*(10047), 881-890. https://doi.org/10.1016/S0140-6736(16)30385-3"
2. March, J., Silva, S., Petrycki, S., Curry, J., Wells, K., Fairbank, J., ... & Severe, J. (2004). Fluoxetine, cognitive-behavioral therapy, and their combination for adolescents with depression: Treatment for Adolescents With Depression Study (TADS) randomized controlled trial. *JAMA*, *292*(7), 807-820. https://doi.org/10.1001/jama.292.7.807
3. Weisz, J. R., McCarty, C. A., & Valeri, S. M. (2006). Effects of psychotherapy for depression in children and adolescents: A meta-analysis. *Psychological Bulletin*, *132*(1), 132-149. https://doi.org/10.1037/0033-2909.132.1.132
4. Hetrick, S. E., Cox, G. R., Witt, K. G., Bir, J. J., & Merry, S. N. (2016). Cognitive behavioral therapy (CBT), behavioral therapy (BT), and interpersonal psychotherapy (IPT) for depression in adolescents and children. *Cochrane Database of Systematic Reviews*, (8), CD007770. https://doi.org/10.1002/14651858.CD007770.pub3
"5. Olfson, M., Blanco, C., Wang, S., Laje, G., & Correll, C. U. (2014). National trends in the mental health care of children, adolescents, and adults by office-based physicians. *JAMA Psychiatry*, *71*(1), 81-90. https://doi.org/10.1001/jamapsychiatry.2013.307"""
"2025-06-14T19:20:43Z,""thread_5M0VTWznWp3O5T7qMNKqWBt4"",""run_sCMej2lSepBxsG1Hc06Lcf0m"",""assistant"",""1. Cipriani, A., Barbui, C., Brambilla, P., Furukawa, T. A., & Hotopf, M. (2006). Are antidepressants effective in the acute treatment of child and adolescent depression? A meta-analysis. Journal of Child Psychology and Psychiatry, 47(5), 501-510. https://doi.org/10.1111/j.1469-7610.2005.01553.x  "
2. Cuijpers, P., Karyotaki, E., Weitz, E., Andersson, G., Hollon, S. D., & van Straten, A. (2014). The effects of psychotherapies for major depression in adults on remission, recovery, and improvement: A meta-analysis. Journal of Affective Disorders, 159, 118-126. https://doi.org/10.1016/j.jad.2014.02.028  
3. March, J. S., Silva, S., Petrycki, S., Curry, J., Wells, K., Fairbank, J., ... & Severe, J. (2004). Fluoxetine, cognitive-behavioral therapy, and their combination for adolescents with depression: Treatment for Adolescents with Depression Study (TADS) randomized controlled trial. JAMA, 292(7), 807-820. https://doi.org/10.1001/jama.292.7.807  
4. Weisz, J. R., McCarty, C. A., & Valeri, S. M. (2006). Effects of psychotherapy for depression in children and adolescents: A meta-analysis. Psychological Bulletin, 132(1), 132-149. https://doi.org/10.1037/0033-2909.132.1.132  
"5. Olfson, M., Blanco, C., Wang, S., Laje, G., & Correll, C. U. (2014). National trends in the mental health care of children, adolescents, and adults by office-based physicians. JAMA Psychiatry, 71(1), 81-90. https://doi.org/10.1001/jamapsychiatry.2013.307"""
"2025-06-14T19:20:54Z,""thread_HjrWDR0xMAdjkGCDXDSTlneS"",""run_zy2Yr6pgooObAvEcCY4yryZk"",""assistant"",""1. Cipriani, A., Zhou, X., Del Giovane, C., et al. (2016). Comparative efficacy and tolerability of antidepressants for major depressive disorder in adults: A network meta-analysis. The Lancet, 388(10047), 881-890. https://doi.org/10.1016/S0140-6736(16)30385-7  "
2. Cuijpers, P., Karyotaki, E., Weitz, E., Andersson, G., & Hollon, S. D. (2014). The effects of psychotherapies for major depression in adults on remission, recovery, and improvement: A meta-analysis. Journal of Affective Disorders, 159, 118-126. https://doi.org/10.1016/j.jad.2014.02.028  
3. Weisz, J. R., McCarty, C. A., & Valeri, S. M. (2006). Effects of psychotherapy for depression in children and adolescents: A meta-analysis. Psychological Bulletin, 132(1), 132-149. https://doi.org/10.1037/0033-2909.132.1.132  
4. Fournier, J. C., DeRubeis, R. J., Hollon, S. D., et al. (2010). Antidepressant drug effects and depression severity: A patient-level meta-analysis. JAMA, 303(1), 47-53. https://doi.org/10.1001/jama.2009.1943  
"5. Olfson, M., Blanco, C., Wang, S., Laje, G., & Correll, C. U. (2014). National trends in the mental health care of children, adolescents, and adults by office-based physicians. JAMA Psychiatry, 71(1), 81-90. https://doi.org/10.1001/jamapsychiatry.2013.307"""
"2025-06-14T19:21:04Z,""thread_TCmj6vd1aAdQPXwGFKQTd9Id"",""run_KZ8rPCNHfel2zKQL3IOmhWdM"",""assistant"",""1. Cipriani, A., Zhou, X., Del Giovane, C., Hetrick, S. E., Qin, L., Whittington, C., ... & Geddes, J. R. (2016). Comparative efficacy and tolerability of antidepressants for major depressive disorder in children and adolescents: A network meta-analysis. *The Lancet*, *388*(10047), 881-890. https://doi.org/10.1016/S0140-6736(16)30385-3  "
2. Cuijpers, P., Karyotaki, E., Weitz, E., Andersson, G., Hollon, S. D., & van Straten, A. (2014). The effects of psychotherapies for major depression in adults on remission, recovery, and improvement: A meta-analysis. *Journal of Affective Disorders*, *159*, 118-126. https://doi.org/10.1016/j.jad.2014.02.026  
3. Lu, C. Y., Zhang, F., Lakoma, M. D., Madden, J. M., Rusinak, D., Penfold, R. B., & Soumerai, S. B. (2014). Changes in antidepressant use by young people and suicidal behavior after FDA warnings and media coverage: Quasi-experimental study. *BMJ*, *348*, g3596. https://doi.org/10.1136/bmj.g3596  
4. Weisz, J. R., Kuppens, S., Ng, M. Y., Eckshtain, D., Ugueto, A. M., Vaughn-Coaxum, R., ... & Fordwood, S. R. (2017). What five decades of research tells us about psychotherapy effectiveness for youth depression: A multilevel meta-analysis. *Psychological Bulletin*, *143*(9), 929-971. https://doi.org/10.1037/bul0000113  
"5. Fournier, J. C., DeRubeis, R. J., Hollon, S. D., Dimidjian, S., Amsterdam, J. D., Shelton, R. C., & Fawcett, J. (2010). Antidepressant drug effects and depression severity: A patient-level meta-analysis. *JAMA*, *303*(1), 47-53. https://doi.org/10.1001/jama.2009.1943  """
"2025-06-14T19:21:14Z,""thread_YUrwjnQSWnNPFXCJ30IY67Lg"",""run_xIFnCkQROxDDyThcteV0BzzG"",""assistant"",""1. Cipriani, A., Zhou, X., Del Giovane, C., Hetrick, S. E., Qin, L., Whittington, C., ... & Furukawa, T. A. (2016). Comparative efficacy and tolerability of antidepressants for major depressive disorder in children and adolescents: a network meta-analysis. *The Lancet*, *388*(10047), 881-890. https://doi.org/10.1016/S0140-6736(16)30385-3  "
2. Weisz, J. R., McCarty, C. A., & Valeri, S. M. (2006). Effects of psychotherapy for depression in children and adolescents: A meta-analysis. *Psychological Bulletin*, *132*(1), 132-149. https://doi.org/10.1037/0033-2909.132.1.132  
3. Olfson, M., Blanco, C., Wang, S., Laje, G., & Correll, C. U. (2014). National trends in the mental health care of children, adolescents, and adults by office-based physicians. *JAMA Psychiatry*, *71*(1), 81-90. https://doi.org/10.1001/jamapsychiatry.2013.3074  
4. March, J., Silva, S., Petrycki, S., Curry, J., Wells, K., Fairbank, J., ... & Severe, J. (2004). Fluoxetine, cognitive-behavioral therapy, and their combination for adolescents with depression: Treatment for Adolescents With Depression Study (TADS) randomized controlled trial. *JAMA*, *292*(7), 807-820. https://doi.org/10.1001/jama.292.7.807  
"5. Gibbons, R. D., Hur, K., Bhaumik, D. K., & Mann, J. J. (2005). The relationship between antidepressant prescription rates and rate of early adolescent suicide. *The American Journal of Psychiatry*, *162*(9), 1898-1904. https://doi.org/10.1176/appi.ajp.162.9.1898  """
"2025-06-14T19:21:23Z,""thread_iHgg4SnWtlrOR9M0dwvmfFx9"",""run_KkgXJpSF6qOe1eSog9aQGHZb"",""assistant"",""1. Cipriani, A., Zhou, X., Del Giovane, C., et al. (2018). Comparative efficacy and tolerability of antidepressants for major depressive disorder in children and adolescents: A network meta-analysis. *The Lancet Psychiatry, 5*(7), 553–562. https://doi.org/10.1016/S2215-0366(18)30275-2  "
2. Cuijpers, P., Karyotaki, E., Weitz, E., et al. (2014). The effects of psychotherapy for adult depression are overestimated: A meta-analysis of study quality and effect size. *Psychological Medicine, 44*(13), 2675–2686. https://doi.org/10.1017/S0033291714000453  
3. March, J., Silva, S., Petrycki, S., et al. (2004). Fluoxetine, cognitive-behavioral therapy, and their combination for adolescents with depression: Treatment for Adolescents with Depression Study (TADS) randomized controlled trial. *JAMA, 292*(7), 807–820. https://doi.org/10.1001/jama.292.7.807  
4. Weisz, J. R., McCarty, C. A., & Valeri, S. M. (2006). Effects of psychotherapy for depression in children and adolescents: A meta-analysis. *Psychological Bulletin, 132*(1), 132–149. https://doi.org/10.1037/0033-2909.132.1.132  
"5. Olfson, M., Blanco, C., Wang, S., et al. (2014). National trends in the mental health care of children, adolescents, and adults by office-based physicians. *JAMA Psychiatry, 71*(1), 81–90. https://doi.org/10.1001/jamapsychiatry.2013.307"""
"2025-06-14T19:21:31Z,""thread_YfgoESGMhnV9mo1iUbLnLhHn"",""run_0N6zcfkA85CMKDBNaPsVNu1p"",""assistant"",""1. Cipriani, A., Zhou, X., Del Giovane, C., Hetrick, S. E., Qin, L., Whittington, C., ... & Geddes, J. R. (2016). Comparative efficacy and tolerability of antidepressants for major depressive disorder in children and adolescents: A network meta-analysis. *The Lancet*, *388*(10047), 881-890. https://doi.org/10.1016/S0140-6736(16)30385-3  "
2. Weisz, J. R., McCarty, C. A., & Valeri, S. M. (2006). Effects of psychotherapy for depression in children and adolescents: A meta-analysis. *Psychological Bulletin*, *132*(1), 132–149. https://doi.org/10.1037/0033-2909.132.1.132  
3. Fournier, J. C., DeRubeis, R. J., Hollon, S. D., Dimidjian, S., Amsterdam, J. D., Shelton, R. C., & Fawcett, J. (2010). Antidepressant drug effects and depression severity: A patient-level meta-analysis. *JAMA*, *303*(1), 47-53. https://doi.org/10.1001/jama.2009.1943  
4. Lu, C. Y., & Roughead, E. E. (2012). New antidepressants in children and adolescents: Evidence from randomized controlled trials. *Frontiers in Psychiatry*, *3*, 22. https://doi.org/10.3389/fpsyt.2012.00022  
"5. Cuijpers, P., Karyotaki, E., Weitz, E., Andersson, G., Hollon, S. D., & van Straten, A. (2014). The effects of psychotherapies for major depression in adults on remission, recovery and improvement: A meta-analysis. *Journal of Affective Disorders*, *159*, 118-126. https://doi.org/10.1016/j.jad.2014.02.028  """
"2025-06-14T19:21:41Z,""thread_VYipzwLvuS18tIzCxeNCNwWe"",""run_uEsPMMzLsXyhhe4KQ5dGRmyF"",""assistant"",""1. Cipriani, A., Zhou, X., Del Giovane, C., Hetrick, S. E., Qin, B., Whittington, C., ... & Geddes, J. R. (2016). Comparative efficacy and tolerability of antidepressants for major depressive disorder in children and adolescents: A network meta-analysis. *The Lancet, 388*(10047), 881-890. https://doi.org/10.1016/S0140-6736(16)30385-3"
2. March, J., Silva, S., Petrycki, S., Curry, J., Wells, K., Fairbank, J., ... & Severe, J. (2004). Fluoxetine, cognitive-behavioral therapy, and their combination for adolescents with depression: Treatment for Adolescents With Depression Study (TADS) randomized controlled trial. *JAMA, 292*(7), 807-820. https://doi.org/10.1001/jama.292.7.807
3. Weisz, J. R., McCarty, C. A., & Valeri, S. M. (2006). Effects of psychotherapy for depression in children and adolescents: A meta-analysis. *Psychological Bulletin, 132*(1), 132–149. https://doi.org/10.1037/0033-2909.132.1.132
4. Hetrick, S. E., Cox, G. R., Witt, K. G., Bir, J. J., & Merry, S. N. (2016). Cognitive behavioral therapy (CBT), third‐wave CBT and interpersonal therapy (IPT) based interventions for preventing depression in children and adolescents. *Cochrane Database of Systematic Reviews, 2016*(8), CD003380. https://doi.org/10.1002/14651858.CD003380.pub4
"5. Olfson, M., Blanco, C., Wang, S., Laje, G., & Correll, C. U. (2014). National trends in the mental health care of children, adolescents, and adults by office-based physicians. *JAMA Psychiatry, 71*(1), 81-90. https://doi.org/10.1001/jamapsychiatry.2013.307"""
"2025-06-14T19:21:50Z,""thread_hQY5AnFX8oiuCh7LlXPAcdsL"",""run_DJ7sp7EKCmaqioSiHXInnWIM"",""assistant"",""1. Cuijpers, P., Karyotaki, E., Weitz, E., Andersson, G., Hollon, S. D., & van Straten, A. (2014). The effects of psychotherapies for major depression in adults on remission, recovery and improvement: A meta-analysis. Journal of Affective Disorders, 159, 118–126. https://doi.org/10.1016/j.jad.2014.02.028  "
2. Olfson, M., Blanco, C., Wang, S., Laje, G., & Correll, C. U. (2014). National trends in the mental health care of children, adolescents, and adults by office-based physicians. JAMA Psychiatry, 71(1), 81–90. https://doi.org/10.1001/jamapsychiatry.2013.3074  
3. Cipriani, A., Zhou, X., Del Giovane, C., et al. (2016). Comparative efficacy and tolerability of antidepressants for major depressive disorder in children and adolescents: A network meta-analysis. The Lancet, 388(10047), 881–890. https://doi.org/10.1016/S0140-6736(16)30385-3  
4. Weisz, J. R., McCarty, C. A., & Valeri, S. M. (2006). Effects of psychotherapy for depression in children and adolescents: A meta-analysis. Psychological Bulletin, 132(1), 132–149. https://doi.org/10.1037/0033-2909.132.1.132  
"5. March, J. S., Silva, S., Petrycki, S., et al. (2004). Fluoxetine, cognitive-behavioral therapy, and their combination for adolescents with depression: Treatment for Adolescents With Depression Study (TADS) randomized controlled trial. JAMA, 292(7), 807–820. https://doi.org/10.1001/jama.292.7.807  """
"2025-06-14T19:21:59Z,""thread_NkjBii08HDoaA6suQlErUvNU"",""run_lMcEy530uZBmhFDmkmf4gdlY"",""assistant"",""1. Cuijpers, P., Karyotaki, E., Weitz, E., Andersson, G., Hollon, S. D., & van Straten, A. (2014). The effects of psychotherapies for major depression in adults on remission, recovery and improvement: A meta-analysis. Journal of Affective Disorders, 159, 118-126. https://doi.org/10.1016/j.jad.2014.02.026  "
2. Cipriani, A., Zhou, X., Del Giovane, C., Hetrick, S. E., Qin, B., Whittington, C., ... & Furukawa, T. A. (2016). Comparative efficacy and tolerability of antidepressants for major depressive disorder in children and adolescents: A network meta-analysis. The Lancet, 388(10047), 881-890. https://doi.org/10.1016/S0140-6736(16)30385-3  
3. Weisz, J. R., McCarty, C. A., & Valeri, S. M. (2006). Effects of psychotherapy for depression in children and adolescents: A meta-analysis. Psychological Bulletin, 132(1), 132-149. https://doi.org/10.1037/0033-2909.132.1.132  
4. Olfson, M., Blanco, C., Wang, S., Laje, G., & Correll, C. U. (2014). National trends in the mental health care of children, adolescents, and adults by office-based physicians. JAMA Psychiatry, 71(1), 81-90. https://doi.org/10.1001/jamapsychiatry.2013.3074  
"5. March, J., Silva, S., Petrycki, S., Curry, J., Wells, K., Fairbank, J., ... & Severe, J. (2004). Fluoxetine, cognitive-behavioral therapy, and their combination for adolescents with depression: Treatment for Adolescents With Depression Study (TADS) randomized controlled trial. JAMA, 292(7), 807-820. https://doi.org/10.1001/jama.292.7.807  """
"2025-06-14T19:22:08Z,""thread_oLXNAW8GAZj7j7JsJxSHdshb"",""run_tZjLcsf04F9G2dVddsjdrP69"",""assistant"",""1. Cipriani, A., Zhou, X., Del Giovane, C., Hetrick, S. E., Qin, L., Whittington, C., ... & Furukawa, T. A. (2016). Comparative efficacy and tolerability of antidepressants for major depressive disorder in children and adolescents: a network meta-analysis. *The Lancet*, *388*(10047), 881-890. https://doi.org/10.1016/S0140-6736(16)30385-3  "
2. Weisz, J. R., McCarty, C. A., & Valeri, S. M. (2006). Effects of psychotherapy for depression in children and adolescents: A meta-analysis. *Psychological Bulletin*, *132*(1), 132–149. https://doi.org/10.1037/0033-2909.132.1.132  
3. Olfson, M., Blanco, C., Wang, S., Laje, G., & Correll, C. U. (2014). National trends in the mental health care of children, adolescents, and adults by office-based physicians. *JAMA Psychiatry*, *71*(1), 81-90. https://doi.org/10.1001/jamapsychiatry.2013.3074  
4. March, J., Silva, S., Petrycki, S., Curry, J., Wells, K., Fairbank, J., ... & Severe, J. (2004). Fluoxetine, cognitive-behavioral therapy, and their combination for adolescents with depression: Treatment for Adolescents With Depression Study (TADS) randomized controlled trial. *JAMA*, *292*(7), 807–820. https://doi.org/10.1001/jama.292.7.807  
"5. Gibbons, R. D., Hur, K., Bhaumik, D. K., & Mann, J. J. (2005). The relationship between antidepressant prescription rates and rate of early adolescent suicide. *American Journal of Psychiatry*, *162*(9), 1898–1904. https://doi.org/10.1176/appi.ajp.162.9.1898  """
"2025-06-14T19:22:17Z,""thread_IeydVB6HJMzvK0BxF8HGfWtu"",""run_9mNHlESpF0v9MvGoIkDn9q0M"",""assistant"",""1. Cuijpers, P., Andersson, G., Donker, T., & van Straten, A. (2011). Psychological treatment of depression: Results of a series of meta-analyses. Nordic Journal of Psychiatry, 65(6), 354-364. https://doi.org/10.3109/08039488.2011.596570  "
2. Cipriani, A., Zhou, X., Del Giovane, C., et al. (2018). Comparative efficacy and acceptability of psychotherapies for depression in children and adolescents: A systematic review and network meta-analysis. The Lancet Psychiatry, 5(7), 597-604. https://doi.org/10.1016/S2215-0366(18)30185-5  
3. Olfson, M., Blanco, C., Wang, S., Laje, G., & Correll, C. U. (2014). National trends in the mental health care of children, adolescents, and adults by office-based physicians. JAMA Psychiatry, 71(1), 81-90. https://doi.org/10.1001/jamapsychiatry.2013.3074  
4. Weisz, J. R., McCarty, C. A., & Valeri, S. M. (2006). Effects of psychotherapy for depression in children and adolescents: A meta-analysis. Psychological Bulletin, 132(1), 132-149. https://doi.org/10.1037/0033-2909.132.1.132  
"5. Davey, C. G., Chanen, A. M., & Hetrick, S. E. (2020). The increased use of antidepressant medication in young people: A call for improved understanding of associated risks. Australian & New Zealand Journal of Psychiatry, 54(1), 99-101. https://doi.org/10.1177/0004867419881161  """
"2025-06-14T19:22:25Z,""thread_EIHQRG7EykOFVXpWwhRimuAs"",""run_iz30kBob7YfgOi5sYNc4OvB8"",""assistant"",""1. Cipriani, A., Zhou, X., Del Giovane, C., et al. (2018). Comparative efficacy and tolerability of antidepressants for major depressive disorder in children and adolescents: A network meta-analysis. *The Lancet Psychiatry, 5*(7), 597-604. https://doi.org/10.1016/S2215-0366(18)30203-1  "
2. Weisz, J. R., McCarty, C. A., & Valeri, S. M. (2006). Effects of psychotherapy for depression in children and adolescents: A meta-analysis. *Psychological Bulletin, 132*(1), 132-149. https://doi.org/10.1037/0033-2909.132.1.132  
3. March, J., Silva, S., Petrycki, S., et al. (2004). Fluoxetine, cognitive-behavioral therapy, and their combination for adolescents with depression: Treatment for Adolescents With Depression Study (TADS) randomized controlled trial. *JAMA, 292*(7), 807-820. https://doi.org/10.1001/jama.292.7.807  
4. Olfson, M., Blanco, C., Wang, S., et al. (2014). National trends in the mental health care of children, adolescents, and adults by office-based physicians. *JAMA Psychiatry, 71*(1), 81-90. https://doi.org/10.1001/jamapsychiatry.2013.307  
"5. Cuijpers, P., Karyotaki, E., Weitz, E., et al. (2014). The effects of psychotherapies for major depression in adults on remission, recovery and improvement: A meta-analysis. *Journal of Affective Disorders, 159,* 118-126. https://doi.org/10.1016/j.jad.2014.02.026  """
"2025-06-14T19:22:34Z,""thread_R6r1ddrrXHZ9Fm2NvRA85fvA"",""run_YvMUkcd1iMAL21thUxArVkx0"",""assistant"",""1. Cipriani, A., Zhou, X., Del Giovane, C., et al. (2016). Comparative efficacy and tolerability of antidepressants for major depressive disorder in children and adolescents: A network meta-analysis. *The Lancet*, *388*(10047), 881-890. https://doi.org/10.1016/S0140-6736(16)30385-3  "
2. Weisz, J. R., McCarty, C. A., & Valeri, S. M. (2006). Effects of psychotherapy for depression in children and adolescents: A meta-analysis. *Psychological Bulletin*, *132*(1), 132-149. https://doi.org/10.1037/0033-2909.132.1.132  
3. March, J., Silva, S., Petrycki, S., et al. (2004). Fluoxetine, cognitive-behavioral therapy, and their combination for adolescents with depression: Treatment for Adolescents with Depression Study (TADS) randomized controlled trial. *JAMA*, *292*(7), 807-820. https://doi.org/10.1001/jama.292.7.807  
4. Olfson, M., Blanco, C., Wang, S., et al. (2014). National trends in the mental health care of children, adolescents, and adults by office-based physicians. *JAMA Psychiatry*, *71*(1), 81-90. https://doi.org/10.1001/jamapsychiatry.2013.3074  
"5. Hetrick, S. E., McKenzie, J. E., Cox, G. R., et al. (2012). Newer generation antidepressants for depressive disorders in children and adolescents. *Cochrane Database of Systematic Reviews*, *11*, CD004851. https://doi.org/10.1002/14651858.CD004851.pub3  """
"2025-06-14T19:22:43Z,""thread_x63g6PpQPlCx9FqX1eRISaic"",""run_LqxNACme7aqxgNGuMRJnPtuw"",""assistant"",""1. Cipriani, A., Barbui, C., & Geddes, J. R. (2011). Comparing antidepressants in a network meta-analysis. Epidemiology and Psychiatric Sciences, 20(2), 123–125. https://doi.org/10.1017/S2045796011000417  "
2. Cuijpers, P., Andersson, G., Donker, T., & van Straten, A. (2011). Psychological treatment of depression: Results of a series of meta-analyses. Nordic Journal of Psychiatry, 65(6), 354–364. https://doi.org/10.3109/08039488.2011.596570  
3. Kirsch, I., & Sapirstein, G. (1998). Listening to Prozac but hearing placebo: A meta-analysis of antidepressant medication. Prevention & Treatment, 1(2), Article 00002a. https://doi.org/10.1037/1522-3736.1.2.12a  
4. Hollon, S. D., Thase, M. E., & Markowitz, J. C. (2002). Treatment and prevention of depression. Psychological Science in the Public Interest, 3(2), 39–77. https://doi.org/10.1111/1529-1006.00008  
"5. March, J., Silva, S., Petrycki, S., Curry, J., Wells, K., Fairbank, J., … & Severe, J. (2004). Fluoxetine, cognitive-behavioral therapy, and their combination for adolescents with depression: Treatment for Adolescents with Depression Study (TADS) randomized controlled trial. JAMA, 292(7), 807–820. https://doi.org/10.1001/jama.292.7.807  """
"2025-06-14T19:22:52Z,""thread_gndG82W4ApdRU58dV245rLKF"",""run_Sr0qSxJNOkJyIhn3TlCVrPMx"",""assistant"",""1. Cipriani, A., Furukawa, T. A., Salanti, G., Chaimani, A., Atkinson, L. Z., Ogawa, Y., ... & Geddes, J. R. (2018). Comparative efficacy and acceptability of 21 antidepressant drugs for the acute treatment of adults with major depressive disorder: a systematic review and network meta-analysis. *The Lancet, 391*(10128), 1357-1366. https://doi.org/10.1016/S0140-6736(17)32802-7  "
2. Cuijpers, P., Karyotaki, E., Weitz, E., Andersson, G., Hollon, S. D., & van Straten, A. (2014). The effects of psychotherapies for major depression in adults on remission, recovery and improvement: A meta-analysis. *Journal of Affective Disorders, 159*, 118-126. https://doi.org/10.1016/j.jad.2014.02.026  
3. March, J. S., Silva, S., Petrycki, S., Curry, J., Wells, K., Fairbank, J., ... & Severe, J. (2004). Fluoxetine, cognitive-behavioral therapy, and their combination for adolescents with depression: Treatment for Adolescents With Depression Study (TADS) randomized controlled trial. *JAMA, 292*(7), 807-820. https://doi.org/10.1001/jama.292.7.807  
4. Weisz, J. R., McCarty, C. A., & Valeri, S. M. (2006). Effects of psychotherapy for depression in children and adolescents: A meta-analysis. *Psychological Bulletin, 132*(1), 132-149. https://doi.org/10.1037/0033-2909.132.1.132  
"5. Olfson, M., Blanco, C., Wang, S., Laje, G., & Correll, C. U. (2014). National trends in the mental health care of children, adolescents, and adults by office-based physicians. *JAMA Psychiatry, 71*(1), 81-90. https://doi.org/10.1001/jamapsychiatry.2013.307"""
"2025-06-14T19:23:01Z,""thread_k0RhodhrHeXIKewXXXbnH9UU"",""run_URjMFkPzN412ONCUXmVy1qOi"",""assistant"",""1. Olfson, M., Blanco, C., Wang, S., Laje, G., & Correll, C. U. (2014). National trends in the mental health care of children, adolescents, and adults by office-based physicians. JAMA Psychiatry, 71(1), 81-90. https://doi.org/10.1001/jamapsychiatry.2013.3074  "
2. Crystal, S., Olfson, M., Huang, C., Pincus, H., & Gerhard, T. (2009). Broadened use of atypical antipsychotics: Safety, effectiveness, and policy challenges. Health Affairs, 28(5), w770-w781. https://doi.org/10.1377/hlthaff.28.5.w770  
3. Comer, J. S., Olfson, M., & Mojtabai, R. (2010). National trends in child and adolescent psychotropic polypharmacy in office-based practice, 1996–2007. Journal of the American Academy of Child & Adolescent Psychiatry, 49(10), 1001-1010. https://doi.org/10.1016/j.jaac.2010.07.007  
4. Alexander, G. C., Gallagher, S. A., Mascola, A., Moloney, R. M., & Stafford, R. S. (2011). Increasing off-label use of antipsychotic medications in children and adolescents: A call for improved monitoring. Health Affairs, 30(5), 789-796. https://doi.org/10.1377/hlthaff.2010.1028  
"5. McKinney, C., Renk, K., & Smith, T. (2011). A review of the use of antipsychotic medications in children and adolescents. Clinical Psychology Review, 31(7), 1027-1041. https://doi.org/10.1016/j.cpr.2011.05.001  """
"2025-06-14T19:23:10Z,""thread_v4vCXlh8bY63oKKyMOgELKXn"",""run_lmPtKAFHxwn6SiKhr1lplQgT"",""assistant"",""1. Comer, J. S., & Olfson, M. (2010). Trends in child and adolescent psychotropic medication use. *Psychiatric Services, 61*(9), 829–836. https://doi.org/10.1176/ps.2010.61.9.829  "
2. Zito, J. M., Safer, D. J., Berg, L. T., et al. (2008). A three-country comparison of psychotropic medication prevalence in youth. *Child and Adolescent Psychiatry and Mental Health, 2*(1), 26. https://doi.org/10.1186/1753-2000-2-26  
3. Olfson, M., Blanco, C., Wang, S., et al. (2014). National trends in the mental health care of children, adolescents, and adults by office-based physicians. *JAMA Psychiatry, 71*(1), 81–90. https://doi.org/10.1001/jamapsychiatry.2013.3074  
4. Crystal, S., Olfson, M., Huang, C., et al. (2009). Broadened use of atypical antipsychotics: Safety, effectiveness, and policy challenges. *Health Affairs, 28*(5), w770–w781. https://doi.org/10.1377/hlthaff.28.5.w770  
"5. Alexander, G. C., & Gallagher, S. A. (2010). Trends in antipsychotic use among children and adolescents. *Pharmacoepidemiology and Drug Safety, 19*(3), 234–240. https://doi.org/10.1002/pds.1926"""
"2025-06-14T19:23:20Z,""thread_TpTCPvYGUXGOQmTNEFVgypia"",""run_CWgC1mu6IeTrwa2ErSA0qK13"",""assistant"",""1. Olfson, M., Blanco, C., Wang, S., Laje, G., & Correll, C. U. (2014). National trends in the mental health care of children, adolescents, and adults by office-based physicians. *JAMA Psychiatry, 71*(1), 81–90. https://doi.org/10.1001/jamapsychiatry.2013.3074  "
2. Comer, J. S., & Olfson, M. (2010). Trends in child and adolescent mental health care: Increasing use of psychotropic medications. *Journal of the American Academy of Child & Adolescent Psychiatry, 49*(12), 1245–1253. https://doi.org/10.1016/j.jaac.2010.08.013  
3. Matone, M., Localio, R., Huang, Y. S., DosReis, S., Feudtner, C., & Rubin, D. M. (2012). The relationship between county-level psychiatric hospital bed capacity and child and adolescent mental health service use. *Medical Care, 50*(6), 496–501. https://doi.org/10.1097/MLR.0b013e31824ebd5f  
4. Crystal, S., Olfson, M., Huang, C., Pincus, H., & Gerhard, T. (2009). Broadened use of atypical antipsychotics: Safety, effectiveness, and policy challenges. *Health Affairs, 28*(5), w770–w781. https://doi.org/10.1377/hlthaff.28.5.w770  
"5. Cooper, W. O., Arbogast, P. G., Ding, H., Hickson, G. B., Fuchs, D. C., & Ray, W. A. (2006). Trends in prescribing of antipsychotic medications for children. *Ambulatory Pediatrics, 6*(2), 79–84. https://doi.org/10.1016/j.ambp.2005.10.002  """
"2025-06-14T19:23:40Z,""thread_uGzWOBE4cTUENVWDszQ0ZJZz"",""run_7JdyaEmSGyUEFFWambqANxYM"",""assistant"",""1. Olfson, M., Blanco, C., Wang, S., Laje, G., & Correll, C. U. (2014). National trends in the mental health care of children, adolescents, and adults by office-based physicians. *JAMA Psychiatry*, 71(1), 81-90. https://doi.org/10.1001/jamapsychiatry.2013.3074  "
2. Cooper, W. O., Hickson, G. B., Fuchs, C., & Arbogast, P. G. (2004). New users of antipsychotic medications among children enrolled in TennCare. *Archives of Pediatrics & Adolescent Medicine*, 158(8), 753-759. https://doi.org/10.1001/archpedi.158.8.753  
3. Crystal, S., Olfson, M., Huang, C., Pincus, H., & Gerhard, T. (2009). Broadened use of atypical antipsychotics: Safety, effectiveness, and policy challenges. *Health Affairs*, 28(5), 770-781. https://doi.org/10.1377/hlthaff.28.5.w770  
4. Zito, J. M., Derivan, A. T., & Safer, D. J. (2008). Psychotropic medication patterns among youth in foster care: A 50-state analysis. *Journal of Child and Adolescent Psychopharmacology*, 18(2), 217-227. https://doi.org/10.1089/cap.2007.0134  
"5. Comer, J. S., & Olfson, M. (2010). Trends in child and adolescent psychotropic medication use. *Psychiatric Services*, 61(9), 829-833. https://doi.org/10.1176/ps.2010.61.9.829  """
"2025-06-14T19:23:49Z,""thread_qB8sKttYNvGi4Sb6Jz88dVdc"",""run_qTBWD6iHTNeBe03IBJAqt9ZR"",""assistant"",""1. Olfson, M., Blanco, C., Wang, S., Laje, G., & Correll, C. U. (2014). National trends in the mental health care of children, adolescents, and adults by office-based physicians. JAMA Psychiatry, 71(1), 81-90. https://doi.org/10.1001/jamapsychiatry.2013.3074"
2. Comer, J. S., & Olfson, M. (2010). Trends in child and adolescent psychotherapy and psychotropic medication use across the United States. Journal of the American Academy of Child & Adolescent Psychiatry, 49(9), 858-861. https://doi.org/10.1016/j.jaac.2010.05.017
3. Zito, J. M., Safer, D. J., Berg, L. T., et al. (2008). A three-country comparison of psychotropic medication prevalence in youth. Child and Adolescent Psychiatry and Mental Health, 2(1), 26. https://doi.org/10.1186/1753-2000-2-26
4. Crystal, S., Olfson, M., Huang, C., Pincus, H. A., & Gerhard, T. (2009). Broadened use of atypical antipsychotics: Safety, effectiveness, and policy challenges. Health Affairs, 28(5), 770-781. https://doi.org/10.1377/hlthaff.28.5.w770
"5. Cooper, W. O., Hickson, G. B., Fuchs, C., Arbogast, P. G., et al. (2004). New users of antipsychotic medications among children enrolled in TennCare. Archives of Pediatrics & Adolescent Medicine, 158(8), 753-759. https://doi.org/10.1001/archpedi.158.8.753"""
"2025-06-14T19:24:00Z,""thread_e9tLCXERnQwGwYOukKZ5rd6N"",""run_jYCvXYxRNiAK1ZlY6tyFzg8W"",""assistant"",""1. Olfson, M., Blanco, C., Wang, S., Laje, G., & Correll, C. U. (2014). National trends in the mental health care of children, adolescents, and adults by office-based physicians. *JAMA Psychiatry*, 71(1), 81–90. https://doi.org/10.1001/jamapsychiatry.2013.3074  "
2. Comer, J. S., Olfson, M., Mojtabai, R., & Mechanic, D. (2010). National trends in child and adolescent psychotropic polypharmacy in office-based practice, 1996-2007. *Journal of the American Academy of Child & Adolescent Psychiatry*, 49(10), 1001–1010. https://doi.org/10.1016/j.jaac.2010.07.007  
3. Zito, J. M., Safer, D. J., Berg, L. T., Janhsen, K., Fegert, J. M., & Gardner, J. F. (2008). A three-country comparison of psychotropic medication prevalence in youth. *Child and Adolescent Psychiatry and Mental Health*, 2(1), 1–11. https://doi.org/10.1186/1753-2000-2-1  
4. Crystal, S., Olfson, M., Huang, C., Pincus, H., & Gerhard, T. (2009). Broadened use of atypical antipsychotics: Safety, effectiveness, and policy challenges. *Health Affairs*, 28(5), 770–781. https://doi.org/10.1377/hlthaff.28.5.w770  
"5. Safer, D. J., & Zito, J. M. (2006). Pharmacoepidemiology of psychiatric disorders in youth. *Journal of Nervous and Mental Disease*, 194(8), 561–567. https://doi.org/10.1097/01.nmd.0000230398.07099.b2  """
"2025-06-14T19:24:10Z,""thread_TrAZ6PNGEUrFoJiNkMxoqh1g"",""run_IJayvAs8ubjuxl8DE8CSoOP4"",""assistant"",""1. Olfson, M., Blanco, C., Wang, S., Laje, G., & Correll, C. U. (2014). National trends in the mental health care of children, adolescents, and adults by office-based physicians. JAMA Psychiatry, 71(1), 81–90. https://doi.org/10.1001/jamapsychiatry.2013.3074  "
2. Cooper, W. O., Hickson, G. B., Fuchs, C., Arbogast, P. G., & Ray, W. A. (2004). New users of antipsychotic medications among children enrolled in TennCare. Archives of Pediatrics & Adolescent Medicine, 158(8), 753–759. https://doi.org/10.1001/archpedi.158.8.753  
3. Crystal, S., Olfson, M., Huang, C., Pincus, H. A., & Gerhard, T. (2009). Broadened use of atypical antipsychotics: Safety, effectiveness, and policy challenges. Health Affairs, 28(5), w770–w781. https://doi.org/10.1377/hlthaff.28.5.w770  
4. Comer, J. S., Olfson, M., & Mojtabai, R. (2010). National trends in child and adolescent psychotropic polypharmacy in office-based practice, 1996–2007. Journal of the American Academy of Child & Adolescent Psychiatry, 49(10), 1001–1010. https://doi.org/10.1016/j.jaac.2010.07.007  
"5. Zito, J. M., Safer, D. J., de Jong-van den Berg, L. T., Janhsen, K., Fegert, J. M., Gardner, J. F., ... & Vander Stichele, R. H. (2008). A three-country comparison of psychotropic medication prevalence in youth. Child and Adolescent Psychiatry and Mental Health, 2(1), 26. https://doi.org/10.1186/1753-2000-2-26  """
"2025-06-14T19:24:20Z,""thread_mIJQpudVaBiz8glC0sVvSZA8"",""run_KQiPy89Us7nhKFgOjiym7nVH"",""assistant"",""1. Olfson, M., Blanco, C., Wang, S., Laje, G., & Correll, C. U. (2014). National trends in the mental health care of children, adolescents, and adults by office-based physicians. *JAMA Psychiatry*, *71*(1), 81–90. https://doi.org/10.1001/jamapsychiatry.2013.3074  "
2. Comer, J. S., Olfson, M., Mojtabai, R., & Blanco, C. (2010). National trends in the use of psychotropic medications by children. *Journal of the American Academy of Child & Adolescent Psychiatry*, *49*(10), 1001–1010. https://doi.org/10.1016/j.jaac.2010.07.007  
3. Zito, J. M., Safer, D. J., deMartinez, M., Gardner, J. F., Soeken, K., Boles, M., & Lynch, F. (2003). Psychotropic practice patterns for youth: A 10-year perspective. *Archives of Pediatrics & Adolescent Medicine*, *157*(1), 17–25. https://doi.org/10.1001/archpedi.157.1.17  
4. Crystal, S., Olfson, M., Huang, C., Pincus, H. A., & Gerhard, T. (2009). Broadened use of atypical antipsychotics: Safety, effectiveness, and policy challenges. *Health Affairs*, *28*(5), w770–w781. https://doi.org/10.1377/hlthaff.28.5.w770  
"5. Alexander, G. C., & Zito, J. M. (2009). Pediatric psychotropic drug prescribing trends. *Archives of Pediatrics & Adolescent Medicine*, *163*(1), 14–20. https://doi.org/10.1001/archpediatrics.2008.525  """
"2025-06-14T19:24:29Z,""thread_7qZuhVdbukJAG2NC4b5hpyZl"",""run_Z4lmL1xIC2VueOnyxtyMM3dD"",""assistant"",""1. Olfson, M., Blanco, C., Wang, S., Laje, G., & Correll, C. U. (2014). National trends in the mental health care of children, adolescents, and adults by office-based physicians. *JAMA Psychiatry, 71*(1), 81-90. https://doi.org/10.1001/jamapsychiatry.2013.3074  "
2. Matone, M., Localio, R., Huang, Y. S., Dosreis, S., Feudtner, C., & Rubin, D. M. (2012). The relationship between county-level psychiatric medication use and child welfare caseloads in the United States. *Children and Youth Services Review, 34*(9), 1806-1808. https://doi.org/10.1016/j.childyouth.2012.05.003  
3. Cooper, W. O., Hickson, G. B., Fuchs, C., Arbogast, P. G., & Ray, W. A. (2004). New users of antipsychotic medications among children enrolled in TennCare. *Archives of Pediatrics & Adolescent Medicine, 158*(8), 753-759. https://doi.org/10.1001/archpedi.158.8.753  
4. Zito, J. M., Safer, D. J., de Jong-van den Berg, L. T., et al. (2008). A three-country comparison of psychotropic medication prevalence in youth. *Child and Adolescent Psychiatry and Mental Health, 2*(1), 26. https://doi.org/10.1186/1753-2000-2-26  
"5. Crystal, S., Olfson, M., Huang, C., Pincus, H. A., & Gerhard, T. (2009). Broadened use of atypical antipsychotics: Safety, effectiveness, and policy challenges. *Health Affairs, 28*(5), 770-781. https://doi.org/10.1377/hlthaff.28.5.w770  """
"2025-06-14T19:24:38Z,""thread_zBTqs7dEHf7DbVyt30z2JAeC"",""run_0aKPInZ9XL2OtvPHKZCS9o7B"",""assistant"",""1. Olfson, M., Blanco, C., Wang, S., Laje, G., & Correll, C. U. (2014). National trends in the mental health care of children, adolescents, and adults by office-based physicians. *JAMA Psychiatry, 71*(1), 81-90. https://doi.org/10.1001/jamapsychiatry.2013.3074  "
2. Cooper, W. O., Hickson, G. B., Fuchs, C., Arbogast, P., & Ray, W. A. (2004). New use of antipsychotic medications among children enrolled in TennCare. *Archives of Pediatrics & Adolescent Medicine, 158*(8), 753-759. https://doi.org/10.1001/archpedi.158.8.753  
3. Crystal, S., Olfson, M., Huang, C., Pincus, H. A., & Gerhard, T. (2009). Broadened use of atypical antipsychotics: Safety, effectiveness, and policy challenges. *Health Affairs, 28*(5), w770-w781. https://doi.org/10.1377/hlthaff.28.5.w770  
4. Comer, J. S., & Olfson, M. (2010). National trends in child and adolescent psychotropic polypharmacy in office-based practice, 1996–2007. *Journal of the American Academy of Child & Adolescent Psychiatry, 49*(10), 1001-1010. https://doi.org/10.1016/j.jaac.2010.07.007  
"5. Zito, J. M., Safer, D. J., Berg, L. T., Janicak, P. G., & Mattison, D. R. (2008). Trends in pediatric psychotropic medication use. *Journal of Child and Adolescent Psychopharmacology, 18*(6), 528-536. https://doi.org/10.1089/cap.2008.18.528  """
"2025-06-14T19:24:47Z,""thread_nFY2JTiAXZAEAPs1TdobUvW8"",""run_EB5fdvSshkvqSePfDgefeB5v"",""assistant"",""1. Olfson, M., Blanco, C., Wang, S., Laje, G., & Correll, C. U. (2014). National trends in the mental health care of children, adolescents, and adults by office-based physicians. *JAMA Psychiatry, 71*(1), 81–90. https://doi.org/10.1001/jamapsychiatry.2013.3074  "
2. Comer, J. S., & Olfson, M. (2010). Trends in child and adolescent mental health care: Use of psychotropic medications and other treatments. *Psychiatric Services, 61*(9), 885–888. https://doi.org/10.1176/ps.2010.61.9.885  
3. Matone, M., Localio, R., Huang, Y. S., dosReis, S., Feudtner, C., & Rubin, D. M. (2012). The relationship between county-level psychiatric practice patterns and the use of antipsychotics in Medicaid-insured children. *Journal of the American Academy of Child & Adolescent Psychiatry, 51*(12), 1220–1229. https://doi.org/10.1016/j.jaac.2012.09.019  
4. Crystal, S., Olfson, M., Huang, C., Pincus, H., & Gerhard, T. (2009). Broadened use of atypical antipsychotics: Safety, effectiveness, and policy challenges. *Health Affairs, 28*(5), w770–w781. https://doi.org/10.1377/hlthaff.28.5.w770  
"5. McKinney, R., & Renk, K. (2011). Atypical antipsychotic medications in the treatment of children and adolescents: Clinical, empirical, and developmental considerations. *Journal of Child and Family Studies, 20*(2), 124–136. https://doi.org/10.1007/s10826-010-9415-9  """
"2025-06-14T19:24:56Z,""thread_9E9U2iZbF80rFBMlqXCB0Sts"",""run_7KI9wN7RDXjUvQAAUPI5p817"",""assistant"",""1. Olfson, M., Blanco, C., Wang, S., Laje, G., & Correll, C. U. (2014). National trends in the mental health care of children, adolescents, and adults by office-based physicians. *JAMA Psychiatry, 71*(1), 81-90. https://doi.org/10.1001/jamapsychiatry.2013.3074  "
2. Comer, J. S., Olfson, M., & Mojtabai, R. (2010). National trends in child and adolescent psychotropic polypharmacy in office-based practice, 1996–2007. *Journal of the American Academy of Child & Adolescent Psychiatry, 49*(10), 1001-1010. https://doi.org/10.1016/j.jaac.2010.07.007  
3. Crystal, S., Olfson, M., Huang, C., Pincus, H., & Gerhard, T. (2009). Broadened use of atypical antipsychotics: Safety, effectiveness, and policy challenges. *Health Affairs, 28*(5), 770-781. https://doi.org/10.1377/hlthaff.28.5.w770  
4. Cooper, W. O., Arbogast, P. G., Ding, H., Hickson, G. B., Fuchs, D. C., & Ray, W. A. (2006). Trends in prescribing of antipsychotic medications for children. *Ambulatory Pediatrics, 6*(2), 79-84. https://doi.org/10.1016/j.ambp.2005.10.003  
"5. Zito, J. M., Safer, D. J., dosReis, S., Gardner, J. F., Boles, M., & Lynch, F. (2000). Trends in the prescribing of psychotropic medications to preschoolers. *JAMA, 283*(8), 1025-1030. https://doi.org/10.1001/jama.283.8.1025  """
"2025-06-14T19:25:05Z,""thread_EFGNg84TniSM4DOyME6MwMju"",""run_TMZs1BWWG0HdlntTjYTqdMtC"",""assistant"",""1. Olfson, M., Blanco, C., Wang, S., Laje, G., & Correll, C. U. (2014). National trends in the mental health care of children, adolescents, and adults by office-based physicians. JAMA Psychiatry, 71(1), 81-90. https://doi.org/10.1001/jamapsychiatry.2013.3074  "
2. Comer, J. S., Olfson, M., & Mojtabai, R. (2010). National trends in child and adolescent psychotropic polypharmacy in office-based practice, 1996-2007. Journal of the American Academy of Child & Adolescent Psychiatry, 49(10), 1001-1010. https://doi.org/10.1016/j.jaac.2010.07.007  
3. Alexander, G. C., Gallagher, S. A., Mascola, A., Moloney, R. M., & Stafford, R. S. (2011). Increasing off-label use of antipsychotic medications in the United States, 1995-2008. Pharmacoepidemiology and Drug Safety, 20(2), 177-184. https://doi.org/10.1002/pds.2082  
4. Crystal, S., Olfson, M., Huang, C., Pincus, H. A., & Gerhard, T. (2009). Broadened use of atypical antipsychotics: Safety, effectiveness, and policy challenges. Health Affairs, 28(5), 770-781. https://doi.org/10.1377/hlthaff.28.5.w770  
"5. Matone, M., Localio, R., Huang, Y. S., dosReis, S., Feudtner, C., & Rubin, D. M. (2012). The relationship between county-level psychiatric medication use and child welfare referrals. Pediatrics, 130(6), e1767-e1774. https://doi.org/10.1542/peds.2012-0880  """
"2025-06-14T19:25:15Z,""thread_kCSNih9hQwGDcK701mIba7ab"",""run_JLh4Ye6WA2O0xrdhgUbmslxK"",""assistant"",""1. Olfson, M., Blanco, C., Wang, S., Laje, G., & Correll, C. U. (2014). National trends in the mental health care of children, adolescents, and adults by office-based physicians. *JAMA Psychiatry, 71*(1), 81-90. https://doi.org/10.1001/jamapsychiatry.2013.3074"
2. Comer, J. S., Olfson, M., & Mojtabai, R. (2010). National trends in child and adolescent psychotropic polypharmacy in office-based practice, 1996–2007. *Journal of the American Academy of Child & Adolescent Psychiatry, 49*(10), 1001-1010. https://doi.org/10.1016/j.jaac.2010.07.007
3. Crystal, S., Olfson, M., Huang, C., Pincus, H. A., & Gerhard, T. (2009). Broadened use of atypical antipsychotics: Safety, effectiveness, and policy challenges. *Health Affairs, 28*(5), w770-w781. https://doi.org/10.1377/hlthaff.28.5.w770
4. Zito, J. M., Derivan, A. T., Krady, A., Fegert, J. M., & Safer, D. J. (2008). Off-label psychotropic prescribing for children: History and current status. *Journal of Child and Adolescent Psychopharmacology, 18*(5), 493-507. https://doi.org/10.1089/cap.2008.18503
"5. Government Accountability Office (GAO). (2009). Foster care: HHS could provide additional guidance to states regarding psychotropic medications. Report to congressional requesters. Retrieved from https://www.gao.gov/assets/gao-09-866.pdf"""
"2025-06-14T19:25:25Z,""thread_LCqmp8UVbBsY3weXyoDvuGFl"",""run_zWWPGgYurp6osotE2qaaGDqv"",""assistant"",""1. Olfson, M., Blanco, C., Wang, S., Laje, G., & Correll, C. U. (2014). National trends in the mental health care of children, adolescents, and adults by office-based physicians. JAMA Psychiatry, 71(1), 81-90. https://doi.org/10.1001/jamapsychiatry.2013.3074"
2. Cooper, W. O., Hickson, G. B., Fuchs, C., Arbogast, P., & Ray, W. A. (2004). New users of antipsychotic medications among children enrolled in TennCare. Archives of Pediatrics & Adolescent Medicine, 158(8), 753-759. https://doi.org/10.1001/archpedi.158.8.753
3. Zito, J. M., Safer, D. J., Gardner, J. F., Sozmen, K., Boles, M., Lynch, F., & Variend, H. (2008). Psychotherapeutic medication patterns for youths with attention-deficit/hyperactivity disorder. Archives of Pediatrics & Adolescent Medicine, 162(3), 263-270. https://doi.org/10.1001/archpediatrics.2007.61
4. Crystal, S., Olfson, M., Huang, C., Pincus, H. A., & Gerhard, T. (2009). Broadened use of atypical antipsychotics: Safety, effectiveness, and policy challenges. Health Affairs, 28(5), w770-w781. https://doi.org/10.1377/hlthaff.28.5.w770
"5. Comer, J. S., Olfson, M., & Mojtabai, R. (2010). National trends in child and adolescent psychotropic polypharmacy in office-based practice, 1996-2007. Journal of the American Academy of Child & Adolescent Psychiatry, 49(10), 1001-1010. https://doi.org/10.1016/j.jaac.2010.07.007"""
"2025-06-14T19:25:34Z,""thread_eutw2C5Vt0aDWRfpGirOeIjV"",""run_E7IO9r0bNQsAP3KBXXqjgEAz"",""assistant"",""1. Olfson, M., Blanco, C., Wang, S., Laje, G., & Correll, C. U. (2014). National trends in the mental health care of children, adolescents, and adults by office-based physicians. JAMA Psychiatry, 71(1), 81-90. https://doi.org/10.1001/jamapsychiatry.2013.3074"
2. Crystal, S., Olfson, M., Huang, C., Pincus, H. A., & Gerhard, T. (2009). Broadened use of atypical antipsychotics: Safety, effectiveness, and policy challenges. Health Affairs, 28(5), w770-w781. https://doi.org/10.1377/hlthaff.28.5.w770
3. Comer, J. S., Olfson, M., & Mojtabai, R. (2010). National trends in child and adolescent psychotropic polypharmacy in office-based practice, 1996–2007. Journal of the American Academy of Child & Adolescent Psychiatry, 49(10), 1001-1010. https://doi.org/10.1016/j.jaac.2010.05.009
4. Zito, J. M., Safer, D. J., de Jong-van den Berg, L. T., Janhsen, K., Fegert, J. M., Gardner, J. F., ... & Doğan, S. (2008). A three-country comparison of psychotropic medication prevalence in youth. Child and Adolescent Psychiatry and Mental Health, 2(1), 1-11. https://doi.org/10.1186/1753-2000-2-12
"5. Martin, A., & Leslie, D. (2003). Trends in psychotropic medication costs for children and adolescents, 1997–2000. Archives of Pediatrics & Adolescent Medicine, 157(10), 997-1004. https://doi.org/10.1001/archpedi.157.10.997"""
"2025-06-14T19:25:44Z,""thread_GRvJnJgRJmAL0QRE2cWFZRbk"",""run_WUEwTUUvGVJ2MOnq4FUUUUhX"",""assistant"",""1. Olfson, M., Blanco, C., Wang, S., Laje, G., & Correll, C. U. (2014). National trends in the mental health care of children, adolescents, and adults by office-based physicians. *JAMA Psychiatry, 71*(1), 81–90. https://doi.org/10.1001/jamapsychiatry.2013.3074  "
2. Comer, J. S., Olfson, M., & Mojtabai, R. (2010). National trends in child and adolescent psychotropic polypharmacy in office-based practice, 1996–2007. *Journal of the American Academy of Child & Adolescent Psychiatry, 49*(10), 1001–1010. https://doi.org/10.1016/j.jaac.2010.07.007  
3. Crystal, S., Olfson, M., Huang, C., Pincus, H., & Gerhard, T. (2009). Broadened use of atypical antipsychotics: Safety, effectiveness, and policy challenges. *Health Affairs, 28*(5), 770–781. https://doi.org/10.1377/hlthaff.28.5.w770  
4. Zito, J. M., Safer, D. J., deMartinez, N., Gardner, J. F., Soeken, K., Boles, M., & Lynch, F. (2008). A three-country comparison of psychotropic medication prevalence in youth. *Child and Adolescent Psychiatry and Mental Health, 2*(1), 1–11. https://doi.org/10.1186/1753-2000-2-1  
"5. Cooper, W. O., Hickson, G. B., Fuchs, C., Arbogast, P. G., & Ray, W. A. (2004). New users of antipsychotic medications among children enrolled in TennCare. *Archives of Pediatrics & Adolescent Medicine, 158*(8), 753–759. https://doi.org/10.1001/archpedi.158.8.753  """
"2025-06-14T19:25:52Z,""thread_lhD7dUuu4pYSJl3AoBgtmFTu"",""run_K8C057sDdEggVxOhPjexnD9T"",""assistant"",""1. Olfson, M., Blanco, C., Wang, S., Laje, G., & Correll, C. U. (2014). National trends in the mental health care of children, adolescents, and adults by office-based physicians. JAMA Psychiatry, 71(1), 81–90. https://doi.org/10.1001/jamapsychiatry.2013.3074  "
2. Cooper, W. O., Arbogast, P. G., Ding, H., Hickson, G. B., Fuchs, D. C., & Ray, W. A. (2006). Trends in prescribing of antipsychotic medications for children. Ambulatory Pediatrics, 6(2), 79–84. https://doi.org/10.1016/j.ambp.2005.10.001  
3. Alexander, G. C., & Zito, J. M. (2009). Pediatric psychotropic drug prescribing: Trends and challenges. Psychiatric Services, 60(10), 1231–1236. https://doi.org/10.1176/ps.2009.60.10.1231  
4. Crystal, S., Olfson, M., Huang, C., Pincus, H. A., & Gerhard, T. (2009). Broadened use of atypical antipsychotics: Safety, effectiveness, and policy challenges. Health Affairs, 28(5), 770–781. https://doi.org/10.1377/hlthaff.28.5.w770  
"5. Zito, J. M., Derivan, A. T., Kratochvil, C. J., Fegert, J. M., & Greenhill, L. L. (2008). Off-label psychopharmacologic prescribing for children: History supports close clinical monitoring. Child and Adolescent Psychiatry and Mental Health, 2(1), 24. https://doi.org/10.1186/1753-2000-2-24  """
"2025-06-14T19:26:01Z,""thread_0yxFkcKaSubgk3Y9Tqw34cbD"",""run_Ry04huuXO4PHRcUZ9bO0yhvS"",""assistant"",""1. Olfson, M., Blanco, C., Wang, S., Laje, G., & Correll, C. U. (2014). National trends in the mental health care of children, adolescents, and adults by office-based physicians. JAMA Psychiatry, 71(1), 81-90. https://doi.org/10.1001/jamapsychiatry.2013.3074  "
2. Comer, J. S., Olfson, M., Mojtabai, R., & Blanco, C. (2010). National trends in the antipsychotic treatment of psychiatric outpatients with anxiety disorders. American Journal of Psychiatry, 167(11), 1240-1248. https://doi.org/10.1176/appi.ajp.2010.10040554  
3. Crystal, S., Olfson, M., Huang, C., Pincus, H. A., & Gerhard, T. (2009). Broadened use of atypical antipsychotics: Safety, effectiveness, and policy challenges. Health Affairs, 28(5), 770-781. https://doi.org/10.1377/hlthaff.28.5.w770  
4. Government Accountability Office. (2009). Foster children: HHS guidance could help states improve oversight of psychotropic prescriptions. GAO-09-866T. Retrieved from https://www.gao.gov/products/gao-09-866t  
"5. Zito, J. M., Safer, D. J., deMartinis, M., Gardner, J. F., Magder, L., Soeken, K., ... & Riddle, M. A. (2003). Psychotropic practice patterns for youth: A 10-year perspective. Archives of Pediatrics & Adolescent Medicine, 157(1), 17-25. https://doi.org/10.1001/archpedi.157.1.17  """
"2025-06-14T19:26:10Z,""thread_Bu8Oz658zaf2mEf33ka6OouB"",""run_0mq4dmGj7JwUd0nnIHuqK7SI"",""assistant"",""1. Olfson, M., Blanco, C., Wang, S., Laje, G., & Correll, C. U. (2014). National trends in the mental health care of children, adolescents, and adults by office-based physicians. *JAMA Psychiatry, 71*(1), 81-90. https://doi.org/10.1001/jamapsychiatry.2013.3074  "
2. Zito, J. M., Safer, D. J., deMartini, M., Gardner, J. F., Magder, L., Soeken, K., ... & Riddle, M. A. (2003). Psychotropic practice patterns for youth: A 10-year perspective. *Archives of Pediatrics & Adolescent Medicine, 157*(1), 17-25. https://doi.org/10.1001/archpedi.157.1.17  
3. Cooper, W. O., Hickson, G. B., Fuchs, C., Arbogast, P. G., & Ray, W. A. (2004). New users of antipsychotic medications among children enrolled in TennCare. *Archives of Pediatrics & Adolescent Medicine, 158*(8), 753-759. https://doi.org/10.1001/archpedi.158.8.753  
4. Crystal, S., Olfson, M., Huang, C., Pincus, H., & Gerhard, T. (2009). Broadened use of atypical antipsychotics: safety, effectiveness, and policy challenges. *Health Affairs, 28*(5), w770-w781. https://doi.org/10.1377/hlthaff.28.5.w770  
"5. Safer, D. J., Zito, J. M., & DosReis, S. (2003). Concerning trends in pediatric psychotropic polypharmacy. *Journal of Child and Adolescent Psychopharmacology, 13*(2), 223-232. https://doi.org/10.1089/104454603322572679  """
"2025-06-14T19:26:20Z,""thread_N1dE5YbTzSqkxFl9G3DXRlBB"",""run_HYYvUdN25gn1DVanB21FLN10"",""assistant"",""1. Olfson, M., Blanco, C., Wang, S., Laje, G., & Correll, C. U. (2014). National trends in the mental health care of children, adolescents, and adults by office-based physicians. *JAMA Psychiatry, 71*(1), 81-90. https://doi.org/10.1001/jamapsychiatry.2013.3074  "
2. Comer, J. S., & Olfson, M. (2010). Trends in child and adolescent psychotropic medication use. *Psychiatric Clinics of North America, 33*(3), 423-438. https://doi.org/10.1016/j.psc.2010.04.002  
3. Crystal, S., Olfson, M., Huang, C., Pincus, H., & Gerhard, T. (2009). Broadened use of atypical antipsychotics: Safety, effectiveness, and policy challenges. *Health Affairs, 28*(5), w770-w781. https://doi.org/10.1377/hlthaff.28.5.w770  
4. Cooper, W. O., Arbogast, P. G., Ding, H., Hickson, G. B., Fuchs, D. C., & Ray, W. A. (2006). Trends in prescribing of antipsychotic medications for US children. *Ambulatory Pediatrics, 6*(2), 79-83. https://doi.org/10.1016/j.ambp.2005.10.004  
"5. Zito, J. M., Safer, D. J., Berg, L. T., Janicak, P. G., & Gardner, J. F. (2008). Atypical antipsychotics in children and adolescents. *Journal of Child and Adolescent Psychopharmacology, 18*(5), 457-472. https://doi.org/10.1089/cap.2008.185"""
"2025-06-14T19:26:32Z,""thread_6zs05nBZffnTsDhw170QfTNJ"",""run_fHIqk76Xa8LYYyWO7wyAjTen"",""assistant"",""1. Olfson, M., Blanco, C., Wang, S., Laje, G., & Correll, C. U. (2014). National trends in the mental health care of children, adolescents, and adults by office-based physicians. *JAMA Psychiatry, 71*(1), 81-90. https://doi.org/10.1001/jamapsychiatry.2013.3074  "
2. Comer, J. S., & Olfson, M. (2010). Trends in child and adolescent psychotropic polypharmacy in office-based practice. *Psychiatric Services, 61*(9), 916-919. https://doi.org/10.1176/ps.2010.61.9.916  
3. Zito, J. M., Derivan, A. T., Kratochvil, C. J., Fegert, J. M., & Greenhill, L. L. (2008). Off-label psychopharmacologic prescribing for children: History supports close clinical monitoring. *Child and Adolescent Psychiatry and Mental Health, 2*(1), 24. https://doi.org/10.1186/1753-2000-2-24  
4. Crystal, S., Olfson, M., Huang, C., Pincus, H., & Gerhard, T. (2009). Broadened use of atypical antipsychotics: Safety, effectiveness, and policy challenges. *Health Affairs, 28*(5), 770-781. https://doi.org/10.1377/hlthaff.28.5.w770  
"5. Curtis, L. H., Masselink, L. E., Ostbye, T., Hutchison, S., & Dans, P. E. (2008). Use of atypical antipsychotic drugs in children and adolescents. *Psychiatric Services, 59*(2), 175-177. https://doi.org/10.1176/ps.2008.59.2.175  """
"2025-06-14T19:26:42Z,""thread_vBLoRr9OmrPxWUhXp1586N6Z"",""run_FRCrR8c8AbbRoBg0bxDKxrwT"",""assistant"",""1. Olfson, M., Blanco, C., Wang, S., Laje, G., & Correll, C. U. (2014). National trends in the mental health care of children, adolescents, and adults by office-based physicians. *JAMA Psychiatry*, 71(1), 81-90. https://doi.org/10.1001/jamapsychiatry.2013.3074  "
2. Zito, J. M., Safer, D. J., de Jong-van den Berg, L. T., Janhsen, K., Fegert, J. M., Gardner, J. F., ... & Dooley, L. M. (2008). A three-country comparison of psychotropic medication prevalence in youth. *Child and Adolescent Psychiatry and Mental Health*, 2(1), 26. https://doi.org/10.1186/1753-2000-2-26  
3. Cooper, W. O., Arbogast, P. G., Ding, H., Hickson, G. B., Fuchs, D. C., & Ray, W. A. (2006). Trends in prescribing of antipsychotic medications for US children. *Ambulatory Pediatrics*, 6(2), 79-84. https://doi.org/10.1016/j.ambp.2005.11.002  
4. Crystal, S., Olfson, M., Huang, C., Pincus, H. A., & Gerhard, T. (2009). Broadened use of atypical antipsychotics: Safety, effectiveness, and policy challenges. *Health Affairs*, 28(5), w770-w781. https://doi.org/10.1377/hlthaff.28.5.w770  
"5. Comer, J. S., Olfson, M., & Mojtabai, R. (2010). National trends in child and adolescent psychotropic polypharmacy in office-based practice, 1996–2007. *Journal of the American Academy of Child & Adolescent Psychiatry*, 49(10), 1001-1010. https://doi.org/10.1016/j.jaac.2010.07.007"""
"2025-06-14T19:26:50Z,""thread_NNzGCCmC7PPp68Us9qBsV4m7"",""run_mwAhedEVVTMyCvQ3WA8KTMwN"",""assistant"",""1. Olfson, M., Blanco, C., Wang, S., Laje, G., & Correll, C. U. (2014). National trends in the mental health care of children, adolescents, and adults by office-based physicians. *JAMA Psychiatry, 71*(1), 81–90. https://doi.org/10.1001/jamapsychiatry.2013.3074  "
2. Comer, J. S., Olfson, M., & Mojtabai, R. (2010). Trends in antipsychotic prescribing in children and adolescents. *Journal of the American Academy of Child & Adolescent Psychiatry, 49*(1), 13–20. https://doi.org/10.1016/j.jaac.2009.09.003  
3. Crystal, S., Olfson, M., Huang, C., Pincus, H. A., & Gerhard, T. (2009). Broadened use of atypical antipsychotics: Safety, effectiveness, and policy challenges. *Health Affairs, 28*(5), w770–w781. https://doi.org/10.1377/hlthaff.28.5.w770  
4. Zito, J. M., Safer, D. J., Berg, L. T., et al. (2008). A three-country comparison of psychotropic medication prevalence in youth. *Child and Adolescent Psychiatry and Mental Health, 2*(1), 26. https://doi.org/10.1186/1753-2000-2-26  
"5. Cooper, W. O., Arbogast, P. G., Ding, H., Hickson, G. B., Fuchs, D. C., & Ray, W. A. (2006). Trends in prescribing of antipsychotic medications for US children. *Ambulatory Pediatrics, 6*(2), 79–85. https://doi.org/10.1016/j.ambp.2005.10.002  """
"2025-06-14T19:27:00Z,""thread_n4UYARnOSCsp7C7TGsrGPfja"",""run_6RzBBR08iPHFOwZAaHJ9HSjU"",""assistant"",""1. Olfson, M., Blanco, C., Wang, S., Laje, G., & Correll, C. U. (2014). National trends in the mental health care of children, adolescents, and adults by office-based physicians. *JAMA Psychiatry, 71*(1), 81–90. https://doi.org/10.1001/jamapsychiatry.2013.3074  "
2. Cooper, W. O., Hickson, G. B., Fuchs, C., Arbogast, P. G., & Ray, W. A. (2004). New users of antipsychotic medications among children enrolled in TennCare. *Archives of Pediatrics & Adolescent Medicine, 158*(8), 753–759. https://doi.org/10.1001/archpedi.158.8.753  
3. Crystal, S., Olfson, M., Huang, C., Pincus, H., & Gerhard, T. (2009). Broadened use of atypical antipsychotics: Safety, effectiveness, and policy challenges. *Health Affairs, 28*(5), 770–781. https://doi.org/10.1377/hlthaff.28.5.w770  
4. Comer, J. S., Olfson, M., & Mojtabai, R. (2010). National trends in the antipsychotic treatment of children and adolescents. *Journal of the American Academy of Child & Adolescent Psychiatry, 49*(1), 13–22. https://doi.org/10.1016/j.jaac.2009.08.001  
"5. Constantine, R., Bengtson, M., & Zito, J. M. (2012). Antipsychotic medication use among Medicaid-insured children and adolescents: National trends and quality-of-care measures. *Journal of Child and Adolescent Psychopharmacology, 22*(2), 139–145. https://doi.org/10.1089/cap.2011.0068  """
"2025-06-14T19:27:10Z,""thread_e44cwPuz6TYGjYpZo3zoV3Zb"",""run_HN8zOhDQ1Pxh97UmoTGWlTDE"",""assistant"",""1. Olfson, M., Blanco, C., Wang, S., Laje, G., & Correll, C. U. (2014). National trends in the mental health care of children, adolescents, and adults by office-based physicians. *JAMA Psychiatry*, 71(1), 81-90. https://doi.org/10.1001/jamapsychiatry.2013.3074  "
2. Comer, J. S., Olfson, M., & Mojtabai, R. (2010). National trends in child and adolescent psychotropic polypharmacy in office-based practice, 1996-2007. *Journal of the American Academy of Child & Adolescent Psychiatry*, 49(10), 1001-1010. https://doi.org/10.1016/j.jaac.2010.07.007  
3. Crystal, S., Olfson, M., Huang, C., Pincus, H., & Gerhard, T. (2009). Broadened use of atypical antipsychotics: safety, effectiveness, and policy challenges. *Health Affairs*, 28(5), w770-w781. https://doi.org/10.1377/hlthaff.28.5.w770  
4. Zito, J. M., Safer, D. J., Gardner, J. F., Soeken, K., Boles, M., & Lynch, F. (2000). Psychotropic practice patterns for youth: A 10-year perspective. *Archives of Pediatrics & Adolescent Medicine*, 154(4), 313-320. https://doi.org/10.1001/archpedi.154.4.313  
"5. Cooper, W. O., Hickson, G. B., Fuchs, C., Arbogast, P., & Ray, W. A. (2004). New users of antipsychotic medications among children enrolled in TennCare. *Archives of Pediatrics & Adolescent Medicine*, 158(8), 753-759. https://doi.org/10.1001/archpedi.158.8.753  """
"2025-06-14T19:27:19Z,""thread_ZTrq3dOdNAn32RLX39LeaS0F"",""run_5bdB5Dr6HGmCySgAzNUKhjuA"",""assistant"",""1. Olfson, M., Blanco, C., Wang, S., Laje, G., & Correll, C. U. (2014). National trends in the mental health care of children, adolescents, and adults by office-based physicians. Journal of the American Academy of Child & Adolescent Psychiatry, 53(9), 947-955. https://doi.org/10.1016/j.jaac.2014.05.002  "
2. Comer, J. S., Olfson, M., & Mojtabai, R. (2010). National trends in child and adolescent psychotropic polypharmacy in office-based practice, 1996-2007. Journal of the American Academy of Child & Adolescent Psychiatry, 49(10), 1001-1010. https://doi.org/10.1016/j.jaac.2010.06.014  
3. Alexander, G. C., Gallagher, S. A., Mascola, A., Moloney, R. M., & Stafford, R. S. (2011). Increasing off-label use of antipsychotic medications in children and adolescents: A 10-year analysis. Archives of Pediatrics & Adolescent Medicine, 165(10), 978-985. https://doi.org/10.1001/archpediatrics.2011.107  
4. Crystal, S., Olfson, M., Huang, C., Pincus, H., & Gerhard, T. (2009). Broadened use of atypical antipsychotics: Safety, effectiveness, and policy challenges. Health Affairs, 28(5), w770-w781. https://doi.org/10.1377/hlthaff.28.5.w770  
"5. Parens, E., & Johnston, J. (2011). Controversies concerning the diagnosis and treatment of bipolar disorder in children. Child and Adolescent Psychiatry and Mental Health, 5(1), 1-16. https://doi.org/10.1186/1753-2000-5-9  """
"2025-06-14T19:27:30Z,""thread_jTYQ7d7REemNV6AAR69ssQUd"",""run_GRd1Z7LMWUIlt3atrKcppkBC"",""assistant"",""1. Olfson, M., Blanco, C., Wang, S., Laje, G., & Correll, C. U. (2014). National trends in the mental health care of children, adolescents, and adults by office-based physicians. *JAMA Psychiatry*, 71(1), 81–90. https://doi.org/10.1001/jamapsychiatry.2013.3074  "
2. Comer, J. S., & Olfson, M. (2010). Trends in child and adolescent psychotropic medication use. *Psychiatric Services*, 61(8), 829–832. https://doi.org/10.1176/ps.2010.61.8.829  
3. Zito, J. M., Derivan, A. T., Kratochvil, C. J., Fegert, J., Greenhill, L., & Hoagwood, K. (2008). Off-label psychopharmacologic prescribing for children: History supports close clinical monitoring. *Child and Adolescent Psychiatry and Mental Health*, 2(1), 24. https://doi.org/10.1186/1753-2000-2-24  
4. Crystal, S., Olfson, M., Huang, C., Pincus, H., & Gerhard, T. (2009). Broadened use of atypical antipsychotics: Safety, effectiveness, and policy challenges. *Health Affairs*, 28(5), 770–781. https://doi.org/10.1377/hlthaff.28.5.w770  
"5. Kuehn, B. M. (2010). FDA panel: Antipsychotic drugs carry risks for children. *JAMA*, 303(14), 1351–1353. https://doi.org/10.1001/jama.2010.404  """
"2025-06-14T19:27:38Z,""thread_WxhbpUpO5zk1sq5ftFO9FAPi"",""run_P2sqz0juOpYki7kaj4UY8W4I"",""assistant"",""1. Olfson, M., Blanco, C., Wang, S., Laje, G., & Correll, C. U. (2014). National trends in the mental health care of children, adolescents, and adults by office-based physicians. *JAMA Psychiatry, 71*(1), 81–90. https://doi.org/10.1001/jamapsychiatry.2013.3074  "
2. Comer, J. S., Olfson, M., & Mojtabai, R. (2010). National trends in the use of psychotropic medications by children. *Journal of the American Academy of Child & Adolescent Psychiatry, 49*(2), 124–138. https://doi.org/10.1097/00004583-201002000-00003  
3. Crystal, S., Olfson, M., Huang, C., Pincus, H. A., & Gerhard, T. (2009). Broadened use of atypical antipsychotics: Safety, effectiveness, and policy challenges. *Health Affairs, 28*(5), 770–781. https://doi.org/10.1377/hlthaff.28.5.w770  
4. Zito, J. M., Safer, D. J., de Jong-van den Berg, L. T. W., Janhsen, K., Fegert, J. M., & Gardner, J. F. (2008). A three-country comparison of psychotropic medication prevalence in youth. *Child and Adolescent Psychiatry and Mental Health, 2*(1), 26. https://doi.org/10.1186/1753-2000-2-26  
"5. Safer, D. J., Zito, J. M., & DosReis, S. (2003). Concerning trends in pediatric psychotropic medication. *Journal of Child and Adolescent Psychopharmacology, 13*(3), 233–243. https://doi.org/10.1089/104454603322572679  """
"2025-06-14T19:27:46Z,""thread_h1bqgphXcCqfkJhZq6YGsisq"",""run_eQh6EgWq8uGuEvAa0CVOevle"",""assistant"",""1. Olfson, M., Blanco, C., Wang, S., Laje, G., & Correll, C. U. (2014). National trends in the mental health care of children, adolescents, and adults by office-based physicians. *JAMA Psychiatry*, 71(1), 81-90. https://doi.org/10.1001/jamapsychiatry.2013.3074  "
2. Zito, J. M., Safer, D. J., deMartino, M., Gardner, J. F., Magder, L., Soeken, K., ... & Matthews, D. (2003). Psychotropic practice patterns for youth: A 10-year perspective. *Archives of Pediatrics & Adolescent Medicine*, 157(1), 17-25. https://doi.org/10.1001/archpedi.157.1.17  
3. Comer, J. S., & Olfson, M. (2010). Trends in child and adolescent psychotropic polypharmacy in office-based practice. *Psychiatric Services*, 61(9), 813-819. https://doi.org/10.1176/ps.2010.61.9.813  
4. Crystal, S., Olfson, M., Huang, C., Pincus, H. A., & Gerhard, T. (2009). Broadened use of atypical antipsychotics: Safety, effectiveness, and policy challenges. *Health Affairs*, 28(5), w770-w781. https://doi.org/10.1377/hlthaff.28.5.w770  
"5. Wang, P. S., Schneeweiss, S., Avorn, J., Fischer, M. A., Mogun, H., Solomon, D. H., & Brookhart, M. A. (2007). Risk of death in elderly users of conventional vs. atypical antipsychotic medications. *The New England Journal of Medicine*, 356(4), 342-350. https://doi.org/10.1056/NEJMoa052827  """
"2025-06-14T19:27:57Z,""thread_En0iGvaUxIiICxcUikViN3l5"",""run_dA96wC8i3xwp23oHTYEkctr9"",""assistant"",""1. Olfson, M., Blanco, C., Wang, S., Laje, G., & Correll, C. U. (2014). National trends in the mental health care of children, adolescents, and adults by office-based physicians. *JAMA Psychiatry, 71*(1), 81-90. https://doi.org/10.1001/jamapsychiatry.2013.4307  "
2. Comer, J. S., Olfson, M., & Mojtabai, R. (2010). National trends in child and adolescent psychotropic polypharmacy in office-based practice, 1996–2007. *Journal of the American Academy of Child & Adolescent Psychiatry, 49*(10), 1001-1010. https://doi.org/10.1016/j.jaac.2010.07.007  
3. Zito, J. M., Safer, D. J., deMartini, M., Gardner, J. F., Magder, L., & Soeken, K. (2008). Trends in the prescribing of psychotropic medications to preschoolers. *JAMA, 283*(8), 1025–1030. https://doi.org/10.1001/jama.283.8.1025  
4. Cooper, W. O., Arbogast, P. G., Ding, H., Hickson, G. B., Fuchs, D. C., & Ray, W. A. (2006). Trends in prescribing of antipsychotic medications for US children. *Ambulatory Pediatrics, 6*(2), 79-84. https://doi.org/10.1016/j.ambp.2005.10.004  
"5. Crystal, S., Olfson, M., Huang, C., Pincus, H., & Gerhard, T. (2009). Broadened use of atypical antipsychotics: safety, effectiveness, and policy challenges. *Health Affairs, 28*(5), w770-w781. https://doi.org/10.1377/hlthaff.28.5.w770  """
"2025-06-14T19:28:06Z,""thread_W15Uyq2qpomamTkG5DZKYN2F"",""run_lzLzupgXaxdyZ3DB7WbYoPUh"",""assistant"",""1. Olfson, M., Blanco, C., Wang, S., Laje, G., & Correll, C. U. (2014). National trends in the mental health care of children, adolescents, and adults by office-based physicians. *JAMA Psychiatry, 71*(1), 81-90. https://doi.org/10.1001/jamapsychiatry.2013.3074  "
2. Comer, J. S., Olfson, M., Mojtabai, R., & Mechanic, D. (2010). National trends in child and adolescent psychotropic polypharmacy in office-based practice, 1996–2007. *Journal of the American Academy of Child & Adolescent Psychiatry, 49*(10), 1001-1010. https://doi.org/10.1016/j.jaac.2010.07.007  
3. Cooper, W. O., Hickson, G. B., Fuchs, C., Arbogast, P. G., & Ray, W. A. (2004). New users of antipsychotic medications among children enrolled in TennCare. *Archives of Pediatrics & Adolescent Medicine, 158*(8), 753-759. https://doi.org/10.1001/archpedi.158.8.753  
4. Crystal, S., Olfson, M., Huang, C., Pincus, H., & Gerhard, T. (2009). Broadened use of atypical antipsychotics: Safety, effectiveness, and policy challenges. *Health Affairs, 28*(5), 770-781. https://doi.org/10.1377/hlthaff.28.5.w770  
"5. Zito, J. M., Safer, D. J., dosReis, S., Gardner, J. F., Magder, L., Soeken, K., Boles, M., & Lynch, F. (2003). Psychotropic practice patterns for youth: A 10-year perspective. *Archives of Pediatrics & Adolescent Medicine, 157*(1), 17-25. https://doi.org/10.1001/archpedi.157.1.17  """
"2025-06-14T19:28:16Z,""thread_YRXsgiDyQyBdnIjF0GihPxMP"",""run_cxYyAFznA0XiKrqcE34oA4dC"",""assistant"",""1. Olfson, M., Blanco, C., Wang, S., Laje, G., & Correll, C. U. (2014). National trends in the mental health care of children, adolescents, and adults by office-based physicians. *JAMA Psychiatry*, 71(1), 81-90. https://doi.org/10.1001/jamapsychiatry.2013.3074  "
2. Comer, J. S., Olfson, M., & Mojtabai, R. (2010). National trends in child and adolescent psychotropic polypharmacy in office-based practice, 1996–2007. *Journal of the American Academy of Child & Adolescent Psychiatry*, 49(10), 1001-1010. https://doi.org/10.1016/j.jaac.2010.07.007  
3. Zito, J. M., Safer, D. J., de Jong-van den Berg, L. T., Janhsen, K., Fegert, J. M., Gardner, J., ... & Doongaji, D. R. (2008). A three-country comparison of psychotropic medication prevalence in youth. *Child and Adolescent Psychiatry and Mental Health*, 2(1), 26. https://doi.org/10.1186/1753-2000-2-26  
4. Cooper, W. O., Arbogast, P. G., Ding, H., Hickson, G. B., Fuchs, D. C., & Ray, W. A. (2006). Trends in prescribing of antipsychotic medications for US children. *Ambulatory Pediatrics*, 6(2), 79-84. https://doi.org/10.1016/j.ambp.2005.11.002  
"5. Patel, N. C., Sanchez, R. J., McKean, S., & Johnsrud, M. T. (2006). Off-label antipsychotic use in children across the United States. *Journal of Child and Adolescent Psychopharmacology*, 16(1-2), 149-156. https://doi.org/10.1089/cap.2006.16.149  """
"2025-06-14T19:28:24Z,""thread_oNUPNgApm5tVdiY0ApozmTkU"",""run_ORCtID0Rj4Qmlr4GiJnwsfiy"",""assistant"",""1. Olfson, M., Blanco, C., Wang, S., Laje, G., & Correll, C. U. (2014). National trends in the mental health care of children, adolescents, and adults by office-based physicians. *JAMA Psychiatry, 71*(1), 81–90. https://doi.org/10.1001/jamapsychiatry.2013.3074  "
2. Cooper, W. O., Hickson, G. B., Fuchs, C., Arbogast, P., & Ray, W. A. (2004). New users of antipsychotic medications among children enrolled in TennCare. *Archives of Pediatrics & Adolescent Medicine, 158*(8), 753–759. https://doi.org/10.1001/archpedi.158.8.753  
3. Crystal, S., Olfson, M., Huang, C., Pincus, H., & Gerhard, T. (2009). Broadened use of atypical antipsychotics: safety, effectiveness, and policy challenges. *Health Affairs, 28*(5), w770–w781. https://doi.org/10.1377/hlthaff.28.5.w770  
4. Comer, J. S., Olfson, M., & Mojtabai, R. (2010). National trends in child and adolescent psychotropic polypharmacy in office-based practice, 1996–2007. *Journal of the American Academy of Child & Adolescent Psychiatry, 49*(10), 1001–1010. https://doi.org/10.1016/j.jaac.2010.07.007  
"5. Zito, J. M., Safer, D. J., de Jong-van den Berg, L. T., Gardner, J. F., Boles, M., & Lynch, F. (2008). A three-country comparison of psychotropic medication prevalence in youth. *Child and Adolescent Psychiatry and Mental Health, 2*(1), 26. https://doi.org/10.1186/1753-2000-2-26  """
"2025-06-14T19:28:34Z,""thread_9maY38KOyxnKcf8PzbS03AsN"",""run_ndKQMAdTLfUznrOJ9Cov6pkl"",""assistant"",""1. Olfson, M., Blanco, C., Wang, S., Laje, G., & Correll, C. U. (2014). National trends in the mental health care of children, adolescents, and adults by office-based physicians. *JAMA Psychiatry*, 71(1), 81-90. https://doi.org/10.1001/jamapsychiatry.2013.3074  "
2. Comer, J. S., Olfson, M., & Mojtabai, R. (2010). National trends in child and adolescent psychotropic polypharmacy in office-based practice, 1996–2007. *Journal of the American Academy of Child & Adolescent Psychiatry*, 49(10), 1001-1010. https://doi.org/10.1016/j.jaac.2010.06.013  
3. Alexander, G. C., & Zuvekas, S. H. (2011). Trends in antipsychotic use in children and adolescents: 1996–2001. *Psychiatric Services*, 62(12), 1307-1312. https://doi.org/10.1176/ps.62.12.pss6212_1307  
4. Matone, M., Localio, R., Huang, Y. S., dosReis, S., Feudtner, C., & Rubin, D. M. (2012). The relationship between county-level psychiatric hospital bed capacity and child and adolescent psychiatric treatment rates. *Psychiatric Services*, 63(9), 889-895. https://doi.org/10.1176/appi.ps.201100505  
"5. Crystal, S., Olfson, M., Huang, C., Pincus, H., & Gerhard, T. (2009). Broadened use of atypical antipsychotics: Safety, effectiveness, and policy challenges. *Health Affairs*, 28(5), w770-w781. https://doi.org/10.1377/hlthaff.28.5.w770  """
"2025-06-14T19:28:44Z,""thread_BgC9Jc9dn3Fw8wb5z9S1m2sV"",""run_cckXGx9EgaSPh9qhvHqiT5P7"",""assistant"",""1. Olfson, M., Blanco, C., Wang, S., Laje, G., & Correll, C. U. (2014). National trends in the mental health care of children, adolescents, and adults by office-based physicians. *JAMA Psychiatry, 71*(1), 81–90. https://doi.org/10.1001/jamapsychiatry.2013.3074  "
2. Crystal, S., Olfson, M., Huang, C., Pincus, H., & Gerhard, T. (2009). Broadened use of atypical antipsychotics: Safety, effectiveness, and policy challenges. *Health Affairs, 28*(5), 770–781. https://doi.org/10.1377/hlthaff.28.5.w770  
3. Comer, J. S., Olfson, M., & Mojtabai, R. (2010). National trends in child and adolescent psychotropic polypharmacy in office-based practice, 1996–2007. *Journal of the American Academy of Child & Adolescent Psychiatry, 49*(10), 1001–1010. https://doi.org/10.1016/j.jaac.2010.07.007  
4. Zito, J. M., Safer, D. J., de Jong-van den Berg, L. T., Janhsen, K., Fegert, J. M., Gardner, J. F., ... & Dörfler, H. (2008). A three-country comparison of psychotropic medication prevalence in youth. *Child and Adolescent Psychiatry and Mental Health, 2*(1), 1-11. https://doi.org/10.1186/1753-2000-2-12  
"5. Matone, M., Localio, R., Huang, Y. S., Dosreis, S., Feudtner, C., & Rubin, D. M. (2012). The relationship between county-level psychiatric medication use and child welfare referrals. *Child Abuse & Neglect, 36*(7–8), 511–521. https://doi.org/10.1016/j.chiabu.2012.06.001  """
"2025-06-14T19:28:52Z,""thread_mEC9Iunb8Ea9XFw4V4XgBmrM"",""run_H6c08oAUC0GIecZ2bucf4cQt"",""assistant"",""1. Olfson, M., Blanco, C., Wang, S., Laje, G., & Correll, C. U. (2014). National trends in the mental health care of children, adolescents, and adults by office-based physicians. JAMA Psychiatry, 71(1), 81–90. https://doi.org/10.1001/jamapsychiatry.2013.3074  "
2. Zito, J. M., Safer, D. J., de Jong-van den Berg, L. T., Janhsen, K., Fegert, J. M., Gardner, J. F., Glaeske, G., & Valluri, S. C. (2008). A three-country comparison of psychotropic medication prevalence in youth. Child and Adolescent Psychiatry and Mental Health, 2(1), 26. https://doi.org/10.1186/1753-2000-2-26  
3. Government Accountability Office. (2011). Foster children: HHS guidance could help states improve oversight of psychotropic prescriptions. Retrieved from https://www.gao.gov/assets/330/323553.pdf  
4. Crystal, S., Olfson, M., Huang, C., Pincus, H. A., & Gerhard, T. (2009). Broadened use of atypical antipsychotics: Safety, effectiveness, and policy challenges. Health Affairs, 28(5), w770-w781. https://doi.org/10.1377/hlthaff.28.5.w770  
"5. Comer, J. S., Olfson, M., Mojtabai, R., & National Institute of Mental Health. (2010). Trends in child and adolescent psychotropic medication prescriptions. Psychiatric Services, 61(9), 817–825. https://doi.org/10.1176/ps.2010.61.9.817  """
"2025-06-14T19:29:01Z,""thread_UVyuwBSUE0OWcu0wMnFRu4gy"",""run_eiCd2lTXS0sXupqXxAvItfq3"",""assistant"",""1. Olfson, M., Blanco, C., Wang, S., Laje, G., & Correll, C. U. (2014). National trends in the mental health care of children, adolescents, and adults by office-based physicians. *JAMA Psychiatry, 71*(1), 81–90. https://doi.org/10.1001/jamapsychiatry.2013.3074  "
2. Comer, J. S., Olfson, M., Mojtabai, R., & Blanco, C. (2010). National trends in the antipsychotic treatment of psychiatric outpatients with anxiety disorders. *American Journal of Psychiatry, 167*(12), 1438–1445. https://doi.org/10.1176/appi.ajp.2010.10040571  
3. Cooper, W. O., Hickson, G. B., Fuchs, C., Arbogast, P. G., & Ray, W. A. (2004). New users of antipsychotic medications among children enrolled in TennCare. *Archives of Pediatrics & Adolescent Medicine, 158*(8), 753–759. https://doi.org/10.1001/archpedi.158.8.753  
4. Crystal, S., Olfson, M., Huang, C., Pincus, H. A., & Gerhard, T. (2009). Broadened use of atypical antipsychotics: Safety, effectiveness, and policy challenges. *Health Affairs, 28*(5), 770–781. https://doi.org/10.1377/hlthaff.28.5.w770  
"5. Zito, J. M., Safer, D. J., deMartini, M., Gardner, J. F., Magder, L., Soeken, K., & Boles, M. (2003). Psychotropic practice patterns for youth: A 10-year perspective. *Archives of Pediatrics & Adolescent Medicine, 157*(1), 17–25. https://doi.org/10.1001/archpedi.157.1.17  """
"2025-06-14T19:29:09Z,""thread_XEuFPsEmgTuM3kXxD0ZsMptH"",""run_S9av8uKTYrApDErhevGNidZ9"",""assistant"",""1. Olfson, M., Blanco, C., Wang, S., Laje, G., & Correll, C. U. (2014). National trends in the mental health care of children, adolescents, and adults by office-based physicians. *JAMA Psychiatry, 71*(1), 81-90. https://doi.org/10.1001/jamapsychiatry.2013.3074  "
2. Crystal, S., Olfson, M., Huang, C., Pincus, H., & Gerhard, T. (2009). Broadened use of atypical antipsychotics: Safety, effectiveness, and policy challenges. *Health Affairs, 28*(5), 770-781. https://doi.org/10.1377/hlthaff.28.5.w770  
3. Comer, J. S., & Olfson, M. (2010). Trends in child and adolescent psychotropic polypharmacy in office-based practice. *Psychiatric Services, 61*(9), 813-819. https://doi.org/10.1176/ps.2010.61.9.813  
4. Zito, J. M., Derivan, A. T., Kratochvil, C. J., & Fegert, J. M. (2008). Off-label psychopharmacologic prescribing for children: History supports close clinical monitoring. *Child and Adolescent Psychiatry and Mental Health, 2*(1), 24. https://doi.org/10.1186/1753-2000-2-24  
"5. Cooper, W. O., Callahan, S. T., Shintani, A., & Fuchs, D. C. (2006). Antipsychotic medication use among children enrolled in TennCare. *Archives of Pediatrics & Adolescent Medicine, 160*(2), 211-216. https://doi.org/10.1001/archpedi.160.2.211  """
"2025-06-14T19:29:17Z,""thread_DfvzID4jS0lLrXTv5tYcO27A"",""run_2hg4jzMnMHcTXKKwxvOOS5p7"",""assistant"",""1. Olfson, M., Blanco, C., Wang, S., Laje, G., & Correll, C. U. (2014). National trends in the mental health care of children, adolescents, and adults by office-based physicians. JAMA Psychiatry, 71(1), 81–90. https://doi.org/10.1001/jamapsychiatry.2013.3074  "
2. Cooper, W. O., Hickson, G. B., Fuchs, C., Arbogast, P. G., & Ray, W. A. (2004). New users of antipsychotic medications among children enrolled in TennCare. Archives of Pediatrics & Adolescent Medicine, 158(8), 753–759. https://doi.org/10.1001/archpedi.158.8.753  
3. Crystal, S., Olfson, M., Huang, C., Pincus, H., & Gerhard, T. (2009). Broadened use of atypical antipsychotics: Safety, effectiveness, and policy challenges. Health Affairs, 28(5), 770–781. https://doi.org/10.1377/hlthaff.28.5.770  
4. Comer, J. S., Olfson, M., & Mojtabai, R. (2010). National trends in child and adolescent psychotropic polypharmacy in office-based practice, 1996–2007. Journal of the American Academy of Child & Adolescent Psychiatry, 49(10), 1001–1010. https://doi.org/10.1016/j.jaac.2010.07.007  
"5. Zito, J. M., Safer, D. J., Gardner, J. F., Soeken, K., Boles, M., & Lynch, F. (2000). Psychotropic practice patterns for youth: A 10-year perspective. Archives of Pediatrics & Adolescent Medicine, 154(7), 625–631. https://doi.org/10.1001/archpedi.154.7.625  """
"2025-06-14T19:29:27Z,""thread_d60kIFCNLdC2VaifqxjDvhBq"",""run_ECmWVeOdfS8oo4eV6O16vYOd"",""assistant"",""1. Cooper, W. O., Hickson, G. B., Fuchs, C., Arbogast, P., & Ray, W. A. (2004). New users of antipsychotic medications among children enrolled in TennCare. *Archives of Pediatrics & Adolescent Medicine, 158*(8), 753–759. https://doi.org/10.1001/archpedi.158.8.753"
2. Olfson, M., Blanco, C., Wang, S., Laje, G., & Correll, C. U. (2014). National trends in the mental health care of children, adolescents, and adults by office-based physicians. *JAMA Psychiatry, 71*(1), 81–90. https://doi.org/10.1001/jamapsychiatry.2013.3074
3. Crystal, S., Olfson, M., Huang, C., Pincus, H. A., & Gerhard, T. (2009). Broadened use of atypical antipsychotics: Safety, effectiveness, and policy challenges. *Health Affairs, 28*(5), 770–781. https://doi.org/10.1377/hlthaff.28.5.w770
4. Comer, J. S., Olfson, M., Mojtabai, R., & Blanco, C. (2010). National trends in the antipsychotic treatment of psychiatric outpatients with anxiety disorders. *American Journal of Psychiatry, 167*(10), 1240–1248. https://doi.org/10.1176/appi.ajp.2010.09060898
"5. McKinney, C., & Renk, K. (2011). Atypical antipsychotic medications in the treatment of children and adolescents: Clinical, empirical, and developmental considerations. *Journal of Child and Family Studies, 20*(2), 124–135. https://doi.org/10.1007/s10826-010-9410-9"""
"2025-06-14T19:29:36Z,""thread_OGb3ZMQgCSRWKdJBBr0lHzON"",""run_A6a8ytYzpsmllrum64winGub"",""assistant"",""1. Olfson, M., Blanco, C., Wang, S., Laje, G., & Correll, C. U. (2014). National trends in the mental health care of children, adolescents, and adults by office-based physicians. JAMA Psychiatry, 71(1), 81–90. https://doi.org/10.1001/jamapsychiatry.2013.3074"
2. Cooper, W. O., Hickson, G. B., Fuchs, C., Arbogast, P., & Ray, W. A. (2004). New users of antipsychotic medications among children enrolled in TennCare. Archives of Pediatrics & Adolescent Medicine, 158(8), 753–759. https://doi.org/10.1001/archpedi.158.8.753
3. Matone, M., Localio, R., Huang, Y. S., dosReis, S., Feudtner, C., & Rubin, D. M. (2012). The relationship between county-level psychiatric medication use and Medicaid-enrolled children's mental health service utilization. Journal of Child and Adolescent Psychopharmacology, 22(2), 123–129. https://doi.org/10.1089/cap.2011.0076
4. Zito, J. M., Safer, D. J., deMartino, M., Gardner, J. F., Magder, L., Soeken, K., ... & Finnerty, M. T. (2003). A three-country comparison of psychotropic medication prevalence in youth. Child and Adolescent Psychiatry and Mental Health, 42(5), 641–650. https://doi.org/10.1097/00004583-200305000-00008
"5. Crystal, S., Olfson, M., Huang, C., Pincus, H., & Gerhard, T. (2009). Broadened use of atypical antipsychotics: Safety, effectiveness, and policy challenges. Health Affairs, 28(5), 770–781. https://doi.org/10.1377/hlthaff.28.5.770"""
"2025-06-14T19:29:46Z,""thread_dDaR9j3ckPOd4NC6u6qB4RQB"",""run_mqs1GmXdGzxNioOjhuwgsmwj"",""assistant"",""1. Olfson, M., Blanco, C., Wang, S., Laje, G., & Correll, C. U. (2014). National trends in the mental health care of children, adolescents, and adults by office-based physicians. JAMA Psychiatry, 71(1), 81–90. https://doi.org/10.1001/jamapsychiatry.2013.3074  "
2. Crystal, S., Olfson, M., Huang, C., Pincus, H., & Gerhard, T. (2009). Broadened use of atypical antipsychotics: Safety, effectiveness, and policy challenges. Health Affairs, 28(5), 770-781. https://doi.org/10.1377/hlthaff.28.5.w770  
3. Comer, J. S., & Olfson, M. (2010). Trends in child and adolescent mental health care: Prescription psychotropic drugs and mental health counseling. Psychiatric Services, 61(8), 829–837. https://doi.org/10.1176/ps.2010.61.8.829  
4. Government Accountability Office. (2011). Children’s mental health: Concerns remain about appropriate services for children in Medicaid and foster care. GAO-12-270T. Retrieved from https://www.gao.gov  
"5. Mandell, D. S., Morales, K. H., Marcus, S. C., Stahmer, A. C., & Doshi, J. (2008). Psychotropic medication use among Medicaid-enrolled children with autism spectrum disorders. Pediatrics, 121(3), e441–e448. https://doi.org/10.1542/peds.2007-0984  """
"2025-06-14T19:29:54Z,""thread_KagAtsyIg2c88RxdYUKN4Cfo"",""run_Aku8A96OmtsN3FzMZYGhzq8a"",""assistant"",""1. Olfson, M., Blanco, C., Wang, S., Laje, G., & Correll, C. U. (2014). National trends in the mental health care of children, adolescents, and adults by office-based physicians. JAMA Psychiatry, 71(1), 81-90. https://doi.org/10.1001/jamapsychiatry.2013.3074"
2. Comer, J. S., & Olfson, M. (2010). National trends in child and adolescent psychotropic polypharmacy in office-based practice. Psychiatric Services, 61(12), 1241-1247. https://doi.org/10.1176/ps.2010.61.12.1241
3. Crystal, S., Olfson, M., Huang, C., Pincus, H., & Gerhard, T. (2009). Broadened use of atypical antipsychotics: Safety, effectiveness, and policy challenges. Health Affairs, 28(5), w770-w781. https://doi.org/10.1377/hlthaff.28.5.w770
4. Zito, J. M., Safer, D. J., de Jong-van den Berg, L. T. W., et al. (2008). A three-country comparison of psychotropic medication prevalence in youth. Child and Adolescent Psychiatry and Mental Health, 2(1), 26. https://doi.org/10.1186/1753-2000-2-26
"5. Hunkeler, E., Fireman, B., Lee, J., et al. (2005). Trends in use of antipsychotic medications among youths. Psychiatric Services, 56(4), 453-459. https://doi.org/10.1176/appi.ps.56.4.453"""
"2025-06-14T19:30:03Z,""thread_KMzA1fnvvJohSbTYJ3jKtqUS"",""run_8kbCUddcW9QXy1WsIm81rogj"",""assistant"",""1. Olfson, M., Blanco, C., Wang, S., Laje, G., & Correll, C. U. (2014). National trends in the mental health care of children, adolescents, and adults by office-based physicians. *JAMA Psychiatry, 71*(1), 81-90. https://doi.org/10.1001/jamapsychiatry.2013.3074  "
2. Alexander, G. C., Gallagher, S. A., Mascola, A., Moloney, R. M., & Stafford, R. S. (2011). Increasing off-label use of antipsychotic medications in children and adolescents: A national trend analysis. *Archives of Pediatrics & Adolescent Medicine, 165*(3), 224-228. https://doi.org/10.1001/archpediatrics.2010.259  
3. Comer, J. S., Olfson, M., & Mojtabai, R. (2010). National trends in child and adolescent psychotropic polypharmacy in office-based practice, 1996–2007. *Journal of the American Academy of Child & Adolescent Psychiatry, 49*(10), 1001-1010. https://doi.org/10.1016/j.jaac.2010.07.007  
4. Zito, J. M., Safer, D. J., deMartinez, J., Gardner, J. F., & Sozmen, K. (2008). Psychotropic medication patterns among youth in foster care. *Pediatrics, 121*(1), e157-e163. https://doi.org/10.1542/peds.2007-2022  
"5. Olfson, M., Blanco, C., Wang, S., Laje, G., & Correll, C. U. (2012). Antipsychotic treatment of youth in the United States. *Journal of the American Academy of Child & Adolescent Psychiatry, 51*(9), 934-943. https://doi.org/10.1016/j.jaac.2012.05.007  """
"2025-06-14T19:30:12Z,""thread_II30di3RaED2BubAOVsMaMxk"",""run_YKsXra12b50gWv2MkD7WcRQt"",""assistant"",""1. Cajochen, C., Frey, S., Anders, D., Spät, J., & Kräuchi, K. (2011). Evening exposure to a light-emitting diodes (LED)-backlit computer screen affects circadian physiology and cognitive performance. *Journal of Applied Physiology*, *110*(5), 1432-1438. https://doi.org/10.1152/japplphysiol.00165.2011"
2. Chang, A. M., Aeschbach, D., Duffy, J. F., & Czeisler, C. A. (2015). Evening use of light-emitting eReaders negatively affects sleep, circadian timing, and next-morning alertness. *Proceedings of the National Academy of Sciences*, *112*(4), 1232-1237. https://doi.org/10.1073/pnas.1418490112
3. Touitou, Y., Touitou, D., & Reinberg, A. (2016). Disruption of adolescents’ circadian clock: The vicious circle of media use, exposure to light at night, sleep loss, and risk behaviors. *Journal of Adolescence*, *52*, 136-146. https://doi.org/10.1016/j.adolescence.2016.08.007
4. Wahl, S., Engelhardt, M., Schaupp, P., Lappe, C., & Ivanov, I. V. (2019). The inner clock—Blue light sets the human rhythm. *Journal of Biophotonics*, *12*(12), e201900102. https://doi.org/10.1002/jbio.201900102
"5. Wood, B., Rea, M., Plitnick, B., & Figueiro, M. G. (2013). Light level and duration of exposure determine the impact of self-luminous tablets on melatonin suppression. *Applied Ergonomics*, *44*(2), 237-240. https://doi.org/10.1016/j.apergo.2012.07.008"""
"2025-06-14T19:30:21Z,""thread_NSzX2wPznfV6NMUrDedbVom5"",""run_GUYg0haT8nn8sfcTy9a4D360"",""assistant"",""1. Cain, N., & Gradisar, M. (2010). Electronic media use and sleep in school-aged children and adolescents: A review. Sleep Medicine, 11(8), 735–742. https://doi.org/10.1016/j.sleep.2010.02.006  "
2. Chang, A. M., Aeschbach, D., Duffy, J. F., & Czeisler, C. A. (2015). Evening use of light-emitting eReaders negatively affects sleep, circadian timing, and next-morning alertness. Proceedings of the National Academy of Sciences, 112(4), 1232–1237. https://doi.org/10.1073/pnas.1418490112  
3. Falbe, J., Davison, K. K., Franckle, R. L., Ganter, C., Gortmaker, S. L., Smith, L., & Taveras, E. M. (2015). Sleep duration and obesity in children and adolescents: A meta-analysis. Obesity, 23(2), 247–256. https://doi.org/10.1002/oby.20956  
4. Touitou, Y., Touitou, D., & Reinberg, A. (2016). Disruption of the circadian system by environmental factors: Effects of electric lighting and electronic devices. Chronobiology International, 33(4), 453–467. https://doi.org/10.3109/07420528.2016.1149190  
"5. van der Lely, S., Frey, S., Garbazza, C., Wirz-Justice, A., Jenni, O. G., Steiner, R., & Schmidt, C. (2015). Blue blocker glasses as a countermeasure for alerting effects of evening light-emitting diode screen exposure in young teenagers. Journal of Adolescence, 45, 55–61. https://doi.org/10.1016/j.adolescence.2015.09.004  """
"2025-06-14T19:30:30Z,""thread_3NSmcc8WR0y1BZM7L0TySzDA"",""run_3apSeyPUdt11vZuQx0y2faGb"",""assistant"",""1. Chang, A. M., Aeschbach, D., Duffy, J. F., & Czeisler, C. A. (2015). Evening use of light-emitting eReaders negatively affects sleep, circadian timing, and next-morning alertness. *Proceedings of the National Academy of Sciences, 112*(4), 1232-1237. https://doi.org/10.1073/pnas.1418490112  "
2. Cheung, C. H. M., Bedford, R., Saez De Urabain, I. R., Karmiloff-Smith, A., & Smith, T. J. (2017). Daily touchscreen use in infants and toddlers is associated with reduced sleep and delayed sleep onset. *Scientific Reports, 7*(1), 46104. https://doi.org/10.1038/srep46104  
3. Higuchi, S., Motohashi, Y., Liu, Y., & Maeda, A. (2005). Effects of VDT tasks with a bright display on melatonin levels in saliva. *American Journal of Industrial Medicine, 48*(2), 142-147. https://doi.org/10.1002/ajim.20207  
4. Hale, L., & Guan, S. (2015). Screen time and sleep among school-aged children and adolescents: A systematic literature review. *Sleep Medicine Reviews, 21,* 50-58. https://doi.org/10.1016/j.smrv.2014.07.007  
"5. Touitou, Y., Touitou, D., & Reinberg, A. (2017). Disruption of the circadian system by environmental factors: Effects of electric lighting and screen exposure. *Chronobiology International, 34*(5), 653-665. https://doi.org/10.1080/07420528.2017.1298670  """
"2025-06-14T19:30:38Z,""thread_OOIZUVFmYgsVpXJn9GV0n8HI"",""run_c5HI0j5im4t3IHSSPGfV3cjv"",""assistant"",""1. Cain, N., & Gradisar, M. (2010). Electronic media use and sleep in school-aged children and adolescents: A review. Sleep Medicine, 11(8), 735-742. https://doi.org/10.1016/j.sleep.2010.02.006  "
2. Cajochen, C., Frey, S., Anders, D., Späti, J., Bues, M., Pross, A., & Krstic, D. (2011). Evening exposure to a light-emitting diodes (LED)-backlit computer screen affects circadian physiology and cognitive performance. Journal of Applied Physiology, 110(5), 1432-1438. https://doi.org/10.1152/japplphysiol.00165.2011  
3. Hale, L., & Guan, S. (2015). Screen time and sleep among school-aged children and adolescents: A systematic literature review. Sleep Medicine Reviews, 21, 50-58. https://doi.org/10.1016/j.smrv.2014.07.007  
4. Touitou, Y., Touitou, D., & Reinberg, A. (2017). Disruption of adolescents' circadian clock: The vicious circle of media use, exposure to light at night, sleep loss, and risk behaviors. Journal of Clinical Sleep Medicine, 13(7), 939-946. https://doi.org/10.5664/jcsm.6706  
"5. van der Lely, S., Frey, S., Garbazza, C., Wirz-Justice, A., Jenni, O. G., Steiner, R., ... & Schmidt, C. (2015). Blue blocker glasses as a countermeasure for alerting effects of evening light-emitting diode screen exposure in male teenagers. Journal of Adolescent Health, 56(1), 113-119. https://doi.org/10.1016/j.jadohealth.2014.08.017  """
"2025-06-14T19:30:47Z,""thread_0qnIYB9Vc3Imww0gvtSBuv0G"",""run_sSXqv3bYQrYosQ5L3Y77iZ2p"",""assistant"",""1. Cain, N., & Gradisar, M. (2010). Electronic media use and sleep in school-aged children and adolescents: A review. Sleep Medicine, 11(8), 735-742. https://doi.org/10.1016/j.sleep.2010.02.006  "
2. Chang, A. M., Aeschbach, D., Duffy, J. F., & Czeisler, C. A. (2015). Evening use of light-emitting eReaders negatively affects sleep, circadian timing, and next-morning alertness. Proceedings of the National Academy of Sciences, 112(4), 1232-1237. https://doi.org/10.1073/pnas.1418490112  
3. Keyes, K. M., Maslowsky, J., Hamilton, A., & Schulenberg, J. (2015). The great sleep recession: Changes in sleep duration among US adolescents, 1991–2012. Pediatrics, 135(3), 460-468. https://doi.org/10.1542/peds.2014-2707  
4. Touitou, Y., Touitou, D., & Reinberg, A. (2016). Disruption of adolescents' circadian clock: The vicious circle of media use, exposure to light at night, sleep loss, and risk behaviors. Journal of Adolescence, 61, 55-59. https://doi.org/10.1016/j.adolescence.2017.08.003  
"5. Wahl, S., Engelhardt, M., Schaupp, P., Lappe, C., & Ivanov, I. V. (2019). The impact of light on melatonin secretion, sleep, and circadian rhythm. Sleep Medicine Reviews, 43, 58-68. https://doi.org/10.1016/j.smrv.2018.10.004  """
"2025-06-14T19:30:57Z,""thread_VwAKKXpMhGi6FIOs8KQHHlVz"",""run_d3GeaYyi0uhjdYZVSE6LSjD5"",""assistant"",""1. Cain, N., & Gradisar, M. (2010). Electronic media use and sleep in school-aged children and adolescents: A review. *Sleep Medicine*, *11*(8), 735–742. https://doi.org/10.1016/j.sleep.2010.02.006  "
2. Cajochen, C., Frey, S., Anders, D., Späti, J., Bues, M., Pross, A., & Stefani, O. (2011). Evening exposure to a light-emitting diodes (LED)-backlit computer screen affects circadian physiology and cognitive performance. *Journal of Applied Physiology*, *110*(5), 1432–1438. https://doi.org/10.1152/japplphysiol.00165.2011  
3. Falbe, J., Davison, K. K., Franckle, R. L., Ganter, C., Gortmaker, S. L., Smith, L., & Taveras, E. M. (2015). Sleep duration, restfulness, and screens in the sleep environment. *Pediatrics*, *135*(2), e367–e375. https://doi.org/10.1542/peds.2014-2306  
4. Hale, L., & Guan, S. (2015). Screen time and sleep among school-aged children and adolescents: A systematic literature review. *Sleep Medicine Reviews*, *21*, 50–58. https://doi.org/10.1016/j.smrv.2014.07.007  
"5. Levenson, J. C., Shensa, A., Sidani, J. E., Colditz, J. B., & Primack, B. A. (2017). The association between social media use and sleep disturbance among young adults. *Preventive Medicine*, *95*, 36–41. https://doi.org/10.1016/j.ypmed.2016.11.017  """
"2025-06-14T19:31:05Z,""thread_VN6mivYpXRdWts9vS5iYOLBV"",""run_cNo1VeZBzsww4aemSMCoJQCk"",""assistant"",""1. Gradisar, M., Wolfson, A. R., Harvey, A., Hale, L., Rosenberg, R., & Czeisler, C. A. (2013). The impact of technology on sleep and children’s well-being. Sleep Medicine Clinics, 8(4), 113-125. https://doi.org/10.1016/j.jsmc.2013.10.007  "
2. Cain, N., & Gradisar, M. (2010). Electronic media use and sleep in school-aged children and adolescents: A review. Sleep Medicine, 11(8), 735-742. https://doi.org/10.1016/j.sleep.2010.02.006  
3. Chang, A.-M., Aeschbach, D., Duffy, J. F., & Czeisler, C. A. (2015). Evening use of light-emitting eReaders negatively affects sleep, circadian timing, and next-morning alertness. Proceedings of the National Academy of Sciences, 112(4), 1232-1237. https://doi.org/10.1073/pnas.1418490112  
4. van der Lely, S., Frey, S., Garbazza, C., Wirz-Justice, A., Jenni, O. G., Steiner, R., & Schmidt, C. (2015). Blue blocker glasses as a countermeasure for alerting effects of evening light-emitting diode screen exposure in teenagers. Journal of Adolescent Health, 56(1), 113-119. https://doi.org/10.1016/j.jadohealth.2014.08.002  
"5. Hale, L., & Guan, S. (2015). Screen time and sleep among school-aged children and adolescents: A systematic literature review. Sleep Medicine Reviews, 21, 50-58. https://doi.org/10.1016/j.smrv.2014.07.007  """
"2025-06-14T19:31:13Z,""thread_OHSnDoAM0JPKhCMwSVaI5gst"",""run_JqcxphKsgMZJbbHHfjlM2Hwn"",""assistant"",""1. Cajochen, C., Frey, S., Anders, D., Späti, J., Bues, M., Pross, A., & Münch, M. (2011). Evening exposure to a light-emitting diodes (LED)-backlit computer screen affects circadian physiology and cognitive performance. *Journal of Applied Physiology, 110*(5), 1432-1438. https://doi.org/10.1152/japplphysiol.00165.2011  "
2. Hagan, J., Shaw, M., & Duncan, M. (2021). Impact of evening screen time on sleep in children and adolescents: A systematic review. *Sleep Health, 7*(2), 117-125. https://doi.org/10.1016/j.jpsychores.2021.09.002  
3. Chang, A. M., Aeschbach, D., Duffy, J. F., & Czeisler, C. A. (2015). Evening use of light-emitting eReaders negatively affects sleep, circadian timing, and next-morning alertness. *Proceedings of the National Academy of Sciences, 112*(4), 1232-1237. https://doi.org/10.1073/pnas.1418490112  
4. Leung, L., & Griffiths, M. D. (2019). A systematic review of adolescent sleep patterns and screen time: Implications for youth mental health. *International Journal of Environmental Research and Public Health, 16*(10), 1738. https://doi.org/10.3390/ijerph16101738  
"5. Falbe, J., Davison, K. K., Franckle, R. L., & Gortmaker, S. L. (2015). Sleep duration and screen time in relation to children’s health behaviors. *Journal of Pediatrics, 167*(4), 911-916. https://doi.org/10.1016/j.jpeds.2015.07.050  """
"2025-06-14T19:31:23Z,""thread_55Q2eapjNQdvUidNmfWkdLTS"",""run_rKtPfI59Vq2T0vlv0hbea2Oi"",""assistant"",""1. Cain, N., & Gradisar, M. (2010). Electronic media use and sleep in school-aged children and adolescents: A review. *Sleep Medicine*, *11*(8), 735-742. https://doi.org/10.1016/j.sleep.2010.02.006  "
2. van den Bulck, J. (2007). Adolescent use of mobile phones for calling and for sending text messages after lights out: Results from a cohort study. *Sleep*, *30*(9), 1220-1223. https://doi.org/10.1093/sleep/30.9.1220  
3. Chang, A. M., Aeschbach, D., Duffy, J. F., & Czeisler, C. A. (2015). Evening use of light-emitting eReaders negatively affects sleep, circadian timing, and next-morning alertness. *Proceedings of the National Academy of Sciences*, *112*(4), 1232-1237. https://doi.org/10.1073/pnas.1418490112  
4. Hale, L., & Guan, S. (2015). Screen time and sleep among school-aged children and adolescents: A systematic literature review. *Sleep Medicine Reviews*, *21*, 50-58. https://doi.org/10.1016/j.smrv.2014.07.007  
"5. Touitou, Y., Touitou, D., & Reinberg, A. (2017). Disruption of adolescents' circadian clock: The vicious circle of media use, exposure to light at night, sleep loss, and risk behaviors. *Journal of Clinical Sleep Medicine*, *13*(7), 939-946. https://doi.org/10.5664/jcsm.6694"""
"2025-06-14T19:31:31Z,""thread_DALZGY7E1CFVa8WDqCIVWfhv"",""run_1AKh6AVcVYSBH7S4bGa4iqOG"",""assistant"",""1. Cheung, C. H. M., Bedford, R., Saez De Urabain, I. R., Karmiloff-Smith, A., & Smith, T. J. (2017). Daily touchscreen use in infants and toddlers is associated with reduced sleep and delayed sleep onset. *Scientific Reports, 7*(1), 46104. https://doi.org/10.1038/srep46104  "
2. Cain, N., & Gradisar, M. (2010). Electronic media use and sleep in school-aged children and adolescents: A review. *Sleep Medicine, 11*(8), 735-742. https://doi.org/10.1016/j.sleep.2010.02.006  
3. Falbe, J., Davison, K. K., Franckle, R. L., & Gortmaker, S. L. (2015). Sleep duration, restfulness, and screens in the sleep environment. *Pediatrics, 135*(2), e367-e375. https://doi.org/10.1542/peds.2014-2306  
4. Chang, A. M., Aeschbach, D., Duffy, J. F., & Czeisler, C. A. (2015). Evening use of light-emitting eReaders negatively affects sleep, circadian timing, and next-morning alertness. *Proceedings of the National Academy of Sciences, 112*(4), 1232-1237. https://doi.org/10.1073/pnas.1418490112  
"5. Higuchi, S., Motohashi, Y., Liu, Y., & Maeda, A. (2003). Effects of VDT tasks with a bright display on nocturnal melatonin secretion. *Journal of Applied Physiology, 94*(5), 1773-1776. https://doi.org/10.1152/japplphysiol.00616.2002"""
"2025-06-14T19:31:40Z,""thread_chBRSn0DgXrbX7ahWRhUtoCW"",""run_r0vAtPuAXIbKUYs8AhFWcISV"",""assistant"",""1. Cain, N., & Gradisar, M. (2010). Electronic media use and sleep in school-aged children and adolescents: A review. *Sleep Medicine*, 11(8), 735-742. https://doi.org/10.1016/j.sleep.2010.02.006  "
2. van den Bulck, J. (2004). Television viewing, computer game playing, and Internet use and self-reported bedtime and time out of bed in secondary-school children. *Sleep*, 27(1), 101-104. https://doi.org/10.1093/sleep/27.1.101  
3. Higuchi, S., Motohashi, Y., Liu, Y., & Maeda, A. (2005). Effects of VDT tasks with a bright display on melatonin levels in saliva. *American Journal of Industrial Medicine*, 48(2), 142-147. https://doi.org/10.1002/ajim.20207  
4. Cajochen, C., Frey, S., Anders, D., Späti, J., Bues, M., Pross, A., & Stefani, O. (2011). Evening exposure to a light-emitting diodes (LED)-backlit computer screen affects circadian physiology and cognitive performance. *Journal of Applied Physiology*, 110(5), 1432-1438. https://doi.org/10.1152/japplphysiol.00165.2011  
"5. Touitou, Y., Touitou, D., & Reinberg, A. (2017). Disruption of adolescents' circadian clock: The vicious circle of media use, exposure to light at night, sleep loss, and risk behaviors. *Journal of Clinical Sleep Medicine*, 13(11), 1199-1209. https://doi.org/10.5664/jcsm.6822  """
"2025-06-14T19:31:48Z,""thread_dBEZDhS1WnUoUz6QPVkfW7ab"",""run_9mXCZQeXKy9kai2345yCL61l"",""assistant"",""1. Cain, N., & Gradisar, M. (2010). Electronic media use and sleep in school-aged children and adolescents: A review. *Sleep Medicine*, 11(8), 735–742. https://doi.org/10.1016/j.sleep.2010.02.006  "
2. Cajochen, C., Frey, S., Anders, D., Späti, J., Bues, M., Pross, A., ... & Stefani, O. (2011). Evening exposure to a light-emitting diodes (LED)-backlit computer screen affects circadian physiology and cognitive performance. *Journal of Applied Physiology*, 110(5), 1432–1438. https://doi.org/10.1152/japplphysiol.00165.2011  
3. Higuchi, S., Motohashi, Y., Liu, Y., & Maeda, A. (2003). Effects of VDT tasks with a bright display on melatonin levels in saliva. *American Journal of Industrial Medicine*, 44(6), 691–692. https://doi.org/10.1002/ajim.10286  
4. Chang, A. M., Aeschbach, D., Duffy, J. F., & Czeisler, C. A. (2015). Evening use of light-emitting eReaders negatively affects sleep, circadian timing, and next-morning alertness. *Proceedings of the National Academy of Sciences*, 112(4), 1232–1237. https://doi.org/10.1073/pnas.1418490112  
"5. Falbe, J., Davison, K. K., Franckle, R. L., Ganter, C., Gortmaker, S. L., Smith, L., & Taveras, E. M. (2015). Sleep duration, restfulness, and screens in the sleep environment. *Pediatrics*, 135(2), e367–e375. https://doi.org/10.1542/peds.2014-2306  """
"2025-06-14T19:31:56Z,""thread_gfVfk1UoBjAjEeKcqzatuWvm"",""run_jeOB6F9w8CFj2xkDLxP4mG2r"",""assistant"",""1. Carskadon, M. A. (2011). Sleep in adolescents: The perfect storm. Pediatric Clinics of North America, 58(3), 637-647. https://doi.org/10.1016/j.pcl.2011.03.003  "
2. Cajochen, C., Frey, S., Anders, D., Späti, J., Bues, M., Pross, A., & Wirz-Justice, A. (2011). Evening exposure to a light-emitting diodes (LED)-backlit computer screen affects circadian physiology and cognitive performance. Journal of Applied Physiology, 110(5), 1432-1438. https://doi.org/10.1152/japplphysiol.00165.2011  
3. Chang, A. M., Aeschbach, D., Duffy, J. F., & Czeisler, C. A. (2015). Evening use of light-emitting eReaders negatively affects sleep, circadian timing, and next-morning alertness. Proceedings of the National Academy of Sciences, 112(4), 1232-1237. https://doi.org/10.1073/pnas.1418490112  
4. Hale, L., & Guan, S. (2015). Screen time and sleep among school-aged children and adolescents: A systematic literature review. Sleep Medicine Reviews, 21, 50-58. https://doi.org/10.1016/j.smrv.2014.07.007  
"5. Touitou, Y., Touitou, D., & Reinberg, A. (2017). Disruption of adolescents' circadian clock due to digital screen exposure: A clinical review. International Journal of Molecular Sciences, 18(4), 920. https://doi.org/10.3390/ijms18040920  """
"2025-06-14T19:32:06Z,""thread_UTB3WrgZPe7Hw3kySlzrEJnm"",""run_hWAsxZyuEfJPjZieEBxMvDzd"",""assistant"",""1. Cain, N., & Gradisar, M. (2010). Electronic media use and sleep in school-aged children and adolescents: A review. *Sleep Medicine*, 11(8), 735–742. https://doi.org/10.1016/j.sleep.2010.02.006  "
2. Chang, A. M., Aeschbach, D., Duffy, J. F., & Czeisler, C. A. (2015). Evening use of light-emitting eReaders negatively affects sleep, circadian timing, and next-morning alertness. *Proceedings of the National Academy of Sciences*, 112(4), 1232–1237. https://doi.org/10.1073/pnas.1418490112  
3. Falbe, J., Davison, K. K., Franckle, R. L., Ganter, C., Gortmaker, S. L., Smith, L., & Taveras, E. M. (2015). Sleep duration, restfulness, and screens in the sleep environment. *Pediatrics*, 135(2), e367–e375. https://doi.org/10.1542/peds.2014-2306  
4. Cheung, C. H. M., Bedford, R., Saez De Urabain, I. R., Karmiloff-Smith, A., & Smith, T. J. (2017). Daily touchscreen use in infants and toddlers is associated with reduced sleep and delayed sleep onset. *Scientific Reports*, 7(1), 46104. https://doi.org/10.1038/srep46104  
"5. Hale, L., & Guan, S. (2015). Screen time and sleep among school-aged children and adolescents: A systematic literature review. *Sleep Medicine Reviews*, 21, 50–58. https://doi.org/10.1016/j.smrv.2014.07.007  """
"2025-06-14T19:32:13Z,""thread_MIJKEFntzfEhYdZ5u3GgZLGS"",""run_GnQVKov70B2ZvuHY44oTYG0M"",""assistant"",""1. Cain, N., & Gradisar, M. (2010). Electronic media use and sleep in school-aged children and adolescents: A review. Sleep Medicine, 11(8), 735-742. https://doi.org/10.1016/j.sleep.2010.02.006  "
2. Cajochen, C., Frey, S., Anders, D., Späti, J., Bues, M., Pross, A., & Wirz-Justice, A. (2011). Evening exposure to a light-emitting diode (LED)-backlit computer screen affects circadian physiology and cognitive performance. Journal of Applied Physiology, 110(5), 1432-1438. https://doi.org/10.1152/japplphysiol.00165.2011  
3. Chang, A. M., Aeschbach, D., Duffy, J. F., & Czeisler, C. A. (2015). Evening use of light-emitting eReaders negatively affects sleep, circadian timing, and next-morning alertness. Proceedings of the National Academy of Sciences, 112(4), 1232-1237. https://doi.org/10.1073/pnas.1418490112  
4. Arora, T., Broglia, E., Thomas, G. N., & Taheri, S. (2014). Associations between specific technologies and adolescent sleep quantity, sleep quality, and parasomnias. Sleep Medicine, 15(2), 240-247. https://doi.org/10.1016/j.sleep.2013.08.799  
"5. Hale, L., & Guan, S. (2015). Screen time and sleep among school-aged children and adolescents: A systematic literature review. Sleep Medicine Reviews, 21, 50-58. https://doi.org/10.1016/j.smrv.2014.07.007  """
"2025-06-14T19:32:20Z,""thread_R5gzNTToZwiUnW1gb1QOyFc0"",""run_A3bv9V2OL7stMldmzVKGG45r"",""assistant"",""1. Chang, A. M., Aeschbach, D., Duffy, J. F., & Czeisler, C. A. (2015). Evening use of light-emitting eReaders negatively affects sleep, circadian timing, and next-morning alertness. *Proceedings of the National Academy of Sciences, 112*(4), 1232-1237. https://doi.org/10.1073/pnas.1418490112  "
2. Arora, T., Broglia, E., Thomas, G. N., & Taheri, S. (2014). Associations between specific technologies and adolescent sleep quantity, sleep quality, and parasomnias. *Sleep Medicine, 15*(2), 240-247. https://doi.org/10.1016/j.sleep.2013.08.799  
3. Cain, N., & Gradisar, M. (2010). Electronic media use and sleep in school-aged children and adolescents: A review. *Sleep Medicine, 11*(8), 735-742. https://doi.org/10.1016/j.sleep.2010.02.006  
4. Hale, L., & Guan, S. (2015). Screen time and sleep among school-aged children and adolescents: A systematic literature review. *Sleep Medicine Reviews, 21*, 50-58. https://doi.org/10.1016/j.smrv.2014.07.007  
"5. van der Lely, S., Frey, S., Garbazza, C., Wirz-Justice, A., Jenni, O. G., Steiner, R., & Wolf, S. (2015). Blue blocker glasses as a countermeasure for alerting effects of evening light-emitting diode screen exposure in young teenagers. *Journal of Adolescent Health, 56*(1), 113-119. https://doi.org/10.1016/j.jadohealth.2014.08.002  """
"2025-06-14T19:32:30Z,""thread_BoIxrsQy8f42Xdt2FKRTMdLV"",""run_S5qGUiPWmB8ScBMGkpmZbwyz"",""assistant"",""1. Cajochen, C., Frey, S., Anders, D., Späti, J., Bues, M., Pross, A., ... & Stefani, O. (2011). Evening exposure to a light-emitting diodes (LED)-backlit computer screen affects circadian physiology and cognitive performance. Journal of Applied Physiology, 110(5), 1432-1438. https://doi.org/10.1152/japplphysiol.00165.2011  "
2. Chang, A. M., Aeschbach, D., Duffy, J. F., & Czeisler, C. A. (2015). Evening use of light-emitting eReaders negatively affects sleep, circadian timing, and next-morning alertness. Proceedings of the National Academy of Sciences, 112(4), 1232-1237. https://doi.org/10.1073/pnas.1418490112  
3. Higuchi, S., Motohashi, Y., Liu, Y., & Maeda, A. (2003). Effects of VDT tasks with a bright display on melatonin levels in saliva. American Journal of Industrial Medicine, 44(6), 666-671. https://doi.org/10.1002/ajim.10286  
4. Heath, M., Sutherland, C., Bartel, K., Gradisar, M., & Williamson, P. (2014). Pre-sleep technology use and sleep outcomes in adolescents: A meta-analysis. Sleep Medicine, 15(9), 1173-1177. https://doi.org/10.1016/j.sleep.2014.02.005  
"5. van der Lely, S., Frey, S., Garbazza, C., Wirz-Justice, A., Jenni, O. G., Steiner, R., & Schmidt, C. (2015). Blue blocker glasses as a countermeasure for alerting effects of evening light-emitting diode screen exposure in teenagers. Journal of Adolescent Health, 56(1), 113-119. https://doi.org/10.1016/j.jadohealth.2014.08.002  """
"2025-06-14T19:32:38Z,""thread_XPMnCsAbxu41nacF6Y4CSUmq"",""run_jmd1aLvYaYqRkYk4zAgQi9Kd"",""assistant"",""1. Cain, N., & Gradisar, M. (2010). Electronic media use and sleep in school-aged children and adolescents: A review. Sleep Medicine, 11(8), 735-742. https://doi.org/10.1016/j.sleep.2010.02.006"
2. Hale, L., & Guan, S. (2015). Screen time and sleep among school-aged children and adolescents: A systematic literature review. Sleep Medicine Reviews, 21, 50-58. https://doi.org/10.1016/j.smrv.2014.07.007
3. Touitou, Y., Touitou, D., & Reinberg, A. (2016). Disruption of the circadian system by environmental factors: Effects of electronic devices, artificial light, and lifestyle. Frontiers in Bioscience, 21, 137–156. https://doi.org/10.2741/4373
4. Chang, A. M., Aeschbach, D., Duffy, J. F., & Czeisler, C. A. (2015). Evening use of light-emitting eReaders negatively affects sleep, circadian timing, and next-morning alertness. Proceedings of the National Academy of Sciences, 112(4), 1232-1237. https://doi.org/10.1073/pnas.1418490112
"5. Falbe, J., Davison, K. K., Franckle, R. L., & Gortmaker, S. L. (2015). Sleep duration and obesity in children: Effects of screen time and family routines. Pediatrics, 135(2), e367-e375. https://doi.org/10.1542/peds.2014-2306"""
"2025-06-14T19:32:47Z,""thread_swtqcrntVCTIH4DLs58QaS1H"",""run_1eRUjoPOrXDC8ZOqn5k2cSau"",""assistant"",""1. Gradisar, M., Wolfson, A. R., Harvey, A. G., Hale, L., Rosenberg, R., & Czeisler, C. A. (2013). The impact of technology on sleep and children’s health. *Sleep Medicine Clinics, 8*(4), 505-512. https://doi.org/10.1016/j.jsmc.2013.04.003  "
2. Cain, N., & Gradisar, M. (2010). Electronic media use and sleep in school-aged children and adolescents: A review. *Sleep Medicine, 11*(8), 735-742. https://doi.org/10.1016/j.sleep.2010.02.006  
3. Cheung, C. H., Bedford, R., Saez De Urabain, I. R., Karmiloff-Smith, A., & Smith, T. J. (2017). Daily touchscreen use in infants and toddlers is associated with reduced sleep and delayed sleep onset. *Scientific Reports, 7*(1), 46104. https://doi.org/10.1038/srep46104  
4. Hale, L., & Guan, S. (2015). Screen time and sleep among school-aged children and adolescents: A systematic literature review. *Sleep Medicine Reviews, 21*, 50-58. https://doi.org/10.1016/j.smrv.2014.07.007  
"5. Perrault, A. A., Bayer, L., Peuvrier, M., Afzali, M. H., Métrailler, J., & Schwartz, S. (2019). Blue light exposure accelerates the re-entrainment of circadian rhythms after nighttime shifts in humans. *Scientific Reports, 9*(1), 11003. https://doi.org/10.1038/s41598-019-47478-5  """
"2025-06-14T19:32:56Z,""thread_LI61Rk70rsJyzqEhEMKWPvAJ"",""run_2qME8CB3jK41claErtuNLiB0"",""assistant"",""1. Cain, N., & Gradisar, M. (2010). Electronic media use and sleep in school-aged children and adolescents: A review. *Sleep Medicine*, 11(8), 735-742. https://doi.org/10.1016/j.sleep.2010.02.006  "
2. Chang, A. M., Aeschbach, D., Duffy, J. F., & Czeisler, C. A. (2015). Evening use of light-emitting eReaders negatively affects sleep, circadian timing, and next-morning alertness. *Proceedings of the National Academy of Sciences*, 112(4), 1232-1237. https://doi.org/10.1073/pnas.1418490112  
3. Hale, L., & Guan, S. (2015). Screen time and sleep among school-aged children and adolescents: A systematic literature review. *Sleep Medicine Reviews*, 21, 50-58. https://doi.org/10.1016/j.smrv.2014.07.007  
4. Touitou, Y., Touitou, D., & Reinberg, A. (2017). Disruption of adolescents' circadian clock: The vicious circle of media use, exposure to light at night, sleep loss, and risk behaviors. *Journal of Physiology-Paris*, 110(4), 467-479. https://doi.org/10.1016/j.jphysparis.2017.05.001  
"5. Falbe, J., Davison, K. K., Franckle, R. L., Ganter, C., Gortmaker, S. L., Smith, L., & Taveras, E. M. (2015). Sleep duration, restfulness, and screens in the sleep environment. *Pediatrics*, 135(2), e367-e375. https://doi.org/10.1542/peds.2014-2306  """
"2025-06-14T19:33:05Z,""thread_AYSbOos9uIopZO3SO5cvicZE"",""run_qjr2mrsvYZPbGbiDbJAdRukt"",""assistant"",""1. Cain, N., & Gradisar, M. (2010). Electronic media use and sleep in school-aged children and adolescents: A review. Sleep Medicine, 11(8), 735-742. https://doi.org/10.1016/j.sleep.2010.02.006  "
2. Cajochen, C., Frey, S., Anders, D., Späti, J., Bues, M., Pross, A., & Stefani, O. (2011). Evening exposure to a light-emitting diodes (LED)-backlit computer screen affects circadian physiology and cognitive performance. Journal of Applied Physiology, 110(5), 1432-1438. https://doi.org/10.1152/japplphysiol.00165.2011  
3. van der Lely, S., Frey, S., Garbazza, C., Wirz-Justice, A., Jenni, O. G., Steiner, R., & Schmidt, C. (2015). Blue blocker glasses as a countermeasure for alerting effects of evening light-emitting diode screen exposure in male adolescents. Journal of Adolescent Health, 56(1), 113-119. https://doi.org/10.1016/j.jadohealth.2014.08.002  
4. Touitou, Y., Touitou, D., & Reinberg, A. (2016). Disruption of the circadian system by environmental factors: Effects of electric light and electronic devices. Chronobiology International, 33(4), 520-529. https://doi.org/10.3109/07420528.2016.1170171  
"5. Chang, A. M., Aeschbach, D., Duffy, J. F., & Czeisler, C. A. (2015). Evening use of light-emitting eReaders negatively affects sleep, circadian timing, and next-morning alertness. Proceedings of the National Academy of Sciences, 112(4), 1232-1237. https://doi.org/10.1073/pnas.1418490112  """
"2025-06-14T19:33:13Z,""thread_vx4c8gHx4Q9aPF7sy7YfMXHN"",""run_pWKq1htMXCuBRKrzDgoNLDbf"",""assistant"",""1. Chang, A. M., Aeschbach, D., Duffy, J. F., & Czeisler, C. A. (2015). Evening use of light-emitting eReaders negatively affects sleep, circadian timing, and next-morning alertness. *Proceedings of the National Academy of Sciences, 112*(4), 1232–1237. https://doi.org/10.1073/pnas.1418490112  "
2. Cain, N., & Gradisar, M. (2010). Electronic media use and sleep in school-aged children and adolescents: A review. *Sleep Medicine, 11*(8), 735–742. https://doi.org/10.1016/j.sleep.2010.02.006  
3. van der Lely, S., Frey, S., Garbazza, C., Wirz-Justice, A., Jenni, O. G., Steiner, R., & Schmidt, C. (2015). Blue blocker glasses as a countermeasure for alerting effects of evening light-emitting diode screen exposure in teenagers. *Journal of Adolescent Health, 56*(1), 113–119. https://doi.org/10.1016/j.jadohealth.2014.08.002  
4. Falbe, J., Rosner, B., Willett, W. C., & Gortmaker, S. L. (2016). Adiposity and different types of screen time. *Pediatrics, 138*(5), e20153987. https://doi.org/10.1542/peds.2015-3987  
"5. Hale, L., & Guan, S. (2015). Screen time and sleep among school-aged children and adolescents: A systematic literature review. *Sleep Medicine Reviews, 21*, 50–58. https://doi.org/10.1016/j.smrv.2014.07.007  """
"2025-06-14T19:33:23Z,""thread_qQ8poqwzbHeC32T10wNIhFu4"",""run_tllTkSTtAUANDCfNQkumxbUQ"",""assistant"",""1. Cajochen, C., Frey, S., Anders, D., Späti, J., Bues, M., Pross, A., ... & Wirz-Justice, A. (2011). Evening exposure to a light-emitting diodes (LED)-backlit computer screen affects circadian physiology and cognitive performance. *Journal of Applied Physiology, 110*(5), 1432-1438. https://doi.org/10.1152/japplphysiol.00165.2011  "
2. Chang, A. M., Aeschbach, D., Duffy, J. F., & Czeisler, C. A. (2015). Evening use of light-emitting eReaders negatively affects sleep, circadian timing, and next-morning alertness. *Proceedings of the National Academy of Sciences, 112*(4), 1232-1237. https://doi.org/10.1073/pnas.1418490112  
3. Levenson, J. C., Shensa, A., Sidani, J. E., Colditz, J. B., & Primack, B. A. (2017). The association between social media use and sleep disturbance among young adults. *Preventive Medicine, 85*, 36-41. https://doi.org/10.1016/j.ypmed.2016.11.012  
4. Hale, L., & Guan, S. (2015). Screen time and sleep among school-aged children and adolescents: A systematic literature review. *Sleep Medicine Reviews, 21*, 50-58. https://doi.org/10.1016/j.smrv.2014.07.007  
"5. van der Lely, S., Frey, S., Garbazza, C., Wirz-Justice, A., Jenni, O. G., Steiner, R., ... & Cajochen, C. (2015). Blue blocker glasses as a countermeasure for alerting effects of evening light-emitting diode screen exposure in male teenagers. *Journal of Adolescent Health, 56*(1), 113-119. https://doi.org/10.1016/j.jadohealth.2014.08.002  """
"2025-06-14T19:33:31Z,""thread_TxkRUIUExY42y6tQB2oUf3JD"",""run_dKbIb86xpx9JMLyrAUGiHCEW"",""assistant"",""1. Cain, N., & Gradisar, M. (2010). Electronic media use and sleep in school-aged children and adolescents: A review. Sleep Medicine, 11(8), 735-742. https://doi.org/10.1016/j.sleep.2010.02.006  "
2. Hale, L., & Guan, S. (2015). Screen time and sleep among school-aged children and adolescents: A systematic literature review. Sleep Medicine Reviews, 21, 50-58. https://doi.org/10.1016/j.smrv.2014.07.007  
3. Chang, A. M., Aeschbach, D., Duffy, J. F., & Czeisler, C. A. (2015). Evening use of light-emitting eReaders negatively affects sleep, circadian timing, and next-morning alertness. Proceedings of the National Academy of Sciences, 112(4), 1232-1237. https://doi.org/10.1073/pnas.1418490112  
4. Touitou, Y., Touitou, D., & Reinberg, A. (2017). Disruption of adolescents' circadian clock: The vicious circle of media use, exposure to light at night, sleep loss, and risk behaviors. Journal of Physiology and Paris, 110(4), 467-479. https://doi.org/10.1016/j.jphysparis.2017.05.001  
"5. Falbe, J., Davison, K. K., Franckle, R. L., Ganter, C., Gortmaker, S. L., Smith, L., & Taveras, E. M. (2015). Sleep duration, restfulness, and screens in the sleep environment. Pediatrics, 135(2), e367-e375. https://doi.org/10.1542/peds.2014-2306  """
"2025-06-14T19:33:40Z,""thread_Fz5pYho5D4oTGL4EIKeVg0Lv"",""run_SJDoJcnG6v4nixltp5Ig4pm1"",""assistant"",""1. Chang, A. M., Aeschbach, D., Duffy, J. F., & Czeisler, C. A. (2015). Evening use of light-emitting eReaders negatively affects sleep, circadian timing, and next-morning alertness. *Proceedings of the National Academy of Sciences, 112*(4), 1232-1237. https://doi.org/10.1073/pnas.1418490112  "
2. Cajochen, C., Frey, S., Anders, D., Späti, J., Bues, M., Pross, A., … Stefani, O. (2011). Evening exposure to a light-emitting diode (LED)-backlit computer screen affects circadian physiology and cognitive performance. *Journal of Applied Physiology, 110*(5), 1432-1438. https://doi.org/10.1152/japplphysiol.00165.2011  
3. Touitou, Y., Touitou, D., & Reinberg, A. (2017). Disruption of the circadian system by environmental factors: Effects of evening exposure to light-emitting diodes on human health, sleep, and cognition. *Chronobiology International, 34*(8), 1081-1094. https://doi.org/10.1080/07420528.2017.1346799  
4. van der Lely, S., Frey, S., Garbazza, C., Wirz-Justice, A., Jenni, O. G., Steiner, R., … Schmidt, C. (2015). Blue blocker glasses as a countermeasure for alerting effects of evening light-emitting diode screen exposure in male adolescents. *Journal of Adolescent Health, 56*(1), 113-119. https://doi.org/10.1016/j.jadohealth.2014.08.002  
"5. Hale, L., & Guan, S. (2015). Screen time and sleep among school-aged children and adolescents: A systematic literature review. *Sleep Medicine Reviews, 21*, 50-58. https://doi.org/10.1016/j.smrv.2014.07.007  """
"2025-06-14T19:33:47Z,""thread_DJ15gmG4fA2n7iQadTVBfOSI"",""run_cgciAH2lKdo98bZAnV2kX7ZG"",""assistant"",""1. Cain, N., & Gradisar, M. (2010). Electronic media use and sleep in school-aged children and adolescents: A review. *Sleep Medicine*, 11(8), 735–742. https://doi.org/10.1016/j.sleep.2010.02.006  "
2. Chang, A. M., Aeschbach, D., Duffy, J. F., & Czeisler, C. A. (2015). Evening use of light-emitting eReaders negatively affects sleep, circadian timing, and next-morning alertness. *Proceedings of the National Academy of Sciences*, 112(4), 1232–1237. https://doi.org/10.1073/pnas.1418490112  
3. Li, S., Jin, X., Wu, S., Jiang, F., Yan, C., & Shen, X. (2007). The impact of media use on sleep patterns and sleep disorders among school-aged children in China. *Sleep*, 30(3), 361–367. https://doi.org/10.1093/sleep/30.3.361  
4. Touitou, Y., Touitou, D., & Reinberg, A. (2017). Disruption of adolescents' circadian clock: The vicious circle of media use, exposure to light at night, sleep loss, and risk behaviors. *Journal of Physiology Paris*, 110(4), 467–479. https://doi.org/10.1016/j.jphysparis.2017.05.001  
"5. Hale, L., & Guan, S. (2015). Screen time and sleep among school-aged children and adolescents: A systematic literature review. *Sleep Medicine Reviews*, 21, 50–58. https://doi.org/10.1016/j.smrv.2014.07.007  """
"2025-06-14T19:33:56Z,""thread_DfB6rcI1YlQhsP5rdntwYc2s"",""run_lsUyw9DOfTk4UJReQMj2MiV7"",""assistant"",""1. Cajochen, C., Frey, S., Anders, D., Späti, J., Bues, M., Pross, A., & Wirz-Justice, A. (2011). Evening exposure to a light-emitting diodes (LED)-backlit computer screen affects circadian physiology and cognitive performance. *Journal of Applied Physiology, 110*(5), 1432-1438. https://doi.org/10.1152/japplphysiol.00165.2011"
2. Chang, A. M., Aeschbach, D., Duffy, J. F., & Czeisler, C. A. (2015). Evening use of light-emitting eReaders negatively affects sleep, circadian timing, and next-morning alertness. *Proceedings of the National Academy of Sciences, 112*(4), 1232-1237. https://doi.org/10.1073/pnas.1418490112
3. Touitou, Y., & Touitou, D. (2016). Illumination and the sleep-wake cycle in children: Exposure to electronic devices in the evening. *Chronobiology International, 33*(3), 334-338. https://doi.org/10.3109/07420528.2016.1149197
4. Hale, L., & Guan, S. (2015). Screen time and sleep among school-aged children and adolescents: A systematic literature review. *Sleep Medicine Reviews, 21*, 50-58. https://doi.org/10.1016/j.smrv.2014.07.007
"5. Falbe, J., Rosner, B., Rifas-Shiman, S. L., Ware, C. B., & Taveras, E. M. (2015). Sleep duration and screen time. *Journal of Pediatrics, 167*(4), 925-929. https://doi.org/10.1016/j.jpeds.2015.07.005"""
"2025-06-14T19:34:04Z,""thread_UhklWBg6rypqDIn8IjgtCI5o"",""run_zrHSanJWKaxr1JjT4qAIIOu5"",""assistant"",""1. Cain, N., & Gradisar, M. (2010). Electronic media use and sleep in school-aged children and adolescents: A review. Sleep Medicine, 11(8), 735-742. https://doi.org/10.1016/j.sleep.2010.02.006  "
2. Chang, A. M., Aeschbach, D., Duffy, J. F., & Czeisler, C. A. (2015). Evening use of light-emitting eReaders negatively affects sleep, circadian timing, and next-morning alertness. Proceedings of the National Academy of Sciences, 112(4), 1232-1237. https://doi.org/10.1073/pnas.1418490112  
3. van den Bulck, J. (2004). Television viewing, computer game playing, and internet use and self-reported sleep disturbances in school children. Sleep, 27(1), 101-105. https://doi.org/10.1093/sleep/27.1.101  
4. Touitou, Y., Touitou, D., & Reinberg, A. (2016). Disruption of adolescents' circadian clock: The vicious circle of media use, exposure to light at night, sleep loss, and risk behaviors. Journal of Adolescence, 52, 136-149. https://doi.org/10.1016/j.adolescence.2016.07.001  
"5. Huber, R., Felice Ghilardi, M., Massimini, M., & Tononi, G. (2004). Local sleep and learning. Nature, 430(6995), 78-81. https://doi.org/10.1038/nature02663  """
"2025-06-14T19:34:13Z,""thread_uqUIXSKWr9Ke38cRgAYoSHs9"",""run_wUJAiRXRDGWdo44Oi9oefbEp"",""assistant"",""1. Cain, N., & Gradisar, M. (2010). Electronic media use and sleep in school-aged children and adolescents: A review. *Sleep Medicine*, 11(8), 735-742. https://doi.org/10.1016/j.sleep.2010.02.006  "
2. Chang, A. M., Aeschbach, D., Duffy, J. F., & Czeisler, C. A. (2015). Evening use of light-emitting eReaders negatively affects sleep, circadian timing, and next-morning alertness. *Proceedings of the National Academy of Sciences*, 112(4), 1232-1237. https://doi.org/10.1073/pnas.1418490112  
3. van der Lely, S., Frey, S., Garbazza, C., Wirz-Justice, A., Jenni, O. G., Steiner, R., & Schmidt, C. (2015). Blue blocker glasses as a countermeasure for alerting effects of evening light-emitting diode screen exposure in male adolescents. *Journal of Adolescent Health*, 56(1), 113-119. https://doi.org/10.1016/j.jadohealth.2014.08.002  
4. Hale, L., & Guan, S. (2015). Screen time and sleep among school-aged children and adolescents: A systematic literature review. *Sleep Medicine Reviews*, 21, 50-58. https://doi.org/10.1016/j.smrv.2014.07.007  
"5. Touitou, Y., Touitou, D., & Reinberg, A. (2017). Disruption of adolescents’ circadian clock due to digital screen exposure: A clinical review. *Chronobiology International*, 34(10), 1298-1306. https://doi.org/10.1080/07420528.2017.1374358  """
"2025-06-14T19:34:21Z,""thread_DfQ0y7tbI0OKYHqjrhOP9Q18"",""run_qbvxF7IwVg3jkSXxVXripoqw"",""assistant"",""1. Chang, A. M., Aeschbach, D., Duffy, J. F., & Czeisler, C. A. (2015). Evening use of light-emitting eReaders negatively affects sleep, circadian timing, and next-morning alertness. *Proceedings of the National Academy of Sciences, 112*(4), 1232-1237. https://doi.org/10.1073/pnas.1418490112  "
2. Hale, L., & Guan, S. (2015). Screen time and sleep among school-aged children and adolescents: A systematic literature review. *Sleep Medicine Reviews, 21,* 50-58. https://doi.org/10.1016/j.smrv.2014.07.007  
3. Touitou, Y., Touitou, D., & Reinberg, A. (2017). Disruption of the circadian system by environmental factors: Effects of electric lighting and screen time on sleep and circadian rhythms. *Sleep Medicine Reviews, 33,* 58-64. https://doi.org/10.1016/j.smrv.2016.06.002  
4. Leung, M., & Zhang, J. Q. (2021). The impact of screen time on sleep outcomes: A meta-analysis. *Sleep Medicine, 84,* 266-279. https://doi.org/10.1016/j.sleep.2021.04.021  
"5. Falbe, J., Davison, K. K., Franckle, R. L., et al. (2015). Sleep duration and screen time in relation to children's health-related behaviors and academic performance. *Journal of School Health, 85*(8), 507-515. https://doi.org/10.1111/josh.12285  """
"2025-06-14T19:34:30Z,""thread_vdxavqkFuiQn7iREDEv6wxHA"",""run_xut6V1s3uYW4Lb3w5cndgnPe"",""assistant"",""1. Cain, N., & Gradisar, M. (2010). Electronic media use and sleep in school-aged children and adolescents: A review. Sleep Medicine, 11(8), 735-742. https://doi.org/10.1016/j.sleep.2010.02.006  "
2. Chang, A. M., Aeschbach, D., Duffy, J. F., & Czeisler, C. A. (2015). Evening use of light-emitting eReaders negatively affects sleep, circadian timing, and next-morning alertness. Proceedings of the National Academy of Sciences, 112(4), 1232-1237. https://doi.org/10.1073/pnas.1418490112  
3. van den Bulck, J. (2004). Television viewing, computer game playing, and internet use and self-reported time to bed and time out of bed in secondary-school children. Sleep, 27(1), 101-104. https://doi.org/10.1093/sleep/27.1.101  
4. Falbe, J., Davison, K. K., Franckle, R. L., Ganter, C., Gortmaker, S. L., Smith, L., & Taveras, E. M. (2015). Sleep duration, restfulness, and screens in the sleep environment. Pediatrics, 135(2), e367-e375. https://doi.org/10.1542/peds.2014-2306  
"5. Touitou, Y., Touitou, D., & Reinberg, A. (2016). Disruption of the circadian system by environmental factors: Effects of electric lighting and screen time on sleep and circadian rhythms. Sleep Medicine Reviews, 28, 54-68. https://doi.org/10.1016/j.smrv.2015.05.005  """
"2025-06-14T19:34:40Z,""thread_O1WpcVNpUfrDy9XawDreHFKP"",""run_3QDs4CPzwQc9RT46zzzCp8VG"",""assistant"",""1. Chang, A. M., Aeschbach, D., Duffy, J. F., & Czeisler, C. A. (2015). Evening use of light-emitting eReaders negatively affects sleep, circadian timing, and next-morning alertness. *Proceedings of the National Academy of Sciences*, 112(4), 1232–1237. https://doi.org/10.1073/pnas.1418490112  "
2. Hale, L., & Guan, S. (2015). Screen time and sleep among school-aged children and adolescents: A systematic literature review. *Sleep Medicine Reviews*, 21, 50-58. https://doi.org/10.1016/j.smrv.2014.07.007  
3. Touitou, Y., Touitou, D., & Reinberg, A. (2017). Disruption of the circadian system by environmental factors: Effects of electric lighting and screen time. *Chronobiology International*, 34(7), 1083-1092. https://doi.org/10.1080/07420528.2017.1366602  
4. van der Lely, S., Frey, S., Garbazza, C., Wirz-Justice, A., Jenni, O. G., Steiner, R., & Schmidt, C. (2015). Blue blocker glasses as a countermeasure for alerting effects of evening light-emitting diode screen exposure in male adolescents. *Journal of Adolescent Health*, 56(1), 113-119. https://doi.org/10.1016/j.jadohealth.2014.08.002  
"5. Cajochen, C., Frey, S., Anders, D., Späti, J., Bues, M., Pross, A., ... & Stefani, O. (2011). Evening exposure to a light-emitting diodes (LED)-backlit computer screen affects circadian physiology and cognitive performance. *Journal of Applied Physiology*, 110(5), 1432-1438. https://doi.org/10.1152/japplphysiol.00165.2011  """
"2025-06-14T19:34:48Z,""thread_NDVSGvVKOdweNC33wVBNgvMu"",""run_pNfa5vFvFg8lM7PMafXKvsxv"",""assistant"",""1. Cain, N., & Gradisar, M. (2010). Electronic media use and sleep in school-aged children and adolescents: A review. *Sleep Medicine*, 11(8), 735-742. https://doi.org/10.1016/j.sleep.2010.02.006  "
2. Cajochen, C., Frey, S., Anders, D., Späti, J., Bues, M., Pross, A., ... & Stefani, O. (2011). Evening exposure to a light-emitting diode (LED)-backlit computer screen affects circadian physiology and cognitive performance. *Journal of Applied Physiology*, 110(5), 1432-1438. https://doi.org/10.1152/japplphysiol.00165.2011  
3. Chang, A. M., Aeschbach, D., Duffy, J. F., & Czeisler, C. A. (2015). Evening use of light-emitting eReaders negatively affects sleep, circadian timing, and next-morning alertness. *Proceedings of the National Academy of Sciences*, 112(4), 1232-1237. https://doi.org/10.1073/pnas.1418490112  
4. Falbe, J., Davison, K. K., Franckle, R. L., Ganter, C., Gortmaker, S. L., Smith, L., & Taveras, E. M. (2015). Sleep duration and obesity in children and adolescents: A meta-analytic review. *Obesity*, 23(4), 705-712. https://doi.org/10.1002/oby.21090  
"5. Wood, B., Rea, M. S., Plitnick, B., & Figueiro, M. G. (2013). Light level and duration of exposure determine the impact of self-luminous tablets on melatonin suppression. *Applied Ergonomics*, 44(2), 237-240. https://doi.org/10.1016/j.apergo.2012.07.008  """
"2025-06-14T19:34:57Z,""thread_zZygOg0d4ctnatlONtWNYWf0"",""run_0Wk5Vdj2lr5rI5eq78uucPxR"",""assistant"",""1. Chang, A. M., Aeschbach, D., Duffy, J. F., & Czeisler, C. A. (2015). Evening use of light-emitting eReaders negatively affects sleep, circadian timing, and next-morning alertness. *Proceedings of the National Academy of Sciences*, *112*(4), 1232-1237. https://doi.org/10.1073/pnas.1418490112  "
2. Wahl, S., Engelhardt, M., Schaupp, P., Lappe, C., & Ivanov, I. V. (2019). The impact of blue light on circadian rhythmicity and sleep. *Frontiers in Neurology*, *10*, 365. https://doi.org/10.3389/fneur.2019.00365  
3. Falbe, J., Davison, K. K., Franckle, R. L., Ganter, C., Gortmaker, S. L., Smith, L., & Taveras, E. M. (2015). Sleep duration and obesity in children and adolescents: A meta-analysis. *Sleep*, *38*(4), 599-603. https://doi.org/10.5665/sleep.4576  
4. Rybakova, M., Daugelavičius, R., & Bukelskienė, V. (2020). Effects of screen time on sleep and circadian rhythms in children and adolescents: A review. *International Journal of Environmental Research and Public Health*, *17*(22), 8297. https://doi.org/10.3390/ijerph17228297  
"5. Hale, L., & Guan, S. (2015). Screen time and sleep among school-aged children and adolescents: A systematic literature review. *Sleep Medicine Reviews*, *21*, 50-58. https://doi.org/10.1016/j.smrv.2014.07.007  """
"2025-06-14T19:35:06Z,""thread_9hNFPrgxMhryoPw5sLNydJYJ"",""run_2XNmvdF2fB5X8rsWEP7umr4e"",""assistant"",""1. Chang, A.-M., Aeschbach, D., Duffy, J. F., & Czeisler, C. A. (2015). Evening use of light-emitting eReaders negatively affects sleep, circadian timing, and next-morning alertness. *Proceedings of the National Academy of Sciences*, *112*(4), 1232–1237. https://doi.org/10.1073/pnas.1418490112  "
2. Hale, L., & Guan, S. (2015). Screen time and sleep among school-aged children and adolescents: A systematic literature review. *Sleep Medicine Reviews*, *21*, 50–58. https://doi.org/10.1016/j.smrv.2014.07.007  
3. Cain, N., & Gradisar, M. (2010). Electronic media use and sleep in school-aged children and adolescents: A review. *Sleep Medicine*, *11*(8), 735–742. https://doi.org/10.1016/j.sleep.2010.02.006  
4. Cajochen, C., Frey, S., Anders, D., Späti, J., Bues, M., Pross, A., & Wirz-Justice, A. (2011). Evening exposure to a light-emitting diodes (LED)-backlit computer screen affects circadian physiology and cognitive performance. *Journal of Applied Physiology*, *110*(5), 1432–1438. https://doi.org/10.1152/japplphysiol.00165.2011  
"5. Falbe, J., Davison, K. K., Franckle, R. L., Ganter, C., Gortmaker, S. L., Smith, L., & Taveras, E. M. (2015). Sleep duration, restfulness, and screens in the sleep environment. *Pediatrics*, *135*(2), e367–e375. https://doi.org/10.1542/peds.2014-2306  """
"2025-06-14T19:35:16Z,""thread_7gL6rWRBWoY36XWHeRLp0ty2"",""run_d6U35ajb6iAqr2Qloom4BscC"",""assistant"",""1. Gradisar, M., Wolfson, A. R., Dohnt, H., et al. (2013). The impact of media use on adolescent sleep. Sleep Medicine Clinics, 8(4), 401-418. https://doi.org/10.1016/j.jsmc.2013.07.006  "
2. Cajochen, C., Frey, S., Anders, D., et al. (2011). Evening exposure to a light-emitting diodes (LED)-backlit computer screen affects circadian physiology and cognitive performance. Journal of Applied Physiology, 110(5), 1432-1438. https://doi.org/10.1152/japplphysiol.00165.2011  
3. Chang, A. M., Aeschbach, D., Duffy, J. F., & Czeisler, C. A. (2015). Evening use of light-emitting eReaders negatively affects sleep, circadian timing, and next-morning alertness. Proceedings of the National Academy of Sciences, 112(4), 1232-1237. https://doi.org/10.1073/pnas.1418490112  
4. Van den Bulck, J. (2007). Adolescent use of mobile phones for calling and text messaging after lights out: Results from a prospective cohort study with a one-year follow-up. Sleep, 30(9), 1220-1223. https://doi.org/10.1093/sleep/30.9.1220  
"5. Touitou, Y., Touitou, D., & Reinberg, A. (2017). Disruption of adolescents' circadian clock by blue light and its consequence on sleep. Frontiers in Endocrinology, 8, 88. https://doi.org/10.3389/fendo.2017.00088  """
"2025-06-14T19:35:25Z,""thread_DqO2yHQqkhGKce3Arvxb4b5O"",""run_VhUg5H3bbJ18czfRT7NvRyN9"",""assistant"",""1. Chang, A. M., Aeschbach, D., Duffy, J. F., & Czeisler, C. A. (2015). Evening use of light-emitting eReaders negatively affects sleep, circadian timing, and next-morning alertness. *Proceedings of the National Academy of Sciences, 112*(4), 1232-1237. https://doi.org/10.1073/pnas.1418490112  "
2. Falbe, J., Davison, K. K., Franckle, R. L., & Gortmaker, S. L. (2015). Sleep duration and screen time among children and adolescents: A meta-analysis. *Pediatrics, 135*(4), e1015-e1021. https://doi.org/10.1542/peds.2014-2101  
3. Hale, L., & Guan, S. (2015). Screen time and sleep among school-aged children and adolescents: A systematic literature review. *Sleep Medicine Reviews, 21*, 50-58. https://doi.org/10.1016/j.smrv.2014.07.007  
4. Cajochen, C., Frey, S., Anders, D., Späti, J., Bues, M., Pross, A., ... & Stefani, O. (2011). Evening exposure to a light-emitting diodes (LED)-backlit computer screen affects circadian physiology and cognitive performance. *Journal of Applied Physiology, 110*(5), 1432-1438. https://doi.org/10.1152/japplphysiol.00165.2011  
"5. Touitou, Y., Touitou, D., & Reinberg, A. (2017). Disruption of the circadian clock by environmental noise and light: Etiology and possible therapeutic approaches. *Chronobiology International, 34*(5), 552-573. https://doi.org/10.1080/07420528.2017.1295212  """
"2025-06-14T19:35:34Z,""thread_VGikwKQiLbrdmt2LQPUN9uII"",""run_qGwtTb7INQRL5YctbjBsf8i5"",""assistant"",""1. Chang, A. M., Aeschbach, D., Duffy, J. F., & Czeisler, C. A. (2015). Evening use of light-emitting eReaders negatively affects sleep, circadian timing, and next-morning alertness. *Proceedings of the National Academy of Sciences, 112*(4), 1232–1237. https://doi.org/10.1073/pnas.1418490112  "
2. Cain, N., & Gradisar, M. (2010). Electronic media use and sleep in school-aged children and adolescents: A review. *Sleep Medicine, 11*(8), 735–742. https://doi.org/10.1016/j.sleep.2010.02.006  
3. van der Lely, S., Frey, S., Garbazza, C., Wirz-Justice, A., Jenni, O. G., Steiner, R., & Schmidt, C. (2015). Blue blocker glasses as a countermeasure for alerting effects of evening light-emitting diode screen exposure in adolescents. *Journal of Adolescent Health, 56*(1), 113–119. https://doi.org/10.1016/j.jadohealth.2014.08.02  
4. Touitou, Y., Touitou, D., & Reinberg, A. (2017). Disruption of adolescents’ circadian clock: The vicious circle of media use, exposure to light at night, sleep loss, and risk behaviors. *Journal of Physiology and Pharmacology, 68*(2), 347–358.  
"5. Hale, L., & Guan, S. (2015). Screen time and sleep among school-aged children and adolescents: A systematic literature review. *Sleep Medicine Reviews, 21*, 50–58. https://doi.org/10.1016/j.smrv.2014.07.007  """
"2025-06-14T19:35:42Z,""thread_0cckDysed6LIFWyTMy1t4Nsp"",""run_VGFARG3gbmTfcj8enP9q5Wts"",""assistant"",""1. Cain, N., & Gradisar, M. (2010). Electronic media use and sleep in school-aged children and adolescents: A review. Sleep Medicine, 11(8), 735-742. https://doi.org/10.1016/j.sleep.2010.02.006  "
2. Chang, A. M., Aeschbach, D., Duffy, J. F., & Czeisler, C. A. (2015). Evening use of light-emitting eReaders negatively affects sleep, circadian timing, and next-morning alertness. Proceedings of the National Academy of Sciences, 112(4), 1232-1237. https://doi.org/10.1073/pnas.1418490112  
3. Hale, L., & Guan, S. (2015). Screen time and sleep among school-aged children and adolescents: A systematic literature review. Sleep Medicine Reviews, 21, 50-58. https://doi.org/10.1016/j.smrv.2014.07.007  
4. Touitou, Y., Touitou, D., & Reinberg, A. (2017). Disruption of adolescents' circadian clock: The vicious circle of media use, exposure to light at night, sleep loss, and risk behaviors. Journal of Physiology-Paris, 110(4), 467-479. https://doi.org/10.1016/j.jphysparis.2017.05.001  
"5. van den Bulck, J. (2004). Television viewing, computer game playing, and internet use and self-reported bedtime and rise time in adolescents. Sleep, 27(1), 101-104. https://doi.org/10.1093/sleep/27.1.101  """
"2025-06-14T19:35:51Z,""thread_wx0CRbhDfQOKbsOlNwmyHpV4"",""run_YqXQmuQCHDrb564xU0MXkgUo"",""assistant"",""1. Cain, N., & Gradisar, M. (2010). Electronic media use and sleep in school-aged children and adolescents: A review. Sleep Medicine, 11(8), 735-742. https://doi.org/10.1016/j.sleep.2010.02.006  "
2. Cajochen, C., Frey, S., Anders, D., Späti, J., Bues, M., Pross, A., & Stefani, O. (2011). Evening exposure to a light-emitting diodes (LED)-backlit computer screen affects circadian physiology and cognitive performance. Journal of Applied Physiology, 110(5), 1432-1438. https://doi.org/10.1152/japplphysiol.00165.2011  
3. van der Lely, S., Frey, S., Garbazza, C., Wirz-Justice, A., Jenni, O. G., Steiner, R., ... & Schmidt, C. (2015). Blue blocker glasses as a countermeasure for alerting effects of evening light-emitting diode screen exposure in teenagers. Journal of Adolescent Health, 56(1), 113-119. https://doi.org/10.1016/j.jadohealth.2014.08.002  
4. Chang, A. M., Aeschbach, D., Duffy, J. F., & Czeisler, C. A. (2015). Evening use of light-emitting eReaders negatively affects sleep, circadian timing, and next-morning alertness. Proceedings of the National Academy of Sciences, 112(4), 1232-1237. https://doi.org/10.1073/pnas.1418490112  
"5. Figueiro, M. G., Wood, B., Plitnick, B., & Rea, M. S. (2011). The impact of light from computer screens on melatonin levels in college students. Neuroendocrinology Letters, 32(2), 158-163. """
"2025-06-14T19:35:59Z,""thread_BC4wCDANvdxLiXcC96PWj4kW"",""run_tJm9415ebU2UQvI7YHKkSpb3"",""assistant"",""1. Chang, A.-M., Aeschbach, D., Duffy, J. F., & Czeisler, C. A. (2015). Evening use of light-emitting eReaders negatively affects sleep, circadian timing, and next-morning alertness. *Proceedings of the National Academy of Sciences, 112*(4), 1232-1237. https://doi.org/10.1073/pnas.1418490112  "
2. Cain, N., & Gradisar, M. (2010). Electronic media use and sleep in school-aged children and adolescents: A review. *Sleep Medicine, 11*(8), 735-742. https://doi.org/10.1016/j.sleep.2010.02.006  
3. Hale, L., & Guan, S. (2015). Screen time and sleep among school-aged children and adolescents: A systematic literature review. *Sleep Medicine Reviews, 21,* 50-58. https://doi.org/10.1016/j.smrv.2014.07.007  
4. Wood, B., Rea, M. S., Plitnick, B., & Figueiro, M. G. (2013). Light level and duration of exposure determine the impact of self-luminous tablets on melatonin suppression. *Applied Ergonomics, 44*(2), 237-240. https://doi.org/10.1016/j.apergo.2012.07.008  
"5. van der Lely, S., Frey, S., Garbazza, C., Wirz-Justice, A., Jenni, O. G., Steiner, R., Wolf, S., & Schmidt, C. (2015). Blue blocker glasses as a countermeasure for alerting effects of evening light-emitting diode screen exposure in male adolescents. *Journal of Adolescent Health, 56*(1), 113-119. https://doi.org/10.1016/j.jadohealth.2014.08.002  """
"2025-06-14T19:36:09Z,""thread_zkJzCRTRbxb9Q696rVG3ouJw"",""run_7MUYRDywDmWLTqLk8gdfjGlt"",""assistant"",""1. Chang, A. M., Aeschbach, D., Duffy, J. F., & Czeisler, C. A. (2015). Evening use of light-emitting eReaders negatively affects sleep, circadian timing, and next-morning alertness. *Proceedings of the National Academy of Sciences, 112*(4), 1232–1237. https://doi.org/10.1073/pnas.1418490112  "
2. Cain, N., & Gradisar, M. (2010). Electronic media use and sleep in school-aged children and adolescents: A review. *Sleep Medicine, 11*(8), 735–742. https://doi.org/10.1016/j.sleep.2010.02.006  
3. van den Bulck, J. (2004). Television viewing, computer game playing, and Internet use and self-reported time to bed and time out of bed in secondary-school children. *Sleep, 27*(1), 101–104. https://doi.org/10.1093/sleep/27.1.101  
4. Touitou, Y., Touitou, D., & Reinberg, A. (2016). Disruption of adolescents' circadian clock by blue light and its consequences: A theoretical review. *Chronobiology International, 33*(6), 1019–1028. https://doi.org/10.1080/07420528.2016.1193222  
"5. Higuchi, S., Motohashi, Y., Liu, Y., & Maeda, A. (2005). Effects of VDT tasks with a bright display on melatonin levels in saliva. *American Journal of Industrial Medicine, 48*(2), 142–147. https://doi.org/10.1002/ajim.20195  """
"2025-06-14T19:36:16Z,""thread_BCa4bovMtmrakORHASvibnvV"",""run_i3L5i4mIw7EP7C5eGo8k4nRj"",""assistant"",""1. Cain, N., & Gradisar, M. (2010). Electronic media use and sleep in school-aged children and adolescents: A review. *Sleep Medicine*, *11*(8), 735-742. https://doi.org/10.1016/j.sleep.2010.02.006  "
2. Wahlstrom, K. L. (2002). Changing times: Findings from the first longitudinal study of later high school start times. *NASSP Bulletin*, *86*(633), 3-21. https://doi.org/10.1177/019263650208663302  
3. Chindamo, S., Buja, A., De Battisti, E., Tarullo, A., Rausa, G., & Baldo, V. (2020). Sleep and new media usage in children: A systematic review. *Sleep Medicine Reviews*, *53*, 101334. https://doi.org/10.1016/j.smrv.2020.101334  
4. Touitou, Y., Touitou, D., & Reinberg, A. (2017). Disruption of melatonin secretion due to evening exposure to light-emitting screens: A hazard for human health? *Chronobiology International*, *34*(5), 837-847. https://doi.org/10.1080/07420528.2017.1298670  
"5. Hale, L., & Guan, S. (2015). Screen time and sleep among school-aged children and adolescents: A systematic literature review. *Sleep Medicine Reviews*, *21*, 50-58. https://doi.org/10.1016/j.smrv.2014.07.007  """
"2025-06-14T19:36:24Z,""thread_7HWiyrMbqyiQqkWuiqGjg8Wz"",""run_bOusONzjaMakrGKye0Go9lpG"",""assistant"",""1. Chang, A.-M., Aeschbach, D., Duffy, J. F., & Czeisler, C. A. (2015). Evening use of light-emitting eReaders negatively affects sleep, circadian timing, and next-morning alertness. *Proceedings of the National Academy of Sciences, 112*(4), 1232–1237. https://doi.org/10.1073/pnas.1418490112  "
2. Leung, L., & Zhang, R. (2016). Effects of smartphone use on sleep quality among Chinese university students: A mediating and moderating model. *Computers in Human Behavior, 68*, 39–47. https://doi.org/10.1016/j.chb.2016.11.034  
3. Cain, N., & Gradisar, M. (2010). Electronic media use and sleep in school-aged children and adolescents: A review. *Sleep Medicine, 11*(8), 735–742. https://doi.org/10.1016/j.sleep.2010.02.006  
4. Vollmer, C., Randler, C., Horzum, M. B., & Ayas, T. (2014). Single parents and their children: Evaluation of the sleep quality and psychological problems of children. *Chronobiology International, 31*(4), 491–496. https://doi.org/10.3109/07420528.2013.877925  
"5. Falbe, J., Davidson, K. K., Franckle, R. L., & Gortmaker, S. L. (2015). Sleep duration and obesity in children: A systematic review and meta-analysis. *Public Health Nutrition, 18*(5), 765–773. https://doi.org/10.1017/S1368980014001854  """
"2025-06-14T19:36:33Z,""thread_03aAa2dRj2goXUDl0rR2JuCb"",""run_vrFo6qAspDer5buiOs84eEnr"",""assistant"",""1. Chang, A. M., Aeschbach, D., Duffy, J. F., & Czeisler, C. A. (2015). Evening use of light-emitting eReaders negatively affects sleep, circadian timing, and next-morning alertness. *Proceedings of the National Academy of Sciences, 112*(4), 1232-1237. https://doi.org/10.1073/pnas.1418490112  "
2. Leung, L., & Lee, P. S. N. (2012). Impact of Internet literacy, Internet addiction symptoms, and Internet activities on academic performance. *Social Science Computer Review, 30*(4), 403-418. https://doi.org/10.1177/0894439311435217  
3. Cain, N., & Gradisar, M. (2010). Electronic media use and sleep in school-aged children and adolescents: A review. *Sleep Medicine, 11*(8), 735-742. https://doi.org/10.1016/j.sleep.2010.02.006  
4. Holzman, D. C. (2010). What’s in a color? The unique human health effects of blue light. *Environmental Health Perspectives, 118*(1), A22-A27. https://doi.org/10.1289/ehp.118-a22  
"5. Vetter, C., Fischer, D., Matera, J. L., & Roenneberg, T. (2015). Aligning work and circadian time in shift workers improves sleep and reduces circadian disruption. *Current Biology, 25*(7), 907-911. https://doi.org/10.1016/j.cub.2015.01.064  """
